Date,Open,High,Low,Close,Adj Close,Volume,RSI_14_Day,Moving Average Convergence Divergence_MACD,True Strength Index TSI,SMA_20,SMA_50,Vol_Avg,Vol_Avg_Ind
2020-09-01,132.75999450683594,134.8000030517578,130.52999877929688,134.17999267578125,132.7637481689453,151948100,,0.0,,,,,
2020-09-02,137.58999633789062,137.97999572753906,127.0,131.39999389648438,130.01307678222656,200119000,0.0,-0.06237176748422257,,,,,
2020-09-03,126.91000366210938,128.83999633789062,120.5,120.87999725341797,119.60411071777344,257599600,0.0,-0.40569847816880156,,,,,
2020-09-04,120.06999969482422,123.69999694824219,110.88999938964844,120.95999908447266,119.68326568603516,332607200,0.6533103019541926,-0.5490191213179685,,,,,
2020-09-08,113.94999694824219,118.98999786376953,112.68000030517578,112.81999969482422,111.62918853759766,231366600,0.38074782536129703,-0.9392484899023543,,,,,
2020-09-09,117.26000213623047,119.13999938964844,115.26000213623047,117.31999969482422,116.0816879272461,176940500,20.201279969806976,-0.9637518778947651,,,,,
2020-09-10,120.36000061035156,120.5,112.5,113.48999786376953,112.29212188720703,182274400,17.085475146425424,-1.1363713856994195,,,,,
2020-09-11,114.56999969482422,115.2300033569336,110.0,112.0,110.8178482055664,180860300,16.04843539592548,-1.3047107363449442,,,,,
2020-09-14,114.72000122070312,115.93000030517578,112.80000305175781,115.36000061035156,114.14237976074219,140150100,26.833419185706987,-1.2347289799791668,,,,,
2020-09-15,118.33000183105469,118.83000183105469,113.61000061035156,115.54000091552734,114.32048034667969,184642000,27.371707688052084,-1.1578501968063648,,,,203850780.0,
2020-09-16,115.2300033569336,116.0,112.04000091552734,112.12999725341797,110.94647979736328,154679000,23.79950169548644,-1.26772836398888,,,,204123870.0,
2020-09-17,109.72000122070312,112.19999694824219,108.70999908447266,110.33999633789062,109.17536163330078,178011000,22.164298655366622,-1.4293648067019404,,,,201913070.0,
2020-09-18,110.4000015258789,110.87999725341797,106.08999633789062,106.83999633789062,105.7123031616211,287104900,19.362906857353167,-1.7279862544297373,,,,204863600.0,
2020-09-21,104.54000091552734,110.19000244140625,103.0999984741211,110.08000183105469,108.9181137084961,195713800,28.386456434223945,-1.7412871392496925,,,,191174260.0,
2020-09-22,112.68000030517578,112.86000061035156,109.16000366210938,111.80999755859375,110.62985229492188,183055400,32.715964413474396,-1.6264400870044682,,,,186343140.0,
2020-09-23,111.62000274658203,112.11000061035156,106.7699966430664,107.12000274658203,105.9893569946289,150718700,27.807771907096566,-1.803298907304523,,,,183720960.0,
2020-09-24,105.16999816894531,110.25,105.0,108.22000122070312,107.07774353027344,167743300,30.443519763646563,-1.8477267069348784,,,,182267850.0,
2020-09-25,108.43000030517578,112.44000244140625,107.66999816894531,112.27999877929688,111.09488677978516,149981400,39.258428371947055,-1.6030858368251444,,,,179179960.0,
2020-09-28,115.01000213623047,115.31999969482422,112.77999877929688,114.95999908447266,113.7466049194336,137672400,44.278360627033834,-1.223659501863068,,,,178932190.0,
2020-09-29,114.55000305175781,115.30999755859375,113.56999969482422,114.08999633789062,112.88578033447266,99382200,43.03498054461975,-0.9731620576555571,,113.87621955871582,,170406210.0,
2020-09-30,113.79000091552734,117.26000213623047,113.62000274658203,115.80999755859375,114.58761596679688,142675200,46.24860363241266,-0.6541631035438655,,112.9674129486084,,169205830.0,
2020-10-01,117.63999938964844,117.72000122070312,115.83000183105469,116.79000091552734,115.55729675292969,116120400,48.0469815667108,-0.33366113812940057,,112.24462394714355,,163016770.0,
2020-10-02,112.88999938964844,115.37000274658203,112.22000122070312,113.0199966430664,111.82706451416016,144712000,42.19797880585835,-0.33726753796695164,,111.85577163696288,,148777480.0,
2020-10-05,113.91000366210938,116.6500015258789,113.55000305175781,116.5,115.27034759521484,106243800,48.43776815113626,-0.09684825021247434,,111.63512573242187,,139830480.0,
2020-10-06,115.69999694824219,116.12000274658203,112.25,113.16000366210938,111.96560668945312,161498200,43.575687463429,-0.14089923173580132,,111.65194664001464,,137674760.0,
2020-10-07,114.62000274658203,115.55000305175781,114.12999725341797,115.08000183105469,113.86534118652344,96849000,46.876810326441266,-0.03872387837743929,,111.54112930297852,,132287790.0,
2020-10-08,116.25,116.4000015258789,114.58999633789062,114.97000122070312,113.75650024414062,83477200,46.70820644557449,0.033540556308949476,,111.61434822082519,,123861180.0,
2020-10-09,115.27999877929688,117.0,114.91999816894531,116.97000122070312,115.73538970947266,100506900,50.21437704503685,0.23250570660911762,,111.8602252960205,,118913730.0,
2020-10-12,120.05999755859375,125.18000030517578,119.27999877929688,124.4000015258789,123.08696746826172,240226800,60.58826929546859,0.9206441079762868,,112.30745468139648,,129169170.0,
2020-10-13,125.2699966430664,125.38999938964844,119.6500015258789,121.0999984741211,119.82179260253906,262330500,55.096963315234376,1.2074830278384212,,112.58252029418945,,145464000.0,
2020-10-14,121.0,123.02999877929688,119.62000274658203,121.19000244140625,119.91085052490234,150712000,55.21618087241248,1.4241053309105354,,113.0307388305664,,146267680.0,
2020-10-15,118.72000122070312,121.19999694824219,118.1500015258789,120.70999908447266,119.43590545654297,112559200,54.38685397889813,1.541554522562592,,113.54376602172852,,145911560.0,
2020-10-16,121.27999877929688,121.55000305175781,118.80999755859375,119.0199966430664,117.76374053955078,115393800,51.45645350772253,1.4903994224582675,,114.146337890625,,142979740.0,
2020-10-19,119.95999908447266,120.41999816894531,115.66000366210938,115.9800033569336,114.75584411621094,120639300,46.59321375384547,1.206843737510468,,114.43822441101074,,144419290.0,
2020-10-20,116.19999694824219,118.9800033569336,115.62999725341797,117.51000213623047,116.26969146728516,124423700,49.1957057130245,1.085692234101927,,114.7202163696289,,140711840.0,
2020-10-21,116.66999816894531,118.70999908447266,116.44999694824219,116.87000274658203,115.63644409179688,89946000,48.13897828824541,0.9302962384368954,2.5345248136865197,115.2025707244873,,140021540.0,35488309.09616215
2020-10-22,117.44999694824219,118.04000091552734,114.58999633789062,115.75,114.52826690673828,101988000,46.26604474173816,0.713421847154379,1.0853807811233682,115.57509689331054,,141872620.0,93965179.56992246
2020-10-23,116.38999938964844,116.55000305175781,114.27999877929688,115.04000091552734,113.82575988769531,82572600,45.06895590353385,0.481671561811595,-0.4497846081367362,115.71164054870606,,140079190.0,-183582538.18880707
2020-10-26,114.01000213623047,116.55000305175781,112.87999725341797,115.05000305175781,113.83564758300781,111850700,45.09051006229873,0.29552983757260165,-1.6802483508401114,115.71609268188476,,127241580.0,-66567957.019017756
2020-10-27,115.48999786376953,117.27999877929688,114.54000091552734,116.5999984741211,115.36929321289062,92276800,48.465216595000115,0.2648481266420788,-1.8031156266148742,115.84026832580567,,110236210.0,-51176307.629942864
2020-10-28,115.05000305175781,115.43000030517578,111.0999984741211,111.19999694824219,110.02628326416016,143937800,39.38378688698413,-0.1760513756545663,-4.828424822344539,115.61220169067383,,109558790.0,-29810508.664005272
2020-10-29,112.37000274658203,116.93000030517578,112.19999694824219,115.31999969482422,114.10279846191406,146129200,47.47120364609358,-0.20250755835887446,-4.823654864042528,115.53947677612305,,112915790.0,-30294290.142793197
2020-10-30,111.05999755859375,111.98999786376953,107.72000122070312,108.86000061035156,107.71099090576172,190272600,38.74285184207941,-0.7188341619245904,-8.02556379148168,115.33367309570312,,120403670.0,-23708315.695148423
2020-11-02,109.11000061035156,110.68000030517578,107.31999969482422,108.7699966430664,107.62193298339844,122866900,38.63626318394042,-1.121833957473001,-10.467443031571664,114.95125236511231,,120626430.0,-11738005.129754387
2020-11-03,109.66000366210938,111.48999786376953,108.7300033569336,110.44000244140625,109.27430725097656,107624400,41.833908573434165,-1.295194803068327,-11.412771761876881,114.81668739318847,,118946500.0,-9430171.937680166
2020-11-04,114.13999938964844,115.58999633789062,112.3499984741211,114.94999694824219,113.73670196533203,138235500,49.488951068413265,-1.0660150534792479,-9.652932861070887,114.81025543212891,,123775450.0,-14320569.923104623
2020-11-05,117.94999694824219,119.62000274658203,116.87000274658203,119.02999877929688,117.77365112304688,126387100,55.22932747739506,-0.5569677978492678,-6.164934575838395,115.01111297607422,,126215360.0,-20500963.707763612
2020-11-06,118.31999969482422,119.19999694824219,116.12999725341797,118.69000244140625,117.63983917236328,114457900,54.67173690805783,-0.17842916116688912,-3.6498901444803318,115.10633544921875,,129403890.0,-31359272.599777497
2020-11-09,120.5,121.98999786376953,116.05000305175781,116.31999969482422,115.29081726074219,154515300,50.82014011485222,-0.06494524567780502,-2.7737461137708292,114.71652793884277,,133670350.0,-55706360.15779427
2020-11-10,115.55000305175781,117.58999633789062,114.12999725341797,115.97000122070312,114.94390869140625,138023400,50.2570512574102,-0.0026882886533883266,-2.2448202338717143,114.47263374328614,114.44901977539062,138245010.0,-61485279.71968008
2020-11-11,117.19000244140625,119.62999725341797,116.44000244140625,119.48999786376953,118.43275451660156,112295000,55.58687874820072,0.32175894277638406,-0.1266183209783165,114.39872894287109,114.16239990234375,135080730.0,-886877974.1537611
2020-11-12,119.62000274658203,120.52999877929688,118.56999969482422,119.20999908447266,118.15524291992188,103162300,55.08130511076181,0.550252218228124,1.4241250765669358,114.33469581604004,113.92524322509766,130784040.0,72439072.73136991
2020-11-13,119.44000244140625,119.66999816894531,117.87000274658203,119.26000213623047,118.20479583740234,81581900,55.15973928282989,0.7268664011756272,2.705282054854084,114.35674858093262,113.89725692749023,119914970.0,30156522.81196251
2020-11-16,118.91999816894531,120.98999786376953,118.1500015258789,120.30000305175781,119.235595703125,91183000,56.84748192976628,0.9386611621026759,4.255248950127596,114.58073616027832,113.88830352783204,116746580.0,21428358.497630514
2020-11-17,119.55000305175781,120.66999816894531,118.95999908447266,119.38999938964844,118.33364868164062,74271000,54.9002983357369,1.0222282353198295,5.057003647623049,114.68393402099609,114.0223927307129,113411240.0,14686760.219148686
2020-11-18,118.61000061035156,119.81999969482422,118.0,118.02999877929688,116.98567199707031,76322100,52.03185906706644,0.968879818019218,4.985230972089516,114.75139541625977,114.04047241210938,107219900.0,15309641.70512851
2020-11-19,117.58999633789062,119.05999755859375,116.80999755859375,118.63999938964844,117.59028625488281,74113000,53.212655947398616,0.9641266045828161,5.231754062963645,114.904496383667,114.14643569946288,101992490.0,14165994.637373496
2020-11-20,118.63999938964844,118.7699966430664,117.29000091552734,117.33999633789062,116.30177307128906,73604300,50.36709433897465,0.8468029251046545,4.696164669897628,115.02829704284667,114.25611419677735,97907130.0,15673279.191379912
2020-11-23,117.18000030517578,117.62000274658203,113.75,113.8499984741211,112.84266662597656,127959300,43.62285982764428,0.4695848858291214,2.2519599321870762,114.97864799499511,114.23011993408203,95251530.0,56821304.04324178
2020-11-24,113.91000366210938,115.8499984741211,112.58999633789062,115.16999816894531,114.15098571777344,113874200,46.538667651260106,0.2730562527431317,0.9828515435818792,114.91773262023926,114.22673004150391,92836610.0,115861037.96001557
2020-11-25,115.55000305175781,116.75,115.16999816894531,116.02999877929688,115.00336456298828,76499200,48.41074888897289,0.18400456679155752,0.42807462934809193,115.16658668518066,114.3078677368164,89257030.0,178705288.17953873
2020-11-27,116.56999969482422,117.48999786376953,116.22000122070312,116.58999633789062,115.55841827392578,46691300,49.647210133894575,0.15646360032144457,0.29368243925677784,115.23936767578125,114.43552886962891,83609930.0,158985672.13675314
2020-11-30,116.97000122070312,120.97000122070312,116.80999755859375,119.05000305175781,117.99665069580078,169410200,54.77504754101043,0.3279131256801264,1.6219108464434182,115.7536506652832,114.6812158203125,92392760.0,104450993.9442655
2020-12-01,121.01000213623047,123.47000122070312,120.01000213623047,122.72000122070312,121.63418579101562,127728200,61.134115951919405,0.7492745227277879,4.80906727949655,116.45426330566406,114.93553726196289,96047280.0,26559869.633051082
2020-12-02,122.0199966430664,123.37000274658203,120.88999938964844,123.08000183105469,121.99100494384766,89004200,61.702972185187996,1.0993637527637645,7.5620241351374,117.09009819030761,115.16276031494141,97520600.0,11769891.025133949
2020-12-03,123.5199966430664,123.77999877929688,122.20999908447266,122.94000244140625,121.85224151611328,78967600,61.32705371907001,1.3499849096383372,9.711461133426095,117.49587516784668,115.4800180053711,97785150.0,8131381.9738411615
2020-12-04,122.5999984741211,122.86000061035156,121.5199966430664,122.25,121.1683349609375,78260400,59.406053363527306,1.4761802797811612,11.01456406079986,117.66560935974121,115.76182983398438,98199890.0,7105174.527834819
2020-12-07,122.30999755859375,124.56999969482422,122.25,123.75,122.65507507324219,86712000,62.17954826206324,1.6772734159080187,12.927436631631666,117.91637115478515,115.99303359985352,99510660.0,6707594.279582668
2020-12-08,124.37000274658203,124.9800033569336,123.08999633789062,124.37999725341797,123.27949523925781,82225500,63.31327178506788,1.8657123111034792,14.858354961650003,118.31580505371093,116.18369140625,94937280.0,5533957.171721045
2020-12-09,124.52999877929688,125.94999694824219,121.0,121.77999877929688,120.7024917602539,115089200,55.869782812934254,1.7855393384144094,14.497664380745034,118.60373420715332,116.34002563476562,95058780.0,7938464.912517555
2020-12-10,120.5,123.87000274658203,120.1500015258789,123.23999786376953,122.14957427978516,81312200,58.799013536229744,1.8183768834461205,15.026958031226728,118.7895751953125,116.4912648010254,95540080.0,5411088.513791641
2020-12-11,122.43000030517578,122.76000213623047,120.55000305175781,122.41000366210938,121.3269271850586,86939800,56.50288956616549,1.757399571796455,14.819255191542236,118.94815940856934,116.60665740966797,99564930.0,5866678.107386867
2020-12-14,122.5999984741211,123.3499984741211,121.54000091552734,121.77999877929688,120.7024917602539,79184500,54.75504435941313,1.6395020285475823,14.15700202159246,119.07304420471192,116.78416595458984,90542360.0,5593309.930960431
2020-12-15,124.33999633789062,127.9000015258789,124.12999725341797,127.87999725341797,126.74853515625,157243700,65.78971732715775,2.0135319799719014,17.14011296957305,119.44869117736816,117.01372970581055,93493910.0,9174017.713835223
2020-12-16,127.41000366210938,128.3699951171875,126.55999755859375,127.80999755859375,126.67913818359375,98208600,65.59202426087296,2.2780392914788905,19.406047960374636,119.86596565246582,117.30800033569336,94414350.0,5060721.286504749
2020-12-17,128.89999389648438,129.5800018310547,128.0399932861328,128.6999969482422,127.56127166748047,94359800,66.9517764971383,2.5301021315717236,21.68475398242668,120.39474563598633,117.5819189453125,95953570.0,4351435.117800698
2020-12-18,128.9600067138672,129.10000610351562,126.12000274658203,126.66000366210938,125.5393295288086,192541500,61.001153723170475,2.536405238796206,21.82791950182112,120.79219779968261,117.81757553100586,107381680.0,8820881.89778857
2020-12-21,125.0199966430664,128.30999755859375,123.44999694824219,128.22999572753906,127.09542846679688,121251600,63.676852339015284,2.637381723608513,22.766229115464263,121.33188056945801,118.04477630615234,110835640.0,5325941.304774019
2020-12-22,131.61000061035156,134.41000366210938,129.64999389648438,131.8800048828125,130.713134765625,168904800,69.00167178901175,2.9769759062875636,25.37010267579734,122.22540397644043,118.19729965209962,119503570.0,6657631.707621443
2020-12-23,132.16000366210938,132.42999267578125,130.77999877929688,130.9600067138672,129.80128479003906,88223700,66.36101404016993,3.1358506711852527,26.63219421908183,123.0079189300537,118.3968894958496,116817020.0,3312671.095526488
2020-12-24,131.32000732421875,133.4600067138672,131.10000610351562,131.97000122070312,130.80235290527344,54930100,67.81712372805117,3.3049979833262597,28.114967089658055,123.79786834716796,118.61471954345703,114178810.0,1953767.1811896146
2020-12-28,133.99000549316406,137.33999633789062,133.50999450683594,136.69000244140625,135.4805908203125,124486200,73.57403824151876,3.7757326246335623,31.461150597772146,124.79397697448731,118.93561325073242,117933450.0,3956822.8635864076
2020-12-29,138.0500030517578,138.7899932861328,134.33999633789062,134.8699951171875,133.67666625976562,121047300,68.48674078118783,3.956536163956585,32.49181517176336,125.57797775268554,119.25387176513672,122119730.0,3725470.533428208
2020-12-30,135.5800018310547,135.99000549316406,133.39999389648438,133.72000122070312,132.53684997558594,96452100,65.4091685816091,3.9614846933702808,32.32562093735304,126.12311096191407,119.60949188232422,116040570.0,2983766.3501321105
2020-12-31,134.0800018310547,134.74000549316406,131.72000122070312,132.69000244140625,131.51597595214844,99116600,62.69186117582134,3.8381516809534304,31.33782112870385,126.5993595123291,119.91441757202148,116131370.0,3162842.73858511
2021-01-04,133.52000427246094,133.61000061035156,126.76000213623047,129.41000366210938,128.26499938964844,143301900,54.873992693659225,3.4364486391125553,27.887363445317003,126.91999740600586,120.16698867797851,121025580.0,5138596.20616319
2021-01-05,128.88999938964844,131.74000549316406,128.42999267578125,131.00999450683594,129.850830078125,97664900,57.64843176743006,3.210047679034062,25.92242359429633,127.35412216186523,120.47343994140626,111537920.0,3767583.6769170403
2021-01-06,127.72000122070312,131.0500030517578,126.37999725341797,126.5999984741211,125.47984313964844,155088000,48.751475914909676,2.6446619736749284,21.063252833101284,127.49536056518555,120.7065216064453,114921560.0,7362965.313518736
2021-01-07,128.36000061035156,131.6300048828125,127.86000061035156,130.9199981689453,129.76162719726562,109578200,55.92704441336625,2.5158343109099803,19.414759509425743,127.81946716308593,121.02504119873046,108988900.0,5644066.82178064
2021-01-08,132.42999267578125,132.6300048828125,130.22999572753906,132.0500030517578,130.8816375732422,105158200,57.599398578384395,2.476288102280762,18.698408550570093,128.32842445373535,121.3352880859375,110682350.0,5623911.773860233
2021-01-11,129.19000244140625,130.1699981689453,128.5,128.97999572753906,127.83879852294922,100384500,51.84372622084856,2.172387127479965,16.114590785145072,128.61288566589354,121.69153839111328,115227790.0,6229416.641006952
2021-01-12,128.5,129.69000244140625,126.86000061035156,128.8000030517578,127.66038513183594,91951100,51.51868161693759,1.8951836480754594,14.01382790904303,128.92955856323243,121.96269012451172,111974280.0,6561454.9141612165
2021-01-13,128.75999450683594,131.4499969482422,128.49000549316406,130.88999938964844,129.73190307617188,88636800,55.04333349118831,1.823006119076041,13.367023700415745,129.38102912902832,122.40310836791993,108733230.0,6631004.9257444795
2021-01-14,130.8000030517578,131.0,128.75999450683594,128.91000366210938,127.7694091796875,90221800,51.24252701470919,1.58783746399277,11.627659890990655,129.43207283020018,122.8060578918457,108110200.0,7759239.678992131
2021-01-15,128.77999877929688,130.22000122070312,127.0,127.13999938964844,126.01506805419922,111598500,48.04845156075888,1.244383850426857,9.179237786809718,129.39886932373048,123.14087310791015,109358390.0,12157708.798040247
2021-01-19,127.77999877929688,128.7100067138672,126.94000244140625,127.83000183105469,126.698974609375,90757300,49.373267448109615,1.0161272549483726,7.582498820995699,129.3557544708252,123.40011856079101,104103930.0,11969312.77439779
2021-01-20,128.66000366210938,132.49000549316406,128.5500030517578,132.02999877929688,130.86181640625,104319500,56.624109801099614,1.1605784716895755,8.44362641578802,129.62187881469725,123.66188186645508,104769390.0,12354821.834009832
2021-01-21,133.8000030517578,139.6699981689453,133.58999633789062,136.8699951171875,135.65899658203125,120150900,63.170285502449765,1.646431179885326,11.474498764216982,130.050057220459,124.02226501464844,101275680.0,10471124.05246741
2021-01-22,136.27999877929688,139.85000610351562,135.02000427246094,139.07000732421875,137.8395233154297,114459400,65.70394454237673,2.1837381279773354,14.803946026638236,130.40637664794923,124.47323913574219,101763800.0,7731681.795788881
2021-01-25,143.07000732421875,145.08999633789062,136.5399932861328,142.9199981689453,141.65545654296875,157611700,69.64007755227406,2.8868072834929137,19.019089625732516,130.99908523559571,125.00747009277343,107009150.0,8287026.5139691
2021-01-26,143.60000610351562,144.3000030517578,141.3699951171875,143.16000366210938,141.89334106445312,98390600,69.87221168992451,3.423880201844895,22.352427279883663,131.5536346435547,125.47668182373047,106809760.0,4401785.934386992
2021-01-27,143.42999267578125,144.3000030517578,140.41000366210938,142.05999755859375,140.80307006835938,140843800,67.33116254697954,3.717922951507063,24.28137024556074,131.81975860595702,125.92963836669922,111699030.0,5800488.134550392
2021-01-28,139.52000427246094,141.99000549316406,136.6999969482422,137.08999633789062,135.8770294189453,142621100,57.20809481677763,3.5095910571188824,22.685821631177657,131.929776763916,126.28308303833008,117097460.0,6286794.5591175975
2021-01-29,135.8300018310547,136.74000549316406,130.2100067138672,131.9600067138672,130.7924346923828,177523800,49.01626503119962,2.897268415872105,18.39899457784094,131.84255599975586,126.51421981811524,125827660.0,9648559.830209581
2021-02-01,133.75,135.3800048828125,130.92999267578125,134.13999938964844,132.953125,106239800,52.15180421571543,2.5583639870784793,16.011613031644806,131.91441345214844,126.80660934448242,125291790.0,6635171.596392648
2021-02-02,135.72999572753906,136.30999755859375,134.61000061035156,134.99000549316406,133.79562377929688,83305400,53.35635403825167,2.33147380299053,14.5146841441746,132.19094467163086,127.14280838012695,124546600.0,5739387.724357353
2021-02-03,135.75999450683594,135.77000427246094,133.61000061035156,133.94000244140625,132.75491333007812,89880900,51.627364530484115,2.043400548164385,12.77075978337974,132.3361488342285,127.44610092163086,123102740.0,7038022.915204604
2021-02-04,136.3000030517578,137.39999389648438,134.58999633789062,137.38999938964844,136.17437744140625,84183100,56.603310396916115,2.0695659788248406,12.819736164773246,132.8708755493164,127.8435530090332,119505960.0,6566679.603853534
2021-02-05,137.35000610351562,137.4199981689453,135.86000061035156,136.75999450683594,135.7525177001953,75693800,55.48095673734392,2.016234109061969,12.52200535798919,133.1704200744629,128.30175003051758,115629400.0,6044862.451021588
2021-02-08,136.02999877929688,136.9600067138672,134.9199981689453,136.91000366210938,135.90138244628906,71297200,55.70616778213124,1.9634364308791987,12.345480116112345,133.42140731811523,128.7367579650879,106997950.0,5775166.2413637955
2021-02-09,136.6199951171875,137.8800048828125,135.85000610351562,136.00999450683594,135.00802612304688,76774200,53.94300329355625,1.8279122196913136,11.708367594527221,133.7798686981201,129.13685119628906,104836310.0,6557207.85841112
2021-02-10,136.47999572753906,136.99000549316406,134.39999389648438,135.38999938964844,134.39260864257812,73046600,52.70542998694378,1.651451028625928,10.83890859975161,134.11647987365723,129.5135350036621,98056590.0,6739294.766419007
2021-02-11,135.89999389648438,136.38999938964844,133.77000427246094,135.1300048828125,134.134521484375,64280000,52.164955449579836,1.4736407249542083,9.968391183916166,134.33661079406738,129.8362924194336,90222480.0,6448382.573881602
2021-02-12,134.35000610351562,135.52999877929688,133.69000244140625,135.3699951171875,134.3727569580078,60145100,52.6476534106397,1.336678667956221,9.351412629828214,134.6667781829834,130.09106384277345,78484610.0,6431659.29906195
2021-02-16,135.49000549316406,136.00999450683594,132.7899932861328,133.19000244140625,132.2088165283203,80576300,47.91755595997813,1.0402598572657666,7.538988658590648,134.97646560668946,130.2954200744629,75918260.0,10687945.512185328
2021-02-17,131.25,132.22000122070312,129.47000122070312,130.83999633789062,129.87612915039062,97918500,43.39174108879025,0.6087264450167993,4.639687404450578,135.13532333374025,130.45589782714845,77379570.0,21104546.807630308
2021-02-18,129.1999969482422,130.0,127.41000366210938,129.7100067138672,128.75445556640625,96856700,41.368435984912324,0.17356244972341983,1.5856160486405226,135.02995529174805,130.6076202392578,78077150.0,61084586.071794055
2021-02-19,130.24000549316406,130.7100067138672,128.8000030517578,129.8699951171875,128.91326904296875,87668800,41.78234770177848,-0.15659422691388158,-0.8552134141870669,134.69266891479492,130.73278411865235,78425720.0,-102511020.694565
2021-02-22,128.00999450683594,129.72000122070312,125.5999984741211,126.0,125.07177734375,103916400,35.29211178387747,-0.7221664411111703,-5.106678082338947,134.05428161621094,130.7686297607422,81247980.0,-20349119.001526035
2021-02-23,123.76000213623047,126.70999908447266,118.38999938964844,125.86000061035156,124.93281555175781,158273000,35.07982377856824,-1.1682151437550772,-8.64566349534351,133.2181495666504,130.85323623657226,89945560.0,-18306634.31271003
2021-02-24,124.94000244140625,125.55999755859375,122.2300033569336,125.3499984741211,124.42655944824219,111039900,34.27108876065958,-1.5450504624737391,-11.8472237813831,132.34481048583984,130.8987759399414,93372130.0,-9372651.521488918
2021-02-25,124.68000030517578,126.45999908447266,120.54000091552734,120.98999786376953,120.09868621826172,148199500,28.270640088639738,-2.1704631840356683,-16.79777071881252,131.30959129333496,130.87421112060548,100887420.0,-8822569.5231109
2021-02-26,122.58999633789062,124.8499984741211,121.19999694824219,121.26000213623047,120.36669921875,164560400,29.098543646449485,-2.614186279713934,-20.57472403623487,130.5340747833252,130.8674952697754,110915460.0,-7998182.610380917
2021-03-01,123.75,127.93000030517578,122.79000091552734,127.79000091552734,126.84859466552734,116307900,45.48618691206861,-2.411163752282505,-18.75973054216399,130.3368827819824,130.86949645996094,116531740.0,-6199870.50126273
2021-03-02,128.41000366210938,128.72000122070312,125.01000213623047,125.12000274658203,124.1982650756836,102260900,41.284436480641034,-2.4376008988875526,-18.670357680508584,129.8991397857666,130.81987899780273,118700200.0,-5477179.48150281
2021-03-03,124.80999755859375,125.70999908447266,121.83999633789062,122.05999755859375,121.16080474853516,112966300,37.0592731540817,-2.674623607588174,-20.047839382486153,129.26739883422852,130.69186965942382,120204980.0,-5634836.644725299
2021-03-04,121.75,123.5999984741211,118.62000274658203,120.12999725341797,119.24502563476562,178155000,34.650548527602666,-2.983796730402176,-21.973446625078942,128.5919044494629,130.56598358154298,128334810.0,-8107740.357703668
2021-03-05,120.9800033569336,121.94000244140625,117.56999969482422,121.41999816894531,120.52552032470703,153766600,37.571282440735224,-3.08912155705778,-22.566032533730716,127.80946159362793,130.43458541870118,134944590.0,-6814073.309969594
2021-03-08,120.93000030517578,121.0,116.20999908447266,116.36000061035156,115.50279235839844,154376600,31.60445677768783,-3.5400652758311963,-25.173223198469923,126.79697532653809,130.13037857055664,139990610.0,-6132571.851561039
2021-03-09,119.02999877929688,122.05999755859375,118.79000091552734,121.08999633789062,120.19795227050781,129525800,41.03200599183936,-3.4757198981513966,-23.969781740192392,126.01180381774903,129.93831192016603,137115890.0,-5403712.115693231
2021-03-10,121.69000244140625,122.16999816894531,119.44999694824219,119.9800033569336,119.09614562988281,111943300,39.65077334555518,-3.4742402933112544,-23.508253047122636,125.21620979309083,129.7041877746582,137206230.0,-4761872.342262439
2021-03-11,122.54000091552734,123.20999908447266,121.26000213623047,121.95999908447266,121.06153869628906,103026500,43.316257176245244,-3.275545648790839,-21.904634165910466,124.54965629577637,129.41580673217774,132688930.0,-4703411.123858763
2021-03-12,120.4000015258789,121.16999816894531,119.16000366210938,121.02999877929688,120.13838958740234,88105100,42.02512087608601,-3.156730503871202,-21.03318942465337,123.84984970092773,129.14504119873047,125043400.0,-4188860.672586844
2021-03-15,121.41000366210938,124.0,120.41999816894531,123.98999786376953,123.07658386230469,92403800,47.39922952672731,-2.791549432703846,-18.547932072395636,123.28504104614258,128.95583587646485,122652990.0,-4981892.301488529
2021-03-16,125.69999694824219,127.22000122070312,124.72000122070312,125.56999969482422,124.64495086669922,115227900,50.060339794169415,-2.3475899026149847,-15.666481319074663,122.90684776306152,128.81841537475586,123949690.0,-7355059.355906851
2021-03-17,124.05000305175781,125.86000061035156,122.33999633789062,124.76000213623047,123.8409194946289,111932600,48.700112355521256,-2.0376186870093846,-13.731619061993541,122.60508728027344,128.72993377685546,123846320.0,-8151449.548277066
2021-03-18,122.87999725341797,123.18000030517578,120.31999969482422,120.52999877929688,119.6420669555664,121229700,42.2446011705662,-2.1089709107116192,-14.031997533341098,122.14946784973145,128.5257585144043,118153790.0,-8639518.337424802
2021-03-19,119.9000015258789,121.43000030517578,119.68000030517578,119.98999786376953,119.1060562133789,185549500,41.48852228695888,-2.1839157080028997,-14.50136069291417,121.65910720825195,128.3982827758789,121332080.0,-12795316.517481387
2021-03-22,120.33000183105469,123.87000274658203,120.26000213623047,123.38999938964844,122.48101043701172,111912300,47.82083454465822,-1.946525611105514,-12.92740886451296,121.52956886291504,128.25267044067382,117085650.0,-8656978.453525249
2021-03-23,123.33000183105469,124.23999786376953,122.13999938964844,122.54000091552734,121.63726806640625,95467100,46.46692724983665,-1.8061583963088168,-12.053779446002059,121.36479148864746,128.06778305053712,113679780.0,-7920096.798491205
2021-03-24,122.81999969482422,122.9000015258789,120.06999969482422,120.08999633789062,119.20531463623047,88530500,42.71316340072714,-1.8710394907662078,-12.440855406138349,121.10372924804688,127.89511337280274,111338500.0,-7116110.356553041
2021-03-25,119.54000091552734,121.66000366210938,119.0,120.58999633789062,119.7016372680664,98844700,43.7125247611951,-1.8606644253281104,-12.465551443225838,121.08387680053711,127.73593841552734,110920320.0,-7929428.589676651
2021-03-26,120.3499984741211,121.4800033569336,118.91999816894531,121.20999908447266,120.31707000732422,94071200,44.99393036669784,-1.7818734624560904,-12.126496582051685,121.08139533996582,127.54764175415039,111516930.0,-7757491.9815863315
2021-03-29,121.6500015258789,122.58000183105469,120.7300033569336,121.38999938964844,120.49574279785156,80819200,45.38267960504196,-1.6854775713930792,-11.741353095702832,120.76375274658203,127.40216842651367,110358470.0,-6883295.250662266
2021-03-30,120.11000061035156,120.4000015258789,118.86000061035156,119.9000015258789,119.01671600341797,85671900,42.69292922236401,-1.7096046317151803,-12.130809558726344,120.50467529296876,127.26220138549805,107402870.0,-7062339.86983759
2021-03-31,121.6500015258789,123.5199966430664,121.1500015258789,122.1500015258789,121.2501449584961,118323800,47.73082357477941,-1.529539901713136,-11.07012290710907,120.5091423034668,127.15322479248047,108041990.0,-10688571.481353128
2021-04-01,123.66000366210938,124.18000030517578,122.48999786376953,123.0,122.09387969970703,75089100,49.53569172658466,-1.30322750347473,-9.673365762309679,120.65158500671387,126.9778660583496,103427930.0,-7762458.470511841
2021-04-05,123.87000274658203,126.16000366210938,123.06999969482422,125.9000015258789,124.97251892089844,88651200,55.21734150179877,-0.87972889884972,-6.740860998104839,120.87393493652344,126.76413650512696,93738100.0,-13151317.02388224
2021-04-06,126.5,127.12999725341797,125.6500015258789,126.20999908447266,125.28023529052734,80171300,55.7903381201854,-0.5131737138185599,-4.164305015735208,121.36280708312988,126.51295074462891,90564000.0,-19252023.974484432
2021-04-07,125.83000183105469,127.91999816894531,125.13999938964844,127.9000015258789,126.9577865600586,83466700,58.879325664618094,-0.085324698484186,-1.0303051190473405,121.70079879760742,126.2189973449707,89363960.0,-81011632.82307722
2021-04-08,128.9499969482422,130.38999938964844,128.52000427246094,130.36000061035156,129.399658203125,88844600,62.93863941208144,0.4470945779617921,2.9735739199423787,122.21597442626953,125.96912368774414,89395370.0,29878053.275945336
2021-04-09,129.8000030517578,133.0399932861328,129.47000122070312,133.0,132.0202178955078,106686700,66.73394897897539,1.069733661283621,7.690226665866781,122.76390838623047,125.79346664428711,90179570.0,13873024.116900347
2021-04-12,132.52000427246094,132.85000610351562,130.6300048828125,131.24000549316406,130.27317810058594,91420000,62.163552849338444,1.4049681291507312,10.321149585626642,123.27064781188965,125.68138961791992,89914450.0,8857540.45531058
2021-04-13,132.44000244140625,134.66000366210938,131.92999267578125,134.42999267578125,133.43966674804688,91266500,66.6251345565982,1.9060753723189237,14.079372887066164,123.78880195617675,125.7343342590332,90959180.0,6482284.454859549
2021-04-14,134.94000244140625,135.0,131.66000366210938,132.02999877929688,131.057373046875,87222800,60.81489125599886,2.085507720693485,15.415348973977103,124.10942306518555,125.6964192199707,91114270.0,5658178.750753045
2021-04-15,133.82000732421875,135.0,133.63999938964844,134.5,133.5091552734375,89347100,64.26854384508569,2.399358135167347,17.66287441919488,124.59283485412598,125.69068984985351,88216600.0,5058468.847114901
2021-04-16,134.3000030517578,134.6699981689453,133.27999877929688,134.16000366210938,133.1716766357422,84922400,63.439685398096124,2.590787109073233,19.19570916267463,125.26931533813476,125.69902511596679,89199930.0,4424030.353883907
2021-04-19,133.50999450683594,135.47000122070312,133.33999633789062,134.83999633789062,133.84664916992188,94264200,64.42779998897225,2.7654865682502248,20.74170346344093,126.00634498596192,125.6524705505371,89761230.0,4544670.121533118
2021-04-20,135.02000427246094,135.52999877929688,131.80999755859375,133.11000061035156,132.12940979003906,94812300,59.9858688578325,2.7328390804428295,20.755103586225353,126.48876495361328,125.58000839233398,91225330.0,4568143.907647109
2021-04-21,132.36000061035156,133.75,131.3000030517578,133.5,132.51651000976562,68847100,60.64459736608343,2.7072280119944026,20.950571953315116,127.03272705078125,125.51231094360351,89763370.0,3286168.041302852
2021-04-22,133.0399932861328,134.14999389648438,131.41000366210938,131.94000244140625,130.968017578125,84566500,56.62877141255155,2.5318669710620725,19.96710807490566,127.62086219787598,125.43151077270508,89335560.0,4235290.342635137
2021-04-23,132.16000366210938,135.1199951171875,132.16000366210938,134.32000732421875,133.3304901123047,78657500,60.88446766543956,2.555479907656661,20.334514004545294,128.30230484008788,125.4102684020996,86532640.0,3868177.0305608483
2021-04-26,134.8300018310547,135.05999755859375,133.55999755859375,134.72000122070312,133.7275390625,66905100,61.567015678584774,2.5767660164128188,20.828912369837372,128.97282829284669,125.40212875366211,84081150.0,3212126.433297889
2021-04-27,135.00999450683594,135.41000366210938,134.11000061035156,134.38999938964844,133.39996337890625,66015800,60.62707968705342,2.5377534451934878,20.982144351972806,129.6180393218994,125.38267288208007,81556080.0,3146284.712019579
2021-04-28,134.30999755859375,135.02000427246094,133.0800018310547,133.5800018310547,132.595947265625,107760100,58.27535151098572,2.4136527544307,20.475229551519874,130.29700088500977,125.39041549682617,83609810.0,5262949.542463175
2021-04-29,136.47000122070312,137.07000732421875,132.4499969482422,133.47999572753906,132.49667358398438,151101000,57.97633257446923,2.2809391718492122,19.97271386880929,130.85932731628418,125.44282638549805,89785200.0,7565371.485943596
2021-04-30,131.77999877929688,133.55999755859375,131.07000732421875,131.4600067138672,130.49156188964844,109839500,52.155066157562835,1.9898293451801692,17.90779491267916,131.27921142578126,125.47756851196289,92276910.0,6133613.911461032
2021-05-03,132.0399932861328,134.07000732421875,131.8300018310547,132.5399932861328,131.56358337402344,75135100,54.769924012067996,1.8252283070864337,16.819635149550376,131.6087646484375,125.53057479858398,90364000.0,4467106.410569704
2021-05-04,131.19000244140625,131.49000549316406,126.69999694824219,127.8499984741211,126.90814208984375,137564700,43.62072441498824,1.30133719361109,12.16309515923934,131.6901599884033,125.56730209350586,94639240.0,11310007.707660085
2021-05-05,129.1999969482422,130.4499969482422,127.97000122070312,128.10000610351562,127.15632629394531,84000900,44.27196412150473,0.8959947352516906,8.630171839649678,131.70008697509766,125.61177230834961,96154620.0,9733398.31010941
2021-05-06,127.88999938964844,129.75,127.12999725341797,129.74000549316406,128.7842254638672,78128300,48.476354841853336,0.6990339015567599,6.853121678031939,131.66931533813477,125.69892562866211,95510800.0,11400395.859079022
2021-05-07,130.85000610351562,131.25999450683594,129.47999572753906,130.2100067138672,129.47032165527344,78973300,49.64876465603489,0.5742465737386055,5.734673021665231,131.54182052612305,125.88635833740234,95542380.0,13771194.922821907
2021-05-10,129.41000366210938,129.5399932861328,126.80999755859375,126.8499984741211,126.12939453125,88071200,42.24758722537884,0.20190016965679547,2.3521149647083495,131.33463134765626,126.00161224365235,97658990.0,37443407.878203094
2021-05-11,123.5,126.2699966430664,122.7699966430664,125.91000366210938,125.19474029541016,126142800,40.43171882634403,-0.16711030747109135,-0.992054160367596,130.92238502502443,125.96853515625,103671690.0,-127153138.44685557
2021-05-12,123.4000015258789,124.63999938964844,122.25,122.7699966430664,122.07256317138672,112172300,35.01726636651853,-0.704801245039306,-5.775666293511051,130.47314453125,125.92602111816406,104112910.0,-19421534.122569606
2021-05-13,124.58000183105469,126.1500015258789,124.26000213623047,124.97000122070312,124.26007080078125,105861300,40.98079544637095,-0.9425384152051492,-7.879218129152532,130.01069030761718,125.98800643920899,99588940.0,-13435508.22743705
2021-05-14,126.25,127.88999938964844,125.8499984741211,127.44999694824219,126.72598266601562,81918000,46.8969175279738,-0.9202243535196288,-7.689125005076736,129.68840560913085,126.13762557983398,96796790.0,-10653747.981196005
2021-05-17,126.81999969482422,126.93000030517578,125.16999816894531,126.2699966430664,125.55268859863281,74244600,44.60578188246504,-0.9863859180658636,-8.272248190294622,129.2737075805664,126.2381689453125,96707740.0,-8975141.738023182
2021-05-18,126.55999755859375,126.98999786376953,124.77999877929688,124.8499984741211,124.14075469970703,63342900,41.949790575526926,-1.140257131885562,-9.594679353823327,128.8742748260498,126.41092819213867,89285560.0,-6601877.734950972
2021-05-19,123.16000366210938,124.91999816894531,122.86000061035156,124.69000244140625,123.9816665649414,92612000,41.64887485337027,-1.2605803199852232,-10.737663634321757,128.4475326538086,126.48660247802735,90146670.0,-8624967.511924658
2021-05-20,125.2300033569336,127.72000122070312,125.0999984741211,127.30999755859375,126.58678436279297,76857100,48.20140480960475,-1.1314827469985431,-9.70563519644657,128.22847099304198,126.63641525268555,90019550.0,-7918811.952476737
2021-05-21,127.81999969482422,128.0,125.20999908447266,125.43000030517578,124.71746063232422,79295400,44.35264571611423,-1.167414709848515,-10.024496862614397,127.79781951904297,126.70953369140625,90051760.0,-7910162.583393706
2021-05-24,126.01000213623047,127.94000244140625,125.94000244140625,127.0999984741211,126.37797546386719,63092900,48.30159571056683,-1.049043526891225,-9.05456711431228,127.43034133911132,126.83432540893554,87553930.0,-6968074.6968312785
2021-05-25,127.81999969482422,128.32000732421875,126.31999969482422,126.9000015258789,126.17911529541016,72009500,47.863535361892346,-0.9603018211299172,-8.405254600777289,127.06929893493653,126.89637603759766,82140600.0,-8567200.331247648
2021-05-26,126.95999908447266,127.38999938964844,126.41999816894531,126.8499984741211,126.12939453125,56575900,47.74694145681382,-0.8838200776557414,-7.910074277115966,126.74597129821777,126.92606491088867,76580960.0,-7152385.4287532335
2021-05-27,126.44000244140625,127.63999938964844,125.08000183105469,125.27999877929688,124.56832122802734,94625600,44.11340597252424,-0.9390685299105144,-8.50388797528915,126.34955368041992,126.94061294555664,75457390.0,-11127333.78837608
2021-05-28,125.56999969482422,125.80000305175781,124.55000305175781,124.61000061035156,123.90211486816406,71311100,42.622728038195454,-1.0250998369397593,-9.419133303119247,126.0200813293457,127.0258139038086,74396700.0,-7570877.033493577
2021-06-01,125.08000183105469,125.3499984741211,123.94000244140625,124.27999877929688,123.57398986816406,67637100,41.872200835613725,-1.1071461515195864,-10.387892130114336,125.62060165405273,127.1151725769043,73735950.0,-6511147.704732235
2021-06-02,124.27999877929688,125.23999786376953,124.05000305175781,125.05999755859375,124.34956359863281,59278900,44.36581459138111,-1.0965883036566026,-10.557482231776948,125.49267272949218,127.15254364013671,73329550.0,-5614870.922688038
2021-06-03,124.68000030517578,124.8499984741211,123.12999725341797,123.54000091552734,122.83820343017578,76229200,40.7015281980315,-1.197072995155807,-11.71753036254663,125.27676658630371,127.17656234741212,71691270.0,-6505568.805151594
2021-06-04,124.06999969482422,126.16000366210938,123.8499984741211,125.88999938964844,125.17485046386719,75169300,47.870170190418825,-1.0746942649828242,-10.674484479421064,125.0962978363037,127.29595306396484,71522490.0,-7041960.681559475
2021-06-07,126.16999816894531,126.31999969482422,124.83000183105469,125.9000015258789,125.1847915649414,71057600,47.899040336541205,-0.9657683741978218,-9.818322633236974,124.88202133178712,127.40561614990234,70698710.0,-7237244.349605695
2021-06-08,126.5999984741211,128.4600067138672,126.20999908447266,126.73999786376953,126.02001190185547,74403800,50.38418740049264,-0.8024134361147333,-8.390821283758335,124.87655220031738,127.51967498779297,71829800.0,-8867284.55818973
2021-06-09,127.20999908447266,127.75,126.5199966430664,127.12999725341797,126.40779876708984,56877900,51.53993131342175,-0.6341734324591641,-6.872438962639457,124.93720512390136,127.63791610717773,70316640.0,-8276232.107582843
2021-06-10,127.0199966430664,128.19000244140625,125.94000244140625,126.11000061035156,125.39359283447266,71186400,48.36666070726236,-0.5765016469082411,-6.396063725436138,125.10325660705567,127.76545364379882,71777690.0,-11129720.255428804
2021-06-11,126.52999877929688,127.44000244140625,126.0999984741211,127.3499984741211,126.62654876708984,53522400,52.21818625070063,-0.4258301973941059,-4.899458177149983,125.2215805053711,127.87298171997071,67667370.0,-10924146.724961739
2021-06-14,127.81999969482422,130.5399932861328,127.06999969482422,130.47999572753906,129.73876953125,96906500,60.27362515739909,-0.05324366960864779,-0.94729230345544,125.37221984863281,128.02587951660155,70226910.0,-102298413.74886502
2021-06-15,129.94000244140625,130.60000610351562,129.38999938964844,129.63999938964844,128.90354919433594,62746300,57.473285434935114,0.17226737691973426,1.490685684539906,125.53976287841797,128.1045001220703,69737830.0,42092240.26952831
2021-06-16,130.3699951171875,130.88999938964844,128.4600067138672,130.14999389648438,129.41064453125,91815000,58.72706601803904,0.38766997329756236,3.870958363321785,125.80325736999512,128.18710830688477,72991440.0,23718932.466432113
2021-06-17,129.8000030517578,132.5500030517578,129.64999389648438,131.7899932861328,131.04132080078125,96721700,62.55061988011699,0.6828409362953209,7.123911504520382,126.1562400817871,128.2687789916992,75040690.0,13577049.62205476
2021-06-18,130.7100067138672,131.50999450683594,130.24000549316406,130.4600067138672,129.71888732910156,108953300,57.86860154401856,0.80022279784869,8.501194650541741,126.31284523010254,128.27516357421874,78419090.0,12816234.009305611
2021-06-21,130.3000030517578,132.41000366210938,129.2100067138672,132.3000030517578,131.54843139648438,79663300,62.095717472223136,1.029849605727719,11.028113102359544,126.65439376831054,128.26572784423828,79279660.0,7223656.418880531
2021-06-22,132.1300048828125,134.0800018310547,131.6199951171875,133.97999572753906,133.2188720703125,74783600,65.49933579496735,1.3320369597794581,14.281936127903268,126.9964385986328,128.32464172363282,79317640.0,5236236.833036375
2021-06-23,133.77000427246094,134.32000732421875,133.22999572753906,133.6999969482422,132.94049072265625,60214200,64.46042285505679,1.53127744278558,16.583045945592445,127.33450736999512,128.314658203125,79651270.0,3631069.9613061217
2021-06-24,134.4499969482422,134.63999938964844,132.92999267578125,133.41000366210938,132.65213012695312,68711000,63.33986095019382,1.6467937159492863,18.14322854496079,127.66064414978027,128.34655334472657,79403730.0,3787142.945905524
2021-06-25,133.4600067138672,133.88999938964844,132.80999755859375,133.11000061035156,132.3538360595703,70783700,62.13645653796271,1.694599173621043,19.104570039718435,128.04991989135743,128.32344696044922,81129860.0,3705066.371702716
2021-06-28,133.41000366210938,135.25,133.35000610351562,134.77999877929688,134.0143585205078,62111300,66.00801663576709,1.8459611323591787,21.088908244274172,128.5555320739746,128.34030059814452,77650340.0,2945211.7331329267
2021-06-29,134.8000030517578,136.49000549316406,134.35000610351562,136.3300018310547,135.55552673339844,64556100,69.15997658811028,2.0671599212255956,23.779894424851737,129.15460891723632,128.37447814941407,77831320.0,2714734.5083472757
2021-06-30,136.1699981689453,137.41000366210938,135.8699951171875,136.9600067138672,136.18197631835938,63261400,70.36289456729692,2.2671632319752177,26.3776825339582,129.74622955322266,128.45552947998047,74975960.0,2398292.5686727143
2021-07-01,136.60000610351562,137.3300018310547,135.75999450683594,137.27000427246094,136.4901885986328,52485800,70.96306030809123,2.4227535117533705,28.698125464086026,130.4288288116455,128.53500305175783,70552370.0,1828892.9730160534
2021-07-02,137.89999389648438,140.0,137.75,139.9600067138672,139.1649169921875,78852600,75.5836306469026,2.7316320726549748,32.323909253522075,131.12833213806152,128.69894104003907,67542300.0,2439451.224217506
2021-07-06,140.07000732421875,143.14999389648438,140.07000732421875,142.02000427246094,141.2132110595703,108181800,78.41614703932535,3.1068315113508618,36.43600728476121,131.92975311279298,128.85659545898437,70394150.0,2969090.415272953
2021-07-07,143.5399932861328,144.88999938964844,142.66000366210938,144.57000732421875,143.74874877929688,104911600,81.30701745224754,3.5688047300666597,41.05098445962746,132.81618995666503,129.0570196533203,73406950.0,2555641.5121585634
2021-07-08,141.5800018310547,144.05999755859375,140.6699981689453,143.24000549316406,142.42628479003906,105575500,75.61819744228977,3.7839824141967995,42.92972280230391,133.6171142578125,129.23754608154297,77943080.0,2459263.491781365
2021-07-09,142.75,145.64999389648438,142.64999389648438,145.11000061035156,144.28565979003906,99890800,77.95380914545078,4.058620002221886,45.29099765454468,134.56171760559081,129.47134033203125,81061060.0,2205533.2223395295
2021-07-12,146.2100067138672,146.32000732421875,144.0,144.5,143.6791229248047,76299700,75.41592170636628,4.178878806670269,46.352326867436155,135.41434631347656,129.69498931884766,81612660.0,1646081.3330517553
2021-07-13,144.02999877929688,147.4600067138672,143.6300048828125,145.63999938964844,144.81265258789062,100827100,76.92768965066992,4.31641623427015,47.703313522410475,136.16804046630858,129.9814111328125,85484240.0,2113628.856256129
2021-07-14,148.10000610351562,149.57000732421875,147.67999267578125,149.14999389648438,148.30270385742188,127050800,80.83536335820027,4.654983097420654,50.27474418769962,137.13799819946288,130.31619354248048,91733710.0,2527129.715979433
2021-07-15,149.24000549316406,150.0,147.08999633789062,148.47999572753906,147.63650512695312,106820300,78.11568638943308,4.813746649817688,51.40957811625733,138.04929122924804,130.73076080322267,96089600.0,2077828.7609837446
2021-07-16,148.4600067138672,149.75999450683594,145.8800048828125,146.38999938964844,145.5583953857422,93251400,70.18325986920084,4.716553188579979,49.71508691582448,138.7751449584961,131.0988021850586,100166160.0,1875716.3224493482
2021-07-19,143.75,144.07000732421875,141.6699981689453,142.4499969482422,141.64076232910156,121434600,58.187376598167326,4.272352394128262,43.80618326035162,139.3712387084961,131.35593292236328,104424360.0,2772088.1154672247
2021-07-20,143.4600067138672,147.10000610351562,142.9600067138672,146.14999389648438,145.3197479248047,96350000,64.34978414502032,4.170800493276829,41.03522511220778,140.0598045349121,131.6729214477539,103241180.0,2347982.7327993955
2021-07-21,145.52999877929688,146.1300048828125,144.6300048828125,145.39999389648438,144.5740203857422,74993500,62.344008725552186,3.9838774901488136,38.216622821535424,140.6275619506836,132.04181396484375,100249370.0,1962326.7170991483
2021-07-22,145.94000244140625,148.1999969482422,145.80999755859375,146.8000030517578,145.966064453125,77338200,64.56439896432377,3.9037091690156274,36.71090546301512,141.27884063720703,132.45724044799806,97425640.0,2106681.8980511217
2021-07-23,147.5500030517578,148.72000122070312,146.9199981689453,148.55999755859375,147.71604919433594,71447400,67.18406052045418,3.9368109347124403,36.34901757181759,142.03203659057618,132.97011016845704,94581300.0,1965593.701640926
2021-07-26,148.27000427246094,149.8300018310547,147.6999969482422,148.99000549316406,148.1436309814453,72434100,67.81020341429141,3.9521840504208683,36.2610902573688,142.82152633666993,133.44778137207032,94194740.0,1997570.935840251
2021-07-27,149.1199951171875,149.2100067138672,145.5500030517578,146.77000427246094,145.93624877929688,104818600,61.3065563748779,3.742095269419309,34.09129559222738,143.41762084960936,133.83198669433594,94593890.0,3074644.074949678
2021-07-28,144.80999755859375,146.97000122070312,142.5399932861328,144.97999572753906,144.15640258789062,118931200,56.59337567978688,3.3920581354204273,30.751296595481474,143.847664642334,134.2040609741211,93781930.0,3867518.224173854
2021-07-29,144.69000244140625,146.5500030517578,144.5800018310547,145.63999938964844,144.81265258789062,56699500,57.879194448683876,3.131806448090998,28.44650150740586,144.27919845581056,134.61749893188477,88769850.0,1993197.6515719749
2021-07-30,144.3800048828125,146.3300018310547,144.11000061035156,145.86000061035156,145.0314178466797,70440600,58.322384538110285,2.9097654060200853,26.71579081727511,144.70625991821288,135.03849395751953,86488770.0,2636665.352030355
2021-08-02,146.36000061035156,146.9499969482422,145.25,145.52000427246094,144.69332885742188,62880000,57.31864025862807,2.6755196923281233,25.006847851610953,144.9826805114746,135.4006248474121,80633310.0,2514511.2400061744
2021-08-03,145.80999755859375,148.0399932861328,145.17999267578125,147.36000061035156,146.52288818359375,64786600,61.209459418500394,2.6082839275680954,24.60290176057682,145.24816436767577,135.8367333984375,77476970.0,2633291.008941584
2021-08-04,147.27000427246094,147.7899932861328,146.27999877929688,146.9499969482422,146.11520385742188,56368300,59.899135070553555,2.4931754563240247,23.90326163960688,145.36648712158203,136.2314779663086,75614450.0,2358184.454066288
2021-08-05,146.97999572753906,147.83999633789062,146.1699981689453,147.05999755859375,146.22457885742188,46397700,60.14564143309967,2.383353478011344,23.388875541250883,145.55640182495117,136.63238723754884,72520400.0,1983750.7757980297
2021-08-06,146.35000610351562,147.11000061035156,145.6300048828125,146.13999938964844,145.52752685546875,54126800,56.990261945805166,2.196759727700112,22.09749797257501,145.61849517822264,137.0203498840332,70788340.0,2449453.7828299045
2021-08-09,146.1999969482422,146.6999969482422,145.52000427246094,146.08999633789062,145.47772216796875,48908700,56.81579596209017,2.021544896680325,20.971614246415342,145.70842514038085,137.43853790283202,68435800.0,2332138.0712674474
2021-08-10,146.44000244140625,147.7100067138672,145.3000030517578,145.60000610351562,144.9897918701172,69023100,55.03773653341476,1.8221432313393393,19.54399975052603,145.7172821044922,137.8602914428711,64856250.0,3531677.2861779346
2021-08-11,146.0500030517578,146.72000122070312,145.52999877929688,145.86000061035156,145.2487030029297,48493500,55.827667145566444,1.6658919926424574,18.512061019315848,145.56458206176757,138.2937857055664,57812480.0,2619562.454412879
2021-08-12,146.19000244140625,149.0500030517578,145.83999633789062,148.88999938964844,148.26600646972656,72282600,63.80792954303656,1.7661977088638992,19.75483876419219,145.59605712890624,138.7721145629883,59370790.0,3658982.0277865357
2021-08-13,148.97000122070312,149.44000244140625,148.27000427246094,149.10000610351562,148.47512817382812,59375000,64.28947630151912,1.841409871395058,20.918688490221033,145.74189376831055,139.28485305786134,58264230.0,2838371.0588623346
2021-08-16,148.5399932861328,151.19000244140625,146.47000122070312,151.1199951171875,150.4866485595703,103296000,68.6150786402168,2.040490774867095,23.268251661303363,146.18418807983397,139.7910890197754,62305830.0,4439353.738458487
2021-08-17,150.22999572753906,151.67999267578125,149.08999633789062,150.19000244140625,149.56056213378906,92229700,64.72770922378643,2.099024936163886,24.149987340557118,146.3962287902832,140.27860443115233,65050140.0,3819037.1986287073
2021-08-18,149.8000030517578,150.72000122070312,146.14999389648438,146.36000061035156,145.74661254882812,86326000,51.72961619217472,1.8154373124696406,20.691624341309915,146.4548583984375,140.6731364440918,68045910.0,4172026.254490516
2021-08-19,145.02999877929688,148.0,144.5,146.6999969482422,146.08517456054688,86960300,52.63884180074364,1.5996867473193674,18.23774680202523,146.4608139038086,141.06668395996093,72102170.0,4768149.31931961
2021-08-20,147.44000244140625,148.5,146.77999877929688,148.19000244140625,147.5689239501953,60549600,56.50540008589342,1.531282192192748,17.367158654433766,146.45345764160157,141.51019058227538,72744450.0,3486442.4978660475
2021-08-23,148.30999755859375,150.19000244140625,147.88999938964844,149.7100067138672,149.08258056640625,60131800,60.0853442823979,1.5814922718486457,17.767809699371966,146.50040512084962,141.95931121826172,73866760.0,3384311.3482989105
2021-08-24,149.4499969482422,150.86000061035156,149.14999389648438,149.6199951171875,148.99293518066406,48606400,59.77160120858185,1.5956275371412119,17.99291822915674,146.65323944091796,142.34439453125,71825090.0,2701418.3792174105
2021-08-25,149.80999755859375,150.32000732421875,147.8000030517578,148.36000061035156,147.73822021484375,58991300,55.4099752501572,1.4880060037470457,16.878376458050294,146.83233032226562,142.72108795166017,72874870.0,3495081.422470795
2021-08-26,148.35000610351562,149.1199951171875,147.50999450683594,147.5399932861328,146.92164611816406,48597200,52.714015572702436,1.3213161157765398,15.144976919633136,146.9377799987793,143.07130798339844,70506330.0,3208799.8719232907
2021-08-27,147.47999572753906,148.75,146.8300018310547,148.60000610351562,147.9772186279297,55802400,55.71368275336698,1.2602203183668905,14.547656699407504,147.0850700378418,143.41002593994142,70149070.0,3835834.2620411655
2021-08-30,149.0,153.49000549316406,148.61000061035156,153.1199951171875,152.47825622558594,90956700,65.70428099541442,1.5585606783097887,17.420394921900826,147.47431640625,143.86521331787108,68915140.0,5221276.578847804
2021-08-31,152.66000366210938,152.8000030517578,151.2899932861328,151.8300018310547,151.1936798095703,86453100,61.444019101366116,1.6716363033203834,18.31734642836048,147.70785598754884,144.2581182861328,68337480.0,4719739.310391921
2021-09-01,152.8300018310547,154.97999572753906,152.33999633789062,152.50999450683594,151.87081909179688,80313700,62.81281107204561,1.7954227606417703,19.4762080207627,147.9956367492676,144.6311572265625,67736250.0,4123682.5933662863
2021-09-02,153.8699951171875,154.72000122070312,152.39999389648438,153.64999389648438,153.00604248046875,71115500,65.0527867846835,1.9628859159982426,21.149031173006726,148.33470993041993,145.03246826171875,66151770.0,3362589.0197167653
2021-09-03,153.75999450683594,154.6300048828125,153.08999633789062,154.3000030517578,153.6533203125,57808700,66.29927656225053,2.1235727546044245,22.89692617024644,148.7409996032715,145.45249206542968,65877680.0,2524736.2711559027
2021-09-07,154.97000122070312,157.25999450683594,154.38999938964844,156.69000244140625,156.0333251953125,82278300,70.4699261654367,2.4159219635241698,25.803418152341045,149.26877975463867,145.92608184814452,68092330.0,3188658.9410068216
2021-09-08,156.97999572753906,157.0399932861328,153.97999572753906,155.11000061035156,154.4599151611328,74420200,64.76380100192671,2.4913985829790306,26.426186447577038,149.74228591918944,146.33499298095703,70673710.0,2816153.596268274
2021-09-09,155.49000549316406,156.11000061035156,153.9499969482422,154.07000732421875,153.42428588867188,57305700,61.248285310346986,2.439178252684542,25.832826928675356,150.15106506347655,146.6923681640625,70505150.0,2218328.6466565
2021-09-10,155.0,155.47999572753906,148.6999969482422,148.97000122070312,148.3456573486328,140893200,47.60218785426981,1.9636298924259847,20.284270105446854,150.15504760742186,146.93564178466798,79734750.0,6945933.931444076
2021-09-13,150.6300048828125,151.4199981689453,148.75,149.5500030517578,148.92323303222656,102404300,48.99399541527349,1.6149396719095819,16.481933539891667,150.1774528503418,147.18430267333986,84394940.0,6213124.191536637
2021-09-14,150.35000610351562,151.07000732421875,146.91000366210938,148.1199951171875,147.4992218017578,109296300,45.76620931940975,1.2092707504650946,12.299598124908357,150.02808151245117,147.35098876953126,86228900.0,8886168.384531211
2021-09-15,148.55999755859375,149.44000244140625,146.3699951171875,149.02999877929688,148.4053955078125,83281300,48.10905067472191,0.9502509957632412,9.674229052221252,149.97032318115234,147.4948324584961,85911720.0,8608572.274901656
2021-09-16,148.44000244140625,148.97000122070312,147.22000122070312,148.7899932861328,148.16639709472656,68034100,47.52591961370075,0.7173404820194378,7.406996693409279,150.09131240844727,147.5831854248047,84683760.0,9185112.781343147
2021-09-17,148.82000732421875,148.82000732421875,145.75999450683594,146.05999755859375,145.44784545898438,129868800,41.38162048936966,0.30890847782646347,3.4015768114168967,150.05944595336913,147.6436166381836,90559090.0,38178999.68159305
2021-09-20,143.8000030517578,144.83999633789062,141.27000427246094,142.94000244140625,142.34092712402344,123478900,35.700965505533176,-0.26349693023993837,-2.0842172310600082,149.79804611206055,147.6047219848633,97126110.0,-59244736.18193824
2021-09-21,143.92999267578125,144.60000610351562,142.77999877929688,143.42999267578125,142.82887268066406,75834000,37.15993344836085,-0.6698723517457097,-5.94617456760969,149.48536071777343,147.58771697998046,96481680.0,-12753409.631309329
2021-09-22,144.4499969482422,146.42999267578125,143.6999969482422,145.85000610351562,145.23873901367188,76404300,43.927134547406155,-0.7875742765416476,-7.073894424074018,149.29765090942382,147.5962387084961,96680090.0,-10800882.147743028
2021-09-23,146.64999389648438,147.0800018310547,145.63999938964844,146.8300018310547,146.21463012695312,64838200,46.44240452345616,-0.7926393815808694,-7.18956617307272,149.2214714050293,147.55447723388673,97433340.0,-9018374.46643725
2021-09-24,145.66000366210938,147.47000122070312,145.55999755859375,146.9199981689453,146.3042449951172,53477900,46.67895067287074,-0.7803956462543908,-7.210760867306022,149.19060134887695,147.52783203125,88691810.0,-7416401.817243958
2021-09-27,145.47000122070312,145.9600067138672,143.82000732421875,145.3699951171875,144.76075744628906,74150700,43.14456975583315,-0.8855565454307737,-8.280462595183344,149.02977828979493,147.51187927246093,85866450.0,-8954898.249662122
2021-09-28,143.25,144.75,141.69000244140625,141.91000366210938,141.3152618408203,108972300,36.500706360228804,-1.2338664649591635,-11.418920137140425,148.47162857055665,147.50536926269533,85834050.0,-9543135.313256452
2021-09-29,142.47000122070312,144.4499969482422,142.02999877929688,142.8300018310547,142.2313995361328,74602000,39.18246675796018,-1.4193075284857457,-13.125695965905662,148.02351455688478,147.44360229492187,84966120.0,-5683660.523128118
2021-09-30,143.66000366210938,144.3800048828125,141.27999877929688,141.5,140.90696716308594,89056700,36.76513006195786,-1.654518678338576,-15.299159367681439,147.4753219604492,147.37026123046874,87068380.0,-5821019.172342695
2021-10-01,141.89999389648438,142.9199981689453,139.11000061035156,142.64999389648438,142.05213928222656,94639600,40.20048049612012,-1.728208599746381,-16.062270291486325,146.9276268005371,147.2919827270508,83545460.0,-5892043.794715803
2021-10-04,141.75999450683594,142.2100067138672,138.27000427246094,139.13999938964844,138.55685424804688,98322000,34.109522076090386,-2.0462477453874612,-18.753233055685705,146.17280349731445,147.108798828125,81029770.0,-5242935.962457429
2021-10-05,139.49000549316406,142.24000549316406,139.36000061035156,141.11000061035156,140.51861572265625,80861100,39.637500595047406,-2.1149535571231013,-19.185339697742204,145.39706802368164,146.95629852294923,81532480.0,-4214733.816233445
2021-10-06,139.47000122070312,142.14999389648438,138.3699951171875,142.0,141.40487670898438,83221100,42.00474997310704,-2.073683759688862,-18.78094435246126,144.74431610107422,146.86567108154296,82214160.0,-4431145.656905895
2021-10-07,143.05999755859375,144.22000122070312,142.72000122070312,143.2899932861328,142.689453125,61732700,45.35015101434836,-1.9148127017733998,-17.3976580022867,144.20757446289062,146.83633209228515,81903610.0,-3548333.9189611627
2021-10-08,144.02999877929688,144.17999267578125,142.55999755859375,142.89999389648438,142.30108642578125,58773200,44.51413449872441,-1.7996309102383634,-16.524595102957317,143.90534591674805,146.78610076904297,82433140.0,-3556710.4448738764
2021-10-11,142.27000427246094,144.80999755859375,141.80999755859375,142.80999755859375,142.21148681640625,64452200,44.311135175906806,-1.6960593465532554,-15.872032937974653,143.56975860595702,146.7297021484375,81463290.0,-4060740.0609530495
2021-10-12,143.22999572753906,143.25,141.0399932861328,141.50999450683594,140.9169158935547,73035900,41.375865773942465,-1.6992891700165558,-16.128866109758693,143.2406433105469,146.65417388916015,77869650.0,-4528272.446617309
2021-10-13,141.24000549316406,141.39999389648438,139.1999969482422,140.91000366210938,140.31944274902344,78762700,40.057006324266894,-1.7303170572485556,-16.708278105391397,142.83634567260742,146.53010498046876,78285720.0,-4713992.639049083
2021-10-14,142.11000061035156,143.8800048828125,141.50999450683594,143.75999450683594,143.15748596191406,69907100,48.460754039637564,-1.5075582456611585,-14.723582422500103,142.5859001159668,146.4709506225586,76370760.0,-4747968.123109103
2021-10-15,143.77000427246094,144.89999389648438,143.50999450683594,144.83999633789062,144.2329864501953,67940300,51.24992767944728,-1.2296979680835705,-12.215508544001226,142.52515716552733,146.43111877441407,73700830.0,-5561806.923983039
2021-10-18,143.4499969482422,146.83999633789062,143.16000366210938,146.5500030517578,145.93580627441406,85589200,55.36841565767097,-0.8615767254022444,-8.780641531040649,142.70490112304688,146.43928436279296,72427550.0,-9747488.232771106
2021-10-19,147.00999450683594,149.1699981689453,146.5500030517578,148.75999450683594,148.13653564453125,76378900,60.06414433105359,-0.3870484935928289,-4.273518882415745,142.97028427124025,146.49246063232422,71979330.0,-17872601.50277477
2021-10-20,148.6999969482422,149.75,148.1199951171875,149.25999450683594,148.6344451904297,58418800,61.06229283192371,0.029029733524822632,-0.30878608206374103,143.14006958007812,146.56535369873046,69499100.0,-189188578.73892426
2021-10-21,148.80999755859375,149.63999938964844,147.8699951171875,149.47999572753906,148.85353088378906,61421000,61.518045330227515,0.37223608025206545,3.0546698190527484,143.27201461791992,146.63745025634765,69467930.0,20107246.81826549
2021-10-22,149.69000244140625,150.17999267578125,148.63999938964844,148.69000244140625,148.0668487548828,58883400,58.85414054157625,0.5738685276066633,5.169029706091419,143.3601448059082,146.6334671020508,69478950.0,11391577.016980408
2021-10-25,148.67999267578125,149.3699951171875,147.6199951171875,148.63999938964844,148.01705932617188,50720600,58.68093133890853,0.7213140075580213,6.867934734810624,143.52295989990233,146.62430572509766,68105790.0,7385131.332556055
2021-10-26,149.3300018310547,150.83999633789062,149.00999450683594,149.32000732421875,148.69419860839844,60893400,60.38827086269235,0.8828595150248475,8.790311416342897,143.89190673828125,146.5884567260742,66891540.0,6927331.366985171
2021-10-27,149.36000061035156,149.72999572753906,148.49000549316406,148.85000610351562,148.22618103027344,56094900,58.58635085567542,0.9618724560947385,9.968453667937712,144.19164581298827,146.5617691040039,64624760.0,5627241.884107086
2021-10-28,149.82000732421875,153.1699981689453,149.72000122070312,152.57000732421875,151.93057250976562,100077900,66.983667386853,1.3095679066184402,13.714912288678088,144.74282608032226,146.68544830322264,67641840.0,7297013.491119163
2021-10-29,147.22000122070312,149.94000244140625,146.41000366210938,149.8000030517578,149.17218017578125,124953200,57.61543028845158,1.34608601957882,14.06133020365714,145.098828125,146.74718841552735,73343130.0,8886300.100363303
2021-11-01,148.99000549316406,149.6999969482422,147.8000030517578,148.9600067138672,148.33570861816406,74588300,55.098837071285644,1.2923488102561294,13.545781282753083,145.58777084350587,146.7625241088867,72243040.0,5506385.969406444
2021-11-02,148.66000366210938,151.57000732421875,148.64999389648438,150.02000427246094,149.39126586914062,69122000,57.61478013145037,1.3200775961030047,13.890745692604655,146.0314033508301,146.76869781494142,71517350.0,4976118.743344363
2021-11-03,150.38999938964844,151.97000122070312,149.82000732421875,151.49000549316406,150.8551025390625,54511500,60.88783015438928,1.444023863620231,15.198278307820607,146.503914642334,146.80594116210938,71126620.0,3586689.156228302
2021-11-04,151.5800018310547,152.42999267578125,150.63999938964844,150.9600067138672,150.32733154296875,60394600,59.11535418561096,1.4823975453689684,15.734436872012877,146.88580856323242,146.85772338867187,71023980.0,3838370.606540419
2021-11-05,151.88999938964844,152.1999969482422,150.05999755859375,151.27999877929688,150.8658447265625,65463900,59.87483312204608,1.521095408988657,16.39083897637696,147.31404647827148,146.93660736083984,71682030.0,3993932.2260653544
2021-11-08,151.41000366210938,151.57000732421875,150.16000366210938,150.44000244140625,150.0281524658203,55020900,56.88742448549742,1.4670715725227694,16.09858654563102,147.7048797607422,146.97762603759764,72112060.0,3417747.2565088067
2021-11-09,150.1999969482422,151.42999267578125,150.05999755859375,150.80999755859375,150.39712524414062,56787900,57.88420289933126,1.4375417205630754,16.126772102392426,148.17889022827148,146.93600341796875,71701510.0,3521343.244602275
2021-11-10,150.02000427246094,150.1300048828125,147.85000610351562,147.9199981689453,147.51504516601562,65187100,48.45963883343804,1.1674822929980166,13.255444637695382,148.5386703491211,146.86243072509765,72610730.0,4917760.345407287
2021-11-11,148.9600067138672,149.42999267578125,147.67999267578125,147.8699951171875,147.46517944335938,41000000,48.31306742237474,0.9386037824524465,10.90358086106105,148.75405502319336,146.7743179321289,66702940.0,3760232.5806946144
2021-11-12,148.42999267578125,150.39999389648438,147.47999572753906,149.99000549316406,149.57937622070312,63804000,54.5849136170126,0.917704309500067,10.668400381776104,149.02137451171876,146.7057846069336,60588020.0,5980652.929842303
2021-11-15,150.3699951171875,151.8800048828125,149.42999267578125,150.0,149.58934020996094,59222800,54.61287478973621,0.8916691923816984,10.487524501001271,149.20405120849608,146.62450500488282,59051470.0,5646976.080422587
2021-11-16,149.94000244140625,151.49000549316406,149.33999633789062,151.0,150.58660888671875,59256200,57.43655386117738,0.9408819160892676,11.142996126163471,149.32655487060546,146.51557067871093,58064890.0,5317797.7744125705
2021-11-17,151.0,155.0,150.99000549316406,153.49000549316406,153.06979370117188,88807000,63.522074982387785,1.1673495091383188,13.646590962379404,149.54832229614257,146.48776824951173,61494440.0,6507632.583465058
2021-11-18,153.7100067138672,158.6699981689453,153.0500030517578,157.8699951171875,157.4377899169922,137827700,71.29628910159772,1.6808791373968575,18.854481338946776,149.97753524780273,146.56803833007814,69237750.0,7310076.449321154
2021-11-19,157.64999389648438,161.02000427246094,156.52999877929688,160.5500030517578,160.1104736328125,117305600,74.83090090774483,2.277851654166284,24.547765984046865,150.57971649169923,146.80333465576172,74421920.0,4778667.031298682
2021-11-22,161.67999267578125,165.6999969482422,161.0,161.02000427246094,160.5791778564453,117467900,75.4029512732747,2.757099715915416,29.108117151487136,151.20782241821288,147.0364535522461,80666620.0,4035571.9124209504
2021-11-23,161.1199951171875,161.8000030517578,159.05999755859375,161.41000366210938,160.96810913085938,96041900,75.89258007268047,3.1322700892116018,32.8462595881268,151.82151794433594,147.30583129882814,84592020.0,2923982.858453601
2021-11-24,160.75,162.13999938964844,159.63999938964844,161.94000244140625,161.49667358398438,69463600,76.5750114176696,3.432790710634066,36.07526392159273,152.48504257202148,147.56765686035158,85019670.0,1925518.830603005
2021-11-26,159.57000732421875,160.4499969482422,156.36000061035156,156.80999755859375,156.38070678710938,76959800,59.12775277082511,3.2198900591650954,33.01508831315474,152.70754928588866,147.7319430541992,88615650.0,2331049.34537872
2021-11-29,159.3699951171875,161.19000244140625,158.7899932861328,160.24000549316406,159.8013153076172,88748200,64.8881891782659,3.290012517211977,32.509158447061225,153.23900604248047,148.01901245117188,91110070.0,2729944.5522257956
2021-11-30,159.99000549316406,165.52000427246094,159.9199981689453,165.3000030517578,164.84747314453125,174048100,71.31168899727643,3.711105273709734,34.61058451197969,154.06459426879883,148.46914337158202,102592600.0,5028753.557737723
2021-12-01,167.47999572753906,170.3000030517578,164.52999877929688,164.77000427246094,164.3189239501953,152052500,69.86984747277079,3.9564503481313977,35.6306387742029,154.81097717285155,148.89894439697267,111872230.0,4267464.890640361
2021-12-02,158.74000549316406,164.1999969482422,157.8000030517578,163.75999450683594,163.31167602539062,136739200,67.0861313714029,4.023013939688411,35.45910748541226,155.43380584716797,149.26040313720702,116665450.0,3856250.4726396166
2021-12-03,164.02000427246094,164.9600067138672,159.72000122070312,161.83999633789062,161.3969268798828,118023100,62.02700117545433,3.8761563419393497,33.593803032695554,155.98728561401367,149.56404907226562,114684990.0,3513240.22127333
2021-12-06,164.2899932861328,167.8800048828125,164.27999877929688,165.32000732421875,164.86741638183594,107497000,66.89940614111393,3.9945319626414175,33.68666899095084,156.68736419677734,149.9353125,113704130.0,3191084.2840791596
2021-12-07,169.0800018310547,171.5800018310547,168.33999633789062,171.17999267578125,170.7113494873047,120405400,73.14757306634044,4.509217881966549,36.16026006632083,157.72152404785157,150.4543243408203,113997880.0,3329771.405934769
2021-12-08,172.1300048828125,175.9600067138672,170.6999969482422,175.0800018310547,174.60069274902344,116998900,76.34754936928034,5.172186578924482,39.40621620871908,158.93170242309571,151.12003295898438,116093580.0,2969046.7965841554
2021-12-09,174.91000366210938,176.75,173.9199981689453,174.55999755859375,174.0821075439453,108923700,75.06310379815876,5.591182378693617,41.367085742040224,160.2600555419922,151.75704711914062,120039590.0,2633100.6413948047
2021-12-10,175.2100067138672,179.6300048828125,174.69000244140625,179.4499969482422,178.95872497558594,115402700,78.69325195938102,6.245823684476505,44.395421420449196,161.83473281860353,152.5180822753906,123883880.0,2599427.9659398342
2021-12-13,181.1199951171875,182.1300048828125,175.52999877929688,175.74000549316406,175.25888061523438,153237000,70.32834459221297,6.3915880822301006,43.77397886777558,163.11870803833008,153.18221710205077,130332760.0,3500641.339067446
2021-12-14,175.25,177.74000549316406,172.2100067138672,174.3300018310547,173.85275268554688,139380400,67.39616321407807,6.320473422727872,42.26740147953709,164.33187866210938,153.8881350708008,126865990.0,3297586.20405085
2021-12-15,175.11000061035156,179.5,172.30999755859375,179.3000030517578,178.80914306640625,131063300,71.85111112982804,6.589195955844616,42.57596142285566,165.74300537109374,154.6539456176758,124767070.0,3078340.3502813797
2021-12-16,179.27999877929688,181.13999938964844,170.75,172.25999450683594,171.7884063720703,150185800,59.45787608709605,6.1630468775767895,38.040564403863314,166.67893600463867,155.2616162109375,126111730.0,3948043.4203217938
2021-12-17,169.92999267578125,173.47000122070312,169.69000244140625,171.13999938964844,170.67147827148438,195432700,57.75124300353619,5.669590902320664,34.02463235734039,167.3406204223633,155.8212567138672,133852690.0,5743859.270762637
2021-12-20,168.27999877929688,170.5800018310547,167.4600067138672,169.75,169.2852783203125,107499100,55.61757908375005,5.107486230769297,30.17136340131209,167.7993606567383,156.3609405517578,133852900.0,3562951.3512579645
2021-12-21,171.55999755859375,173.1999969482422,169.1199951171875,172.99000549316406,172.5164031982422,91185900,59.384387280892156,4.86734783819972,28.239404664510953,168.39622192382814,156.96703887939452,130930950.0,3229030.536702327
2021-12-22,173.0399932861328,175.86000061035156,172.14999389648438,175.63999938964844,175.15914916992188,92135300,62.2094587645693,4.835132396010351,27.589618159778002,169.10577392578125,157.65188354492187,128444590.0,3339491.6691642012
2021-12-23,175.85000610351562,176.85000610351562,175.27000427246094,176.27999877929688,175.7974090576172,68356600,62.88096868896529,4.805845235679527,27.286111249448535,169.8208106994629,158.36144287109374,124387880.0,2505179.2604335113
2021-12-27,177.08999633789062,180.4199981689453,177.07000732421875,180.3300018310547,179.83631896972656,74919600,66.8904078570508,5.051209154239984,28.311281428637635,170.99359130859375,159.09501953125,120339570.0,2646280.783469475
2021-12-28,180.16000366210938,181.3300018310547,178.52999877929688,179.2899932861328,178.7991485595703,79144300,64.9502630335593,5.102918560876759,28.54243148952636,171.9434829711914,159.7863427734375,112930300.0,2772864.6744423993
2021-12-29,179.3300018310547,180.6300048828125,178.13999938964844,179.3800048828125,178.888916015625,62348900,65.04476238010753,5.092459122952562,28.754708618160606,172.6455551147461,160.44540496826173,105227150.0,2168302.271045178
2021-12-30,179.47000122070312,180.57000732421875,178.08999633789062,178.1999969482422,177.71214294433594,59773000,62.65968012539608,4.93209899734353,28.260836914758475,173.31521606445312,161.03691711425782,98098120.0,2115047.0589490975
2021-12-31,178.08999633789062,179.22999572753906,177.25999450683594,177.57000732421875,177.08387756347656,64062300,61.36592679773989,4.699998883370739,27.495894771644068,174.00382614135742,161.60590576171876,89485770.0,2329885.989601113
2022-01-03,177.8300018310547,182.8800048828125,177.7100067138672,182.00999450683594,181.51170349121094,104487900,66.60003109086492,4.818779835612077,28.322653589238595,175.00956497192382,162.25906921386718,80391290.0,3689198.812914231
2022-01-04,182.6300048828125,182.94000244140625,179.1199951171875,179.6999969482422,179.20803833007812,99310400,61.90124428654137,4.672653655793113,27.643892520897527,175.72659606933593,162.8818930053711,79572420.0,3592489.730776006
2022-01-05,179.61000061035156,180.1699981689453,174.63999938964844,174.9199981689453,174.4411163330078,94537600,53.491261668409145,4.12360727433105,24.362731749048237,175.9130844116211,163.4103741455078,79907590.0,3880418.705660675
2022-01-06,172.6999969482422,175.3000030517578,171.63999938964844,172.0,171.5291290283203,96904000,49.10252965439932,3.4135157280930457,20.177394816423057,175.75950622558594,163.86707275390626,80384460.0,4802602.1635422725
2022-01-07,172.88999938964844,174.13999938964844,171.02999877929688,172.1699981689453,171.6986541748047,86709100,49.363007309896936,2.831836840921028,16.933253250960885,175.6403335571289,164.33652221679688,82219710.0,5120640.358643408
2022-01-10,169.0800018310547,172.5,168.1699981689453,172.19000244140625,171.71859741210938,106765600,49.395826194417616,2.34542965657036,14.32285175050885,175.27832717895507,164.73228271484376,85404310.0,7454213.857670274
2022-01-11,172.32000732421875,175.17999267578125,170.82000732421875,175.0800018310547,174.60069274902344,76138300,54.03114171421357,2.1681541254797594,13.345201103912583,175.24541778564452,165.24085296630858,85103710.0,5705294.315698065
2022-01-12,176.1199951171875,177.17999267578125,174.82000732421875,175.52999877929688,175.04945373535156,74805200,54.7265392654435,2.0404519231974803,12.733328782154512,175.30525283813478,165.77512786865233,86349340.0,5874756.02647109
2022-01-13,175.77999877929688,176.6199951171875,171.7899932861328,172.19000244140625,171.71859741210938,84505800,48.822969067861415,1.6507088725390133,10.459488462745629,174.95072555541992,166.22167449951172,88822620.0,8079343.488067401
2022-01-14,171.33999633789062,173.77999877929688,171.08999633789062,173.07000732421875,172.59620666503906,80440800,50.342893277043224,1.3967429531585367,8.996183397570604,174.99111557006836,166.65649658203125,90460470.0,8941658.528406927
2022-01-18,171.50999450683594,172.5399932861328,169.41000366210938,169.8000030517578,169.33514404296875,90956700,44.99526092276984,0.920994465207059,6.097687096134081,174.92429885864257,167.03665283203125,89107350.0,14916590.268737525
2022-01-19,170.0,171.0800018310547,165.94000244140625,166.22999572753906,165.77491760253906,94815000,39.99968654797593,0.2529744733967618,1.9694560168457786,174.7487808227539,167.33483428955077,88657810.0,48142735.450295985
2022-01-20,166.97999572753906,169.67999267578125,164.17999267578125,164.50999450683594,164.0596160888672,91420500,37.8209941104789,-0.4104939876317246,-2.1448583372016983,174.32594146728516,167.6154635620117,88346100.0,-42623094.68851555
2022-01-21,164.4199981689453,166.3300018310547,162.3000030517578,162.41000366210938,161.9653778076172,122848900,35.293406349008166,-1.0931481029722931,-6.406784363706877,173.66625289916993,167.84682861328125,90940590.0,-19174814.232224498
2022-01-24,160.02000427246094,162.3000030517578,154.6999969482422,161.6199951171875,161.17752075195312,162294600,34.36301922836034,-1.6785541672587385,-10.178061952751708,172.9352584838867,168.120078125,98499140.0,-15945530.765424605
2022-01-25,158.97999572753906,162.75999450683594,157.02000427246094,159.77999877929688,159.3425750732422,115798400,32.23181656850319,-2.2648571543544733,-14.030502404714,171.9105712890625,168.35762603759767,99402420.0,-8253332.393934361
2022-01-26,163.5,164.38999938964844,157.82000732421875,159.69000244140625,159.25282287597656,108275300,32.126863696496955,-2.705580203627477,-17.20183446365678,170.93325500488282,168.55109497070313,102616120.0,-6294404.2525673015
2022-01-27,162.4499969482422,163.83999633789062,158.27999877929688,159.22000122070312,158.78411865234375,121954600,31.54909333553593,-3.057536191989982,-20.01671164908656,169.92801513671876,168.73499053955078,107331060.0,-6092639.097669435
2022-01-28,165.7100067138672,170.35000610351562,162.8000030517578,170.3300018310547,169.8636932373047,179935700,53.045434118690416,-2.4121736134778473,-15.578124335314586,169.53559265136718,169.1205322265625,116874050.0,-11550536.902064491
2022-01-31,170.16000366210938,175.0,169.50999450683594,174.77999877929688,174.301513671875,115541600,58.64715017715555,-1.5240729921234504,-9.778778788684106,169.3964744567871,169.54516662597655,120384130.0,-11815544.91586449
2022-02-01,174.00999450683594,174.83999633789062,172.30999755859375,174.61000061035156,174.13197326660156,86213900,58.360710584989995,-0.824460416310103,-5.4706868432914755,169.02748794555663,169.87905029296874,119909850.0,-15759246.04526053
2022-02-02,174.75,175.8800048828125,173.3300018310547,175.83999633789062,175.35861206054688,84914300,59.88726554429703,-0.16881602774893167,-1.5172061878245642,168.83501663208008,170.18401306152344,118919780.0,-55967541.314706735
2022-02-03,174.47999572753906,176.24000549316406,172.1199951171875,172.89999389648438,172.42665100097656,89418100,54.723008267744405,0.1122591933507806,0.20608743259048337,168.73429336547852,170.42096252441405,118719540.0,433884293.0693539
2022-02-04,171.67999267578125,174.10000610351562,170.67999267578125,172.38999938964844,172.1370849609375,82465400,53.85543646766053,0.29051219288820107,1.3214266803678318,168.7646911621094,170.64434204101562,114681190.0,62406337.956673436
2022-02-07,172.86000061035156,173.9499969482422,170.9499969482422,171.66000366210938,171.4081573486328,77251200,52.57068650091093,0.36862514368635857,1.8626145489909067,168.7501663208008,170.84257171630858,106176850.0,41474603.55759153
2022-02-08,171.72999572753906,175.35000610351562,171.42999267578125,174.8300018310547,174.57350158691406,74829200,57.330894996365814,0.6785012394845467,3.7816644435907545,168.892911529541,171.20642761230468,102079930.0,19787371.702643298
2022-02-09,176.0500030517578,176.64999389648438,174.89999389648438,176.27999877929688,176.02137756347656,71285000,59.341043421047445,1.0292187207874122,5.986476471631492,168.96394577026368,171.53082885742188,98380900.0,11907672.290670965
2022-02-10,174.13999938964844,175.47999572753906,171.5500030517578,172.1199951171875,171.8674774169922,90865900,51.801148563104654,0.9604162419730358,5.6247633584764385,168.8048469543457,171.6712289428711,95272030.0,16154617.396137454
2022-02-11,172.3300018310547,173.0800018310547,168.0399932861328,168.63999938964844,168.39259338378906,98670700,46.480653792349926,0.6179597547568392,3.596145598335415,168.6385467529297,171.75270233154296,87145530.0,27437904.640366264
2022-02-14,167.3699951171875,169.5800018310547,166.55999755859375,168.8800048828125,168.63223266601562,86185500,46.885835786741424,0.3617568510676392,2.1097636070452426,168.44034805297852,171.85911346435546,84209920.0,40850785.231196664
2022-02-15,170.97000122070312,172.9499969482422,170.25,172.7899932861328,172.5364990234375,62527400,53.11351184596611,0.4688134019910706,2.750427706795901,168.60041580200195,172.08190490722657,81841270.0,22733700.59700316
2022-02-16,171.85000610351562,173.33999633789062,170.0500030517578,172.5500030517578,172.29685974121094,61177400,52.70503209920738,0.52820249410928,3.1401199991556044,168.92651290893554,172.23049377441407,79467580.0,19482503.858594876
2022-02-17,171.02999877929688,171.91000366210938,168.47000122070312,168.8800048828125,168.63223266601562,69589300,46.780097096698015,0.2759496212478325,1.648107634111671,169.15514373779297,172.18891143798828,77484700.0,42223759.27377376
2022-02-18,169.82000732421875,170.5399932861328,166.19000244140625,167.3000030517578,167.05455017089844,82772700,44.46268322538085,-0.050869153086608776,-0.2984375139672689,169.40960235595702,172.03798858642577,77515430.0,-277353536.7577083
2022-02-22,164.97999572753906,166.69000244140625,162.14999389648438,164.32000732421875,164.0789337158203,91162800,40.39784372117707,-0.544064499812265,-3.2536684295501668,169.5546730041504,171.83792510986328,78906590.0,-28018466.532130208
2022-02-23,165.5399932861328,166.14999389648438,159.75,160.07000732421875,159.83517456054688,90009200,35.42388781891445,-1.2633022842859702,-7.50087564116914,169.5793029785156,171.4554541015625,80424590.0,-11999825.66115048
2022-02-24,152.5800018310547,162.85000610351562,152.0,162.74000549316406,162.50125122070312,141147500,40.389504533689085,-1.599419756829235,-9.454691141946476,169.74172439575196,171.2003015136719,87410840.0,-14928832.457972962
2022-02-25,163.83999633789062,165.1199951171875,160.8699951171875,164.85000610351562,164.608154296875,91974200,44.050932171759975,-1.6762135141860313,-9.905044445683062,170.0329261779785,171.01540954589845,87521670.0,-9285591.852148157
2022-02-28,163.05999755859375,165.4199981689453,162.42999267578125,165.1199951171875,164.87774658203125,95056600,44.520510853288144,-1.6957398299511794,-10.122500698676152,169.78362884521485,170.73678161621095,87160260.0,-9390624.197480347
2022-03-01,164.6999969482422,166.60000610351562,161.97000122070312,163.1999969482422,162.9605712890625,83474400,41.8316989276709,-1.8448758021621927,-11.104441632896075,169.21658172607422,170.5602249145508,86889150.0,-7517208.22708576
2022-03-02,164.38999938964844,167.36000061035156,162.9499969482422,166.55999755859375,166.31564331054688,79724800,47.775912096531634,-1.6726617624458129,-10.137826891290464,168.82576522827148,170.47310821533202,88608890.0,-7864091.669240534
2022-03-03,168.47000122070312,168.91000366210938,165.5500030517578,166.22999572753906,165.98611450195312,76678400,47.26504288606146,-1.5449994926388229,-9.506189475415837,168.3571403503418,170.40712493896484,90158990.0,-8066155.234786733
2022-03-04,164.49000549316406,165.5500030517578,162.10000610351562,163.1699981689453,162.93060302734375,83737200,42.705000428274666,-1.6714747333030289,-10.313524495980374,167.88233795166016,170.21540893554686,91573780.0,-8119164.310186688
2022-03-07,163.36000061035156,165.02000427246094,159.0399932861328,159.3000030517578,159.06629943847656,96418800,37.74519616798328,-2.060234435669628,-12.59182456791027,167.22879867553712,169.89355194091797,92938390.0,-7657254.076245568
2022-03-08,158.82000732421875,162.8800048828125,155.8000030517578,157.44000244140625,157.20901489257812,131148300,35.60485789940772,-2.4897159100227952,-15.1519371371548,166.5188415527344,169.5217840576172,96936940.0,-8655546.73391595
2022-03-09,161.47999572753906,163.41000366210938,159.41000366210938,162.9499969482422,162.7109375,91454900,45.46953152412452,-2.3582876924035645,-14.196368907268612,165.92571334838868,169.17927642822266,97081510.0,-6442133.238251834
2022-03-10,160.1999969482422,160.38999938964844,155.97999572753906,158.52000427246094,158.28744506835938,105342000,40.14482463529222,-2.58183152233795,-15.195762295133509,165.0390167236328,168.76904235839845,93500960.0,-6932327.444588687
2022-03-11,158.92999267578125,159.27999877929688,154.5,154.72999572753906,154.50299072265625,96970100,36.23525939087341,-3.029886982168108,-17.379491960617706,164.17079238891603,168.28132385253906,94000550.0,-5579570.462688799
2022-03-14,151.4499969482422,154.1199951171875,150.10000610351562,150.6199951171875,150.39901733398438,108732100,32.53496999407393,-3.674262254573989,-20.497544054555664,163.27111358642577,167.73506134033204,95368100.0,-5304640.385726301
2022-03-15,150.89999389648438,155.57000732421875,150.3800048828125,155.08999633789062,154.86245727539062,92964300,39.742194738092564,-3.7806614474903597,-20.56836450579347,162.58262481689454,167.2906329345703,96317090.0,-4519771.125886789
2022-03-16,157.0500030517578,160.0,154.4600067138672,159.58999633789062,159.35586547851562,102300200,45.996780531965015,-3.461963818607302,-18.39988021282527,161.92359313964843,166.8475161743164,98574630.0,-5559829.673711336
2022-03-17,158.61000061035156,161.0,157.6300048828125,160.6199951171875,160.3843536376953,75615400,47.344011007253584,-3.0906542202095864,-16.267663281461335,161.32796783447264,166.47104248046875,98468330.0,-4648202.922061429
2022-03-18,160.50999450683594,164.47999572753906,159.75999450683594,163.97999572753906,163.7394256591797,123511700,51.58699700503978,-2.496486774255118,-13.079861937359109,161.08332748413085,166.2570086669922,102445780.0,-9442890.19192336
2022-03-21,163.50999450683594,166.35000610351562,163.00999450683594,165.3800048828125,165.1373748779297,95811400,53.27641150584578,-1.8908393352745918,-9.985072223471898,160.98746871948242,166.12917358398437,102385040.0,-9595463.894069415
2022-03-22,165.50999450683594,169.4199981689453,164.91000366210938,168.82000732421875,168.57232666015625,81532000,57.226122968462214,-1.120365057724399,-6.0871966506874235,161.2121383666992,166.0666470336914,97423410.0,-13394014.466543091
2022-03-23,167.99000549316406,172.63999938964844,167.64999389648438,170.2100067138672,169.96029663085938,98062700,58.74373118870198,-0.3930662843131927,-2.449366443274863,161.71839447021483,166.03148101806642,98084190.0,-40035944.91516254
2022-03-24,171.05999755859375,174.13999938964844,170.2100067138672,174.07000732421875,173.8146209716797,90131400,62.70133065844595,0.48915435647080585,1.957594860442956,162.28406295776367,166.01575958251954,96563130.0,46041906.740399525
2022-03-25,173.8800048828125,175.27999877929688,172.75,174.72000122070312,174.4636688232422,80546200,63.33908262705237,1.22662982054851,5.696479591016042,162.77683868408204,166.00404388427734,94920740.0,14139645.146281218
2022-03-28,172.1699981689453,175.72999572753906,172.0,175.60000610351562,175.34237670898438,90371900,64.2308019138371,1.8606451198588445,9.03330951900318,163.3000701904297,166.07651947021483,93084720.0,10004295.746745596
2022-03-29,176.69000244140625,179.00999450683594,176.33999633789062,178.9600067138672,178.69744873046875,100589400,67.48298141981141,2.604211056955023,12.943013728902294,164.0869140625,166.19854431152345,93847230.0,7771713.922807611
2022-03-30,178.5500030517578,179.61000061035156,176.6999969482422,177.77000427246094,177.5092010498047,92633200,65.22121692493667,3.062170373519848,15.551884308654998,164.6465919494629,166.36202545166014,92880530.0,5956397.190303647
2022-03-31,177.83999633789062,178.02999877929688,174.39999389648438,174.61000061035156,174.3538360595703,103049300,59.516729874754624,3.133993815178485,16.17015575502975,165.06497802734376,166.53360382080078,95623920.0,6372808.126350073
2022-04-01,174.02999877929688,174.8800048828125,171.94000244140625,174.30999755859375,174.05426025390625,78751300,58.9892289921333,3.1306188457944018,16.526868600508973,165.62116088867188,166.73349670410155,91147880.0,4765046.658480405
2022-04-04,174.57000732421875,178.49000549316406,174.44000244140625,178.44000244140625,178.17820739746094,76468400,63.75217499549948,3.421757149939566,18.25104113104095,166.5767562866211,167.05775329589844,89213580.0,4189810.293613569
2022-04-05,177.5,178.3000030517578,174.4199981689453,175.05999755859375,174.80316162109375,73401800,57.83245953265707,3.341232558262618,17.959432544353838,167.4564636230469,167.33026611328125,88400560.0,4087089.044641133
2022-04-06,172.36000061035156,173.6300048828125,170.1300048828125,171.8300018310547,171.57791137695312,89058800,52.78804563491899,2.9824032895580785,16.139571051772624,167.89981231689453,167.57497283935547,87500170.0,5518040.083860754
2022-04-07,171.16000366210938,173.36000061035156,169.85000610351562,172.13999938964844,171.887451171875,77594700,53.20987255117478,2.6920108952237456,14.796925826138786,168.5798126220703,167.82766540527345,86246500.0,5243974.384390634
2022-04-08,171.77999877929688,171.77999877929688,169.1999969482422,170.08999633789062,169.8404541015625,76575500,50.02666622449637,2.2702842927392624,12.714422196932972,169.34668579101563,168.04879211425782,85849430.0,6022727.483319838
2022-04-11,168.7100067138672,169.02999877929688,165.5,165.75,165.50682067871094,72246700,44.022328405401495,1.5677889926961939,8.97112673282923,170.10207595825196,167.96165466308594,84036910.0,8053247.061555613
2022-04-12,168.02000427246094,169.8699951171875,166.63999938964844,167.66000366210938,167.41403198242188,79265200,47.03519862366451,1.1518993603783372,6.740819331480173,170.72965469360352,167.82390502929687,81904490.0,11758985.978132522
2022-04-13,167.38999938964844,171.0399932861328,166.77000427246094,170.39999389648438,170.14999389648438,70618900,51.10116346475323,1.031507566171939,6.058984765554146,171.26936111450195,167.74426544189453,79703060.0,11655236.43523162
2022-04-14,170.6199951171875,171.27000427246094,165.0399932861328,165.2899932861328,165.04750061035156,75329400,44.27479875828012,0.5177930625785621,3.230708357386262,171.50251846313478,167.5380432128906,76931070.0,23316682.184505105
2022-04-18,163.9199981689453,166.60000610351562,163.57000732421875,165.07000732421875,164.8278350830078,69023900,44.00228238410795,0.091860676048384,0.9116970809876772,171.55693893432618,167.38606689453124,75958330.0,75709247.55536532
2022-04-19,165.02000427246094,167.82000732421875,163.91000366210938,167.39999389648438,167.15440368652344,67723800,47.67579691830378,-0.057026004796455254,0.04861301860209286,171.65779037475585,167.28641326904298,75083870.0,1393120648.4899168
2022-04-20,168.75999450683594,168.8800048828125,166.10000610351562,167.22999572753906,166.98464965820312,67929800,47.431311994815474,-0.18658635221419217,-0.7186712300305579,171.5784065246582,167.19794311523438,74536670.0,-94521384.96919046
2022-04-21,168.91000366210938,171.52999877929688,165.91000366210938,166.4199981689453,166.17584228515625,87227800,46.21522854932914,-0.3505825965778513,-1.6976919228824376,171.38918380737306,167.02998992919922,74353570.0,-51380229.13597874
2022-04-22,166.4600067138672,167.8699951171875,161.5,161.7899932861328,161.55262756347656,84882400,39.91549500657428,-0.8444195582087275,-4.4977843280341805,170.77608413696288,166.7406149291992,75082340.0,-18872047.614852853
2022-04-25,161.1199951171875,163.1699981689453,158.4600067138672,162.8800048828125,162.6410369873047,96046400,41.922637982913116,-1.1347533516805868,-6.239579286853934,170.18495254516603,166.55608612060547,77029430.0,-15393089.11457517
2022-04-26,162.25,162.33999633789062,156.72000122070312,156.8000030517578,156.56996154785156,95623200,34.91616254300648,-1.8343055769443595,-10.140800940295426,169.24633178710937,166.31963348388672,79367080.0,-9429551.034774011
2022-04-27,155.91000366210938,159.7899932861328,155.3800048828125,156.57000732421875,156.34030151367188,88063200,34.68004330440937,-2.379831274980944,-13.30604097009729,168.12847442626952,166.07379486083985,80246880.0,-6618287.152272018
2022-04-28,159.25,164.52000427246094,158.92999267578125,163.63999938964844,163.39991760253906,130216800,46.62819211246957,-2.2161288932946377,-12.283176285051837,167.42301025390626,165.89106323242189,86206670.0,-10601231.878310574
2022-04-29,161.83999633789062,166.1999969482422,157.25,157.64999389648438,157.418701171875,131587100,39.959143499064815,-2.540452207458941,-13.737349880494987,166.57625350952148,165.59350006103514,91832440.0,-9578783.473138025
2022-05-02,156.7100067138672,158.22999572753906,153.27000427246094,157.9600067138672,157.72825622558594,123055300,40.43398749069627,-2.740870280617486,-14.694460537961277,165.75995330810548,165.37542053222657,97235580.0,-8374264.5524211135
2022-05-03,158.14999389648438,160.7100067138672,156.32000732421875,159.47999572753906,159.2460174560547,88966500,42.82169342792174,-2.7454053137038557,-14.712374680490523,164.81334381103517,165.21924987792968,99359850.0,-6047052.357766203
2022-05-04,159.6699981689453,166.47999572753906,159.25999450683594,166.02000427246094,165.77642822265625,108256500,51.77836748826033,-2.195961648707055,-11.662644034963694,164.36200714111328,165.2531997680664,103392520.0,-9282329.090680936
2022-05-05,163.85000610351562,164.0800018310547,154.9499969482422,156.77000427246094,156.54000854492188,130525300,41.80407313628134,-2.478352376715719,-12.594701081122311,163.61011199951173,165.1872964477539,107722270.0,-10363509.1582792
2022-05-06,156.00999450683594,159.44000244140625,154.17999267578125,157.27999877929688,157.27999877929688,116055700,42.46217888978903,-2.6306720191776094,-13.066203437483159,162.8797393798828,165.0828713989258,110839600.0,-8882128.657745352
2022-05-09,154.92999267578125,155.8300018310547,151.49000549316406,152.05999755859375,152.05999755859375,131577900,37.75589946531032,-3.1364419558727548,-15.112752597865347,161.99071655273437,164.83190826416015,114392750.0,-8706415.270675786
2022-05-10,155.52000427246094,156.74000549316406,152.92999267578125,154.50999450683594,154.50999450683594,115366700,41.0579253510656,-3.301516173014903,-15.62844272280483,161.4408752441406,164.62455322265626,116367100.0,-7381842.327237015
2022-05-11,153.5,155.4499969482422,145.80999755859375,146.5,146.5,142689800,34.596030240123554,-4.032197629463411,-18.409437482564535,160.39517364501953,164.295341796875,121829760.0,-7750904.944007151
2022-05-12,142.77000427246094,146.1999969482422,138.8000030517578,142.55999755859375,142.55999755859375,182602000,31.933704665646502,-4.8730200749473624,-21.588135677865196,159.015673828125,163.82022888183593,127068280.0,-8458442.300194822
2022-05-13,144.58999633789062,148.10000610351562,143.11000061035156,147.11000061035156,147.11000061035156,113787000,37.87899726877416,-5.113287900471789,-22.114759543207352,158.118798828125,163.44270660400392,125288270.0,-5145296.731700173
2022-05-16,145.5500030517578,147.52000427246094,144.17999267578125,145.5399932861328,145.5399932861328,86643800,36.68818839767811,-5.368503585644021,-22.91923655762585,157.15440673828124,163.0948944091797,121647120.0,-3780396.4273483297
2022-05-17,148.86000061035156,149.77000427246094,146.67999267578125,149.24000549316406,149.24000549316406,78336300,41.366364560530954,-5.212121697561145,-22.05346104756986,156.2586868286133,162.89836853027344,120584100.0,-3552109.114801829
2022-05-18,146.85000610351562,147.36000061035156,139.89999389648438,140.82000732421875,140.82000732421875,109742900,35.0240012719524,-5.701883642625063,-23.482600811024838,154.95045471191406,162.57058837890625,120732740.0,-4673370.760042765
2022-05-19,139.8800048828125,141.66000366210938,136.60000610351562,137.35000610351562,137.35000610351562,136095600,32.79257956059776,-6.297430749467679,-25.39012775640141,153.50916290283203,162.06336975097656,121289770.0,-5360177.833909769
2022-05-20,139.08999633789062,140.6999969482422,132.61000061035156,137.58999633789062,137.58999633789062,137194600,33.10999332766542,-6.673117372890346,-26.767680555908846,152.31103134155273,161.64942077636718,123403660.0,-5125382.444453705
2022-05-23,137.7899932861328,143.25999450683594,137.64999389648438,143.11000061035156,143.11000061035156,117726300,40.11570126990782,-6.45106960172447,-25.693078094177746,151.33447952270507,161.4215609741211,122018500.0,-4582023.982041985
2022-05-24,140.80999755859375,141.97000122070312,137.3300018310547,140.36000061035156,140.36000061035156,104132700,37.98147445343947,-6.4229573069167145,-25.479933309947178,150.52398147583008,161.22078063964844,120895100.0,-4086851.3560570176
2022-05-25,138.42999267578125,141.7899932861328,138.33999633789062,140.52000427246094,140.52000427246094,92377800,38.187529945665005,-6.314972085153585,-25.24959748647651,149.73296661376952,160.93393157958985,115863900.0,-3658585.054651934
