,Date,Open,High,Low,Close,Adj Close,Volume,RSI_14_Day,Moving Average Convergence Divergence_MACD,True Strength Index TSI,SMA_20,SMA_50,Vol_Avg,Vol_Avg_Ind
0,2020-09-01,3489.580078125,3513.8701171875,3467.0,3499.1201171875,3499.1201171875,3432200,,0.0,,,,,
1,2020-09-02,3547.0,3552.25,3486.68994140625,3531.449951171875,3531.449951171875,3931500,100.0,0.7253488393930638,,,,,
2,2020-09-03,3485.0,3488.409912109375,3303.0,3368.0,3368.0,8161100,15.516866072557676,-4.144334811941462,,,,,
3,2020-09-04,3318.0,3381.5,3111.1298828125,3294.6201171875,3294.6201171875,8781800,11.016921438978983,-8.906947995800238,,,,,
4,2020-09-08,3144.0,3250.85009765625,3130.0,3149.840087890625,3149.840087890625,6094200,6.816571446297232,-17.068497652863243,,,,,
5,2020-09-09,3202.989990234375,3303.179931640625,3185.0,3268.610107421875,3268.610107421875,5188700,30.29512066788513,-16.57518924542228,,,,,
6,2020-09-10,3307.219970703125,3349.889892578125,3170.550048828125,3175.110107421875,3175.110107421875,5330700,24.96280933810371,-20.20903145256807,,,,,
7,2020-09-11,3208.68994140625,3217.340087890625,3083.97998046875,3116.219970703125,3116.219970703125,5094000,22.30042041903775,-25.121503466967624,,,,,
8,2020-09-14,3172.93994140625,3187.389892578125,3096.0,3102.969970703125,3102.969970703125,4529600,21.738637718566324,-28.79844430196772,,,,,
9,2020-09-15,3136.159912109375,3175.02001953125,3108.919921875,3156.1298828125,3156.1298828125,4021500,29.42082591238099,-28.24955060011871,,,,5456530.0,
10,2020-09-16,3179.989990234375,3187.239990234375,3074.14990234375,3078.10009765625,3078.10009765625,4512200,25.468901787674085,-31.61381595423427,,,,5564530.0,
11,2020-09-17,3009.25,3029.429931640625,2972.550048828125,3008.72998046875,3008.72998046875,6449100,22.56675395222743,-37.46079420582055,,,,5816290.0,
12,2020-09-18,3031.739990234375,3037.800048828125,2905.5400390625,2954.909912109375,2954.909912109375,8892600,20.605025176110345,-44.34033600124394,,,,5889440.0,
13,2020-09-21,2906.5,2962.0,2871.0,2960.469970703125,2960.469970703125,6117900,21.36553115582072,-48.59163656575765,,,,5623050.0,
14,2020-09-22,3033.840087890625,3133.989990234375,3000.199951171875,3128.989990234375,3128.989990234375,6948800,40.095132893216125,-41.177522482230415,,,,5708510.0,
15,2020-09-23,3120.429931640625,3127.0,2992.3798828125,2999.860107421875,2999.860107421875,5652700,33.50891758558063,-42.86586659293198,,,,5754910.0,
16,2020-09-24,2977.7900390625,3069.300048828125,2965.0,3019.7900390625,3019.7900390625,5529400,35.276065537575604,-42.38814753216093,,,,5774780.0,
17,2020-09-25,3054.860107421875,3101.5400390625,2999.0,3095.1298828125,3095.1298828125,4615200,41.59525307984681,-36.75175906455934,,,,5726900.0,
18,2020-09-28,3148.85009765625,3175.0400390625,3117.169921875,3174.050048828125,3174.050048828125,4224200,47.389737052559234,-26.910486818396294,,,,5696360.0,
19,2020-09-29,3175.389892578125,3188.260009765625,3132.5400390625,3144.8798828125,3144.8798828125,3495800,45.5893510657965,-20.90205612202999,,3161.349011230469,,5643790.0,
20,2020-09-30,3141.139892578125,3212.8798828125,3133.989990234375,3148.72998046875,3148.72998046875,4896100,45.881593885996956,-15.754539142048543,,3143.8295043945313,,5682180.0,
21,2020-10-01,3208.0,3224.0,3172.0,3221.260009765625,3221.260009765625,4971900,51.19921669394009,-6.716510871816354,,3128.3200073242188,,5534460.0,
22,2020-10-02,3153.6298828125,3195.800048828125,3123.0,3125.0,3125.0,5613100,44.89433672888301,-6.167176868518709,,3116.1700073242187,,5206510.0,
23,2020-10-05,3145.840087890625,3202.530029296875,3140.85009765625,3199.199951171875,3199.199951171875,3775300,50.00505565496217,-0.5667118506771658,,3111.3989990234377,,4972250.0,
24,2020-10-06,3165.0,3182.0,3090.0,3099.9599609375,3099.9599609375,5086900,44.11236214066553,-3.102659924668842,,3108.904992675781,,4786060.0,
25,2020-10-07,3135.0,3200.0,3132.389892578125,3195.68994140625,3195.68994140625,4309400,50.20782859300781,1.68141943010869,,3105.258984375,,4651730.0,
26,2020-10-08,3224.989990234375,3233.2900390625,3174.989990234375,3190.550048828125,3190.550048828125,3174100,49.89318191669743,5.024918031931065,,3106.0309814453126,,4416200.0,
27,2020-10-09,3210.0,3288.989990234375,3197.830078125,3286.64990234375,3286.64990234375,4907900,55.50744112120506,14.444964544542017,,3114.5524780273436,,4445470.0,
28,2020-10-12,3349.93994140625,3496.239990234375,3339.550048828125,3442.929931640625,3442.929931640625,8364200,62.80595571021763,32.89249753516697,,3131.5504760742188,,4859470.0,
29,2020-10-13,3467.989990234375,3492.3798828125,3424.219970703125,3443.6298828125,3443.6298828125,5744700,62.83536103355777,46.96286252214031,,3145.9254760742188,,5084360.0,
30,2020-10-14,3447.0,3464.8798828125,3340.0,3363.7099609375,3363.7099609375,5812700,57.26814983584123,51.56299453307156,,3160.2059692382813,,5176020.0,
31,2020-10-15,3292.010009765625,3355.8798828125,3280.0,3338.64990234375,3338.64990234375,5223400,55.604524862417605,52.716115512577744,,3176.7019653320312,,5201170.0,
32,2020-10-16,3363.22998046875,3399.659912109375,3160.0,3272.7099609375,3272.7099609375,6474400,51.375416686831066,48.12549001373509,,3192.5919677734373,,5287300.0,
33,2020-10-19,3299.610107421875,3329.0,3192.739990234375,3207.2099609375,3207.2099609375,5223600,47.509960494608734,39.103788240593076,,3204.9289672851564,,5432130.0,
34,2020-10-20,3222.280029296875,3266.0,3192.010009765625,3217.010009765625,3217.010009765625,4509700,48.1386852260237,32.331181239873786,,3209.329968261719,,5374410.0,
35,2020-10-21,3212.5,3233.8798828125,3160.0,3184.93994140625,3184.93994140625,4592700,46.188939552514945,24.249569172100564,4.5563553640414485,3218.5839599609376,,5402740.0,1007976.6903708569
36,2020-10-22,3189.8701171875,3198.75,3121.93994140625,3176.39990234375,3176.39990234375,4212000,45.658603659190305,17.002755816551144,2.6226821316110946,3226.414453125,,5506530.0,1605989.513266939
37,2020-10-23,3191.0,3205.330078125,3140.0,3204.39990234375,3204.39990234375,3466700,47.77583068115895,13.260182739803895,1.644875150302729,3231.8779541015624,,5362410.0,2107576.370985953
38,2020-10-26,3198.739990234375,3282.97998046875,3153.300048828125,3207.0400390625,3207.0400390625,5901200,47.98163118483099,10.379870747327004,0.9094068005873099,3233.527453613281,,5116110.0,6489065.175440636
39,2020-10-27,3224.93994140625,3291.659912109375,3211.300048828125,3286.330078125,3286.330078125,4291000,53.86207192923963,14.063309932148059,1.9550617055522217,3240.599963378906,,4970740.0,2194815.635646638
40,2020-10-28,3249.300048828125,3264.02001953125,3162.469970703125,3162.780029296875,3162.780029296875,5588300,45.27374543819934,7.3167591249507495,0.17917223335015295,3241.3024658203126,,4948300.0,31189542.573144633
41,2020-10-29,3201.27001953125,3257.25,3164.0,3211.010009765625,3211.010009765625,6596500,48.71171862368799,5.65848880138401,-0.21834636585275013,3240.7899658203123,,5085610.0,-30211173.76621964
42,2020-10-30,3157.75,3167.0,3019.0,3036.14990234375,3036.14990234375,8386400,39.11702849253284,-9.182817684333259,-3.9912019531429115,3236.3474609375,,5276810.0,-2101221.6616591015
43,2020-11-02,3061.739990234375,3079.7099609375,2950.1201171875,3004.47998046875,3004.47998046875,7257400,37.66981718208501,-23.14558832651619,-7.434757375123335,3226.611462402344,,5480190.0,-976144.8334929163
44,2020-11-03,3018.530029296875,3074.89990234375,2980.97998046875,3048.409912109375,3048.409912109375,4897900,40.93419513990739,-30.411161277656902,-9.17343793922759,3224.0339599609374,,5519010.0,-533921.9638752368
45,2020-11-04,3159.989990234375,3244.85009765625,3139.72998046875,3241.159912109375,3241.159912109375,6839000,52.65147997734855,-20.789446696816412,-6.573460420861838,3226.3074584960937,,5743640.0,-1040395.7066958878
46,2020-11-05,3319.969970703125,3366.800048828125,3288.8798828125,3322.0,3322.0,5789300,56.54504341609697,-6.72821773961914,-3.089759185044965,3232.8799560546877,,5901370.0,-1873705.8952753784
47,2020-11-06,3304.639892578125,3322.0,3232.0,3311.3701171875,3311.3701171875,4647300,55.894174137448154,3.5324917974576238,-0.6348226818652453,3234.115966796875,,6019430.0,-7320626.897490864
48,2020-11-09,3231.030029296875,3289.0,3112.110107421875,3143.739990234375,3143.739990234375,7190400,46.75449618152629,-1.5585535968843942,-1.6461649122945923,3219.1564697265626,,6148350.0,-4367970.636658321
49,2020-11-10,3095.02001953125,3114.0,3019.47998046875,3035.02001953125,3035.02001953125,6591000,41.96199316918918,-14.029440099313888,-4.187910357838283,3198.7259765625,3191.1019873046876,6378350.0,-1573815.9217434025
50,2020-11-11,3061.780029296875,3139.14990234375,3050.0,3137.389892578125,3137.389892578125,4366900,47.426527944260464,-15.620107643768279,-4.353272904725027,3187.4099731445312,3183.8673828125,6256210.0,-1003130.3103603227
51,2020-11-12,3159.949951171875,3175.8798828125,3086.050048828125,3110.280029296875,3110.280029296875,4362000,46.18632166267473,-18.813445860561387,-4.892278442821293,3175.9914794921874,3175.443984375,6032760.0,-891609.1042202639
52,2020-11-13,3122.0,3141.719970703125,3085.389892578125,3128.81005859375,3128.81005859375,3756200,47.202613603300996,-19.644833053578623,-5.00159351693715,3168.796484375,3170.660185546875,5569740.0,-751000.6535477522
53,2020-11-16,3093.199951171875,3142.699951171875,3072.68994140625,3131.06005859375,3131.06005859375,3808700,47.33267791154987,-19.894784922039435,-5.050579958535746,3164.9889892578126,3167.388984375,5224870.0,-754111.4151777949
54,2020-11-17,3183.5400390625,3189.25,3135.260009765625,3135.659912109375,3135.659912109375,3444700,47.616786274001655,-19.501367940412365,-5.011768154073638,3160.921484375,3167.105380859375,5079550.0,-687322.2970619855
55,2020-11-18,3134.0,3140.0,3105.10009765625,3105.4599609375,3105.4599609375,2916800,45.867368529003606,-21.349558363606775,-5.454840605912515,3156.9474853515626,3163.8423779296877,4687330.0,-534717.7325105474
56,2020-11-19,3105.31005859375,3125.0,3080.919921875,3117.02001953125,3117.02001953125,3010300,46.67498086580255,-21.64205761155381,-5.614483338108633,3153.9784912109376,3162.680576171875,4409430.0,-536166.8774698133
57,2020-11-20,3117.02001953125,3132.889892578125,3098.050048828125,3099.39990234375,3099.39990234375,3374400,45.55926413299272,-23.014681962548366,-6.03785826658488,3148.7284912109376,3162.3441748046876,4282140.0,-558873.6686110753
58,2020-11-23,3116.699951171875,3139.75,3065.4599609375,3098.389892578125,3098.389892578125,4708900,45.49213553358976,-23.907024340020143,-6.411644030806969,3143.2959838867187,3162.2525732421873,4033990.0,-734429.4189406735
59,2020-11-24,3100.5,3134.25,3086.260009765625,3118.06005859375,3118.06005859375,3602100,47.12608817023342,-22.778483447150847,-6.33750667428176,3134.8824829101563,3161.4911767578124,3735100.0,-568378.0996425116
60,2020-11-25,3141.8701171875,3198.0,3140.260009765625,3185.070068359375,3185.070068359375,3790400,52.36480129126639,-16.334361715523755,-4.905972354866696,3135.9969848632813,3163.630576171875,3677450.0,-772609.3271275663
61,2020-11-27,3211.260009765625,3216.18994140625,3190.050048828125,3195.340087890625,3195.340087890625,2392900,53.1312495134482,-10.286912895435762,-3.490405178636994,3135.213488769531,3167.3627783203124,3480540.0,-685565.1070671484
62,2020-11-30,3208.47998046875,3228.389892578125,3125.550048828125,3168.0400390625,3168.0400390625,4063900,50.79174024193591,-7.593915571046182,-2.836090451959209,3141.807995605469,3171.625380859375,3511310.0,-1432923.268435463
63,2020-12-01,3188.5,3248.949951171875,3157.179931640625,3220.080078125,3220.080078125,4537000,54.871068601238626,-1.274244083969279,-1.164130233742767,3152.588000488281,3176.8175830078126,3584140.0,-3897330.271556646
64,2020-12-02,3221.64990234375,3232.0,3173.260009765625,3203.530029296875,3203.530029296875,3129300,53.35617647857632,2.379188422397874,-0.11972853935009808,3160.3440063476564,3178.3083837890626,3552600.0,-26136625.544638254
65,2020-12-03,3205.4599609375,3228.639892578125,3181.31005859375,3186.72998046875,3186.72998046875,2892000,51.79300945803369,3.8817745431065305,0.38386349731380387,3157.622509765625,3182.04578125,3550120.0,7533928.12871661
66,2020-12-04,3198.2099609375,3198.2099609375,3158.760009765625,3162.580078125,3162.580078125,2913600,49.54593120323537,3.0984822848595286,0.25079892953302585,3149.651513671875,3184.90158203125,3540450.0,11617274.465345474
67,2020-12-07,3156.47998046875,3180.760009765625,3141.68994140625,3158.0,3158.0,2751300,49.11075429190705,2.0859440197095864,0.02894423836460584,3141.9830078125,3186.158984375,3478140.0,95055187.33442986
68,2020-12-08,3158.89990234375,3184.1298828125,3120.02001953125,3177.2900390625,3177.2900390625,3286300,51.0604322583179,2.800646657683046,0.3161487796685629,3143.660510253906,3186.2237841796873,3335880.0,10394789.451489324
69,2020-12-09,3167.889892578125,3174.429931640625,3088.0,3104.199951171875,3104.199951171875,4100800,44.15725536947345,-2.4771333412741114,-1.2917099486323507,3147.1195068359375,3185.410185546875,3385750.0,-3174706.5231957724
70,2020-12-10,3088.989990234375,3142.10009765625,3076.0,3101.489990234375,3101.489990234375,3030200,43.920162939573345,-6.7990081038451535,-2.698876829317691,3145.32451171875,3184.4653857421877,3309730.0,-1122763.3536600007
71,2020-12-11,3096.659912109375,3118.669921875,3072.820068359375,3116.419921875,3116.419921875,3064700,45.6515039582517,-8.92074859247441,-3.4696816393115406,3145.6315063476563,3182.368583984375,3376910.0,-883279.8851851153
72,2020-12-14,3143.0,3190.469970703125,3126.0,3156.969970703125,3156.969970703125,4155800,50.15277445306216,-7.25744352091624,-2.9647164860779545,3147.039501953125,3183.0079833984373,3386100.0,-1401752.9229237493
73,2020-12-15,3181.010009765625,3188.5,3130.489990234375,3165.1201171875,3165.1201171875,3319500,51.030645402823886,-5.223468238667465,-2.306401304010174,3148.7425048828127,3182.32638671875,3264350.0,-1439255.1696135171
74,2020-12-16,3176.010009765625,3247.0,3163.679931640625,3240.9599609375,3240.9599609375,4427600,58.37653815074299,2.461995278937138,0.453391284603682,3154.0075073242188,3185.14638671875,3394180.0,9765516.343946157
75,2020-12-17,3250.0,3263.510009765625,3221.0,3236.080078125,3236.080078125,3474300,57.775967538889894,8.0668508841527,2.5679443064308622,3160.5385131835938,3185.954189453125,3452410.0,1352949.9028851076
76,2020-12-18,3243.989990234375,3249.419921875,3171.60009765625,3201.64990234375,3201.64990234375,5995700,53.587065129205655,9.62625348350457,3.2577455906271173,3164.7700073242186,3186.1761865234375,3760620.0,1840444.513914859
77,2020-12-21,3200.010009765625,3226.969970703125,3166.0,3206.179931640625,3206.179931640625,3836800,54.05901919566096,11.09876894955869,3.959413679321315,3170.1090087890625,3184.566787109375,3869170.0,969032.3645741579
78,2020-12-22,3202.840087890625,3222.0,3180.080078125,3206.52001953125,3206.52001953125,2369400,54.09675719818144,12.15296340426039,4.555640853616548,3175.515515136719,3179.8385888671874,3777480.0,520102.4567419586
79,2020-12-23,3205.0,3210.1298828125,3184.169921875,3185.27001953125,3185.27001953125,2093800,51.26317017087009,11.148518839743247,4.340499392229094,3178.876013183594,3174.6713916015624,3576780.0,482386.88934010296
80,2020-12-24,3193.89990234375,3202.0,3169.0,3172.68994140625,3172.68994140625,1451900,49.6065851051468,9.232783859084066,3.72367246560149,3178.2570068359373,3170.8509912109375,3418950.0,389910.77045909635
81,2020-12-28,3194.0,3304.0,3172.68994140625,3283.9599609375,3283.9599609375,5686800,61.467432939775414,16.48789987543205,6.775490906192813,3182.6880004882814,3169.7571923828127,3681160.0,839319.2580042065
82,2020-12-29,3309.93994140625,3350.64990234375,3281.219970703125,3322.0,3322.0,4872900,64.5401743568346,25.01383801863267,10.354588175248725,3190.3859985351564,3170.7429931640627,3752870.0,470602.9749834014
83,2020-12-30,3341.0,3342.10009765625,3282.469970703125,3285.85009765625,3285.85009765625,3209300,59.67040995654474,28.528871850731775,11.854507558479781,3193.6744995117188,3172.3157958984375,3741850.0,270724.02494731377
84,2020-12-31,3275.0,3282.919921875,3241.199951171875,3256.929931640625,3256.929931640625,2957200,56.02821696317724,28.653650225004185,11.970401354464137,3196.3444946289064,3173.1141943359376,3594810.0,247042.67738668324
85,2021-01-04,3270.0,3272.0,3144.02001953125,3186.6298828125,3186.6298828125,4411400,48.30902664784692,22.823781546191185,9.499490658655112,3196.339489746094,3173.1479931640624,3688520.0,464382.79256380076
86,2021-01-05,3166.010009765625,3223.3798828125,3165.06005859375,3218.510009765625,3218.510009765625,2655500,51.56775842421065,20.536364093522025,8.51743318018132,3199.135986328125,3173.9901953125,3354500.0,311772.33138487267
87,2021-01-06,3146.47998046875,3197.510009765625,3131.159912109375,3138.3798828125,3138.3798828125,4394800,44.050710855649875,12.124830409065453,5.022673429102425,3198.15498046875,3172.669794921875,3410300.0,874992.185344085
88,2021-01-07,3157.0,3208.5400390625,3155.0,3162.159912109375,3162.159912109375,3514500,46.54122649541594,7.2916002512993146,3.0568339052470437,3197.398474121094,3171.7721923828126,3524810.0,1149718.9932260874
89,2021-01-08,3180.0,3190.639892578125,3142.199951171875,3182.699951171875,3182.699951171875,3537700,48.66675522949457,5.058847054509897,2.1473480797351265,3201.3234741210936,3169.69958984375,3669200.0,1647473.9393141945
90,2021-01-11,3148.010009765625,3156.3798828125,3110.0,3114.2099609375,3114.2099609375,3683400,42.58639401356932,-2.2070773471659777,-0.6880588142242049,3201.95947265625,3168.7281884765625,3892350.0,-5353321.436849959
91,2021-01-12,3120.0,3142.139892578125,3086.0,3120.830078125,3120.830078125,3514600,43.32348882438414,-7.3468521356253405,-2.6899478942309463,3202.17998046875,3166.92458984375,3675130.0,-1306568.0593805038
92,2021-01-13,3128.43994140625,3189.949951171875,3122.080078125,3165.889892578125,3165.889892578125,3321200,48.19833230339947,-7.6980545757014625,-2.8633717000268297,3202.6259765625,3169.5193896484375,3519960.0,-1159891.3267072104
93,2021-01-14,3167.52001953125,3178.0,3120.590087890625,3127.469970703125,3127.469970703125,3070900,44.67033278656313,-10.948257586861928,-4.122390614455357,3200.7434692382812,3171.979189453125,3506120.0,-744931.8337839564
94,2021-01-15,3123.02001953125,3142.550048828125,3095.169921875,3104.25,3104.25,4244000,42.638945034094164,-15.22106942172968,-5.7849651965493365,3193.9079711914064,3173.0959912109374,3634800.0,-733625.8483510836
95,2021-01-19,3107.0,3145.0,3096.0,3120.760009765625,3120.760009765625,3305100,44.56911606001608,-17.078931968007055,-6.5803903882988095,3188.1419677734375,3170.6879931640624,3524170.0,-502265.03367901983
96,2021-01-20,3181.989990234375,3279.800048828125,3175.0,3263.3798828125,3263.3798828125,5309800,57.78422684351558,-6.968831014175066,-2.712602450464794,3191.228466796875,3169.5155908203124,3789600.0,-1957456.02127956
97,2021-01-21,3293.0,3348.550048828125,3289.570068359375,3306.989990234375,3306.989990234375,4936100,60.85722572162703,4.508716255590571,1.49269169074254,3196.2689697265623,3169.42798828125,3843730.0,3306844.963774492
98,2021-01-22,3304.31005859375,3321.909912109375,3283.159912109375,3292.22998046875,3292.22998046875,2821900,59.28428832927834,12.272758089681702,4.28351366414967,3200.5544677734374,3172.3977880859375,3774470.0,658781.6034340075
99,2021-01-25,3328.5,3363.889892578125,3243.14990234375,3294.0,3294.0,3749800,59.419741816167914,18.35693174867447,6.520677798369198,3205.990966796875,3177.5773876953126,3795680.0,575062.917682854
100,2021-01-26,3296.360107421875,3338.0,3282.8701171875,3326.1298828125,3326.1298828125,2955200,61.89770612990109,25.47656663754651,9.161891251303494,3213.6629638671875,3181.3521875,3722860.0,322553.4902064629
101,2021-01-27,3341.489990234375,3346.52001953125,3207.080078125,3232.580078125,3232.580078125,4660200,51.950744464739785,23.304292223119774,8.339975537298278,3211.0939697265626,3183.7981884765627,3837420.0,558778.6174142262
102,2021-01-28,3235.0400390625,3301.679931640625,3228.68994140625,3237.6201171875,3237.6201171875,3149200,52.394606246069195,21.738704453047376,7.829289173490397,3206.8749755859376,3185.9743896484374,3820220.0,402233.19514918956
103,2021-01-29,3230.0,3236.989990234375,3184.550048828125,3206.199951171875,3206.199951171875,4293600,49.33493407055666,17.758688097678714,6.464840912962731,3202.892468261719,3187.4771875,3942490.0,664146.2733276004
104,2021-02-01,3242.360107421875,3350.260009765625,3235.030029296875,3342.8798828125,3342.8798828125,4160200,60.21809110128671,25.33817523093103,8.940610700510323,3207.1899658203124,3191.6215869140624,3934110.0,465314.97001234366
105,2021-02-02,3380.0,3427.739990234375,3361.1298828125,3380.0,3380.0,7098600,62.56966823738667,33.94809374355145,11.727006042506122,3216.8584716796877,3197.1123876953125,4313460.0,605320.7420777446
106,2021-02-03,3425.010009765625,3434.0,3308.6201171875,3312.530029296875,3312.530029296875,7088800,56.08073676972271,34.92595229187509,11.845715606017293,3221.55947265625,3201.022587890625,4491360.0,598427.3332038368
107,2021-02-04,3330.0,3347.0,3277.75,3331.0,3331.0,3670700,57.38368045019283,36.767099085896916,12.3627326455563,3231.190478515625,3205.65458984375,4364820.0,296916.5560107302
108,2021-02-05,3319.0,3377.0,3302.7099609375,3352.14990234375,3352.14990234375,3620800,58.88775256488161,39.47739172957836,13.249336891626545,3240.689978027344,3210.7297900390627,4444710.0,273281.60115607834
109,2021-02-08,3358.5,3365.0,3304.0,3322.93994140625,3322.93994140625,3257400,55.95073972500202,38.82125214711141,13.08539300911565,3247.7019775390627,3214.8273876953126,4395470.0,248934.0593538768
110,2021-02-09,3312.489990234375,3338.0,3297.840087890625,3305.0,3305.0,2203500,54.16397997141473,36.433916088501974,12.421489115988368,3257.2414794921874,3217.225986328125,4320300.0,177394.18997387006
111,2021-02-10,3314.0,3317.949951171875,3254.0,3286.580078125,3286.580078125,3151600,52.31662030972343,32.67913839158564,11.335742161302276,3265.5289794921873,3219.0507861328124,4169440.0,278023.2608641071
112,2021-02-11,3292.0,3292.0,3248.06005859375,3262.1298828125,3262.1298828125,2301400,49.88449632170161,27.414805532060655,9.72052779857461,3270.3409790039063,3220.9325830078124,4084660.0,236756.69137404973
113,2021-02-12,3250.0,3280.25,3233.31005859375,3277.7099609375,3277.7099609375,2335300,51.43385387830942,24.220585803081576,8.787305791485352,3277.852978515625,3222.0851806640626,3888830.0,265758.36273534934
114,2021-02-16,3254.050048828125,3308.300048828125,3253.590087890625,3268.949951171875,3268.949951171875,2574700,50.488719513940815,20.743261086351595,7.750114578163315,3286.0879760742187,3223.3935791015624,3730280.0,332214.44328764663
115,2021-02-17,3263.60009765625,3320.909912109375,3259.5,3308.639892578125,3308.639892578125,3297500,54.562688036482676,20.94822960301417,7.9424507770671795,3295.481970214844,3225.83177734375,3350170.0,415174.1184875975
116,2021-02-18,3282.419921875,3338.0,3273.93994140625,3328.22998046875,3328.22998046875,3027400,56.46672536053878,22.432650285214095,8.627543655168276,3298.724475097656,3229.144775390625,2944030.0,350899.4125096608
117,2021-02-19,3328.22998046875,3333.5,3245.75,3249.89990234375,3249.89990234375,4305200,47.83520457420881,17.092116074268233,6.686374736621373,3295.869970703125,3230.9827734375,3007480.0,643876.565341209
118,2021-02-22,3208.1298828125,3232.320068359375,3172.260009765625,3180.739990234375,3180.739990234375,3515700,41.76482387107698,7.19666676693123,2.999756515804146,3290.2954711914062,3231.0517724609376,2996970.0,1171995.1207631745
119,2021-02-23,3127.030029296875,3204.72998046875,3093.60009765625,3194.5,3194.5,4677200,43.306352811605414,0.4593817005634264,0.4829065764823409,3285.3204711914063,3232.8577734375,3138950.0,9685517.298336146
120,2021-02-24,3166.75,3171.22998046875,3125.3798828125,3159.530029296875,3159.530029296875,3011300,40.38083470191903,-7.613740761548343,-2.5491825972378592,3276.990478515625,3234.01857421875,3219730.0,-1181280.6204086216
121,2021-02-25,3136.739990234375,3178.260009765625,3047.760009765625,3057.159912109375,3057.159912109375,4533800,33.29093906662072,-22.017705974408727,-7.791683612074561,3268.2194702148436,3232.8333740234375,3357950.0,-581876.8093938123
122,2021-02-26,3095.199951171875,3122.43994140625,3036.699951171875,3092.929931640625,3092.929931640625,4275900,37.42517140106848,-30.198692656581898,-10.72218809062141,3260.9849609375,3231.5525732421875,3555400.0,-398789.8704873576
123,2021-03-01,3127.889892578125,3149.56005859375,3097.989990234375,3146.139892578125,3146.139892578125,2729100,43.076612852404544,-32.019756986497214,-11.325759829288922,3257.9819580078124,3231.17296875,3594780.0,-240963.96543236112
124,2021-03-02,3143.469970703125,3163.52001953125,3087.1201171875,3094.530029296875,3094.530029296875,2595800,39.36319080777228,-37.19838681716419,-13.057522712784369,3245.5644653320314,3228.2443701171874,3596890.0,-198797.28008885653
125,2021-03-03,3081.179931640625,3107.780029296875,2995.0,3005.0,3005.0,3988700,33.90317568330927,-47.973386693425255,-16.478475036930785,3226.8144653320314,3223.6227685546874,3666010.0,-242055.16536334294
126,2021-03-04,3012.0,3058.1298828125,2945.429931640625,2977.570068359375,2977.570068359375,5481600,32.41946221588532,-58.05664943310967,-19.68763707475791,3210.0664672851562,3219.141171875,3911430.0,-278428.53762415797
127,2021-03-05,3005.0,3009.0,2881.0,3000.4599609375,3000.4599609375,5388600,34.97676382305015,-63.46913206073896,-21.445759092579028,3193.5394653320313,3215.0267724609375,4019770.0,-251266.46143594148
128,2021-03-08,3015.0,3064.590087890625,2951.31005859375,2951.949951171875,2951.949951171875,4185000,32.19617437762125,-70.85594737023257,-23.8149075089467,3173.5294677734373,3209.93537109375,4086700.0,-175730.26468516808
129,2021-03-09,3017.989990234375,3090.9599609375,3005.14990234375,3062.85009765625,3062.85009765625,4030000,43.29472244009757,-66.9894902040669,-22.11755148758504,3160.5249755859377,3207.48697265625,4021980.0,-182208.23413758562
130,2021-03-10,3098.449951171875,3116.4599609375,3030.050048828125,3057.639892578125,3057.639892578125,3012500,42.93911370019673,-63.61241110419223,-20.920633257686806,3148.1569702148436,3205.1859716796876,4022100.0,-143996.59718202488
131,2021-03-11,3104.010009765625,3131.780029296875,3082.929931640625,3113.590087890625,3113.590087890625,2776400,47.889032506793114,-55.778517720737455,-18.292662291081157,3139.507470703125,3201.77857421875,3846360.0,-151776.70455074616
132,2021-03-12,3075.0,3098.97998046875,3045.5,3089.489990234375,3089.489990234375,2421900,46.03650860330215,-50.92764944585542,-16.733573496395262,3130.8754760742186,3197.1283740234376,3660960.0,-144732.98249902955
133,2021-03-15,3074.570068359375,3082.239990234375,3032.090087890625,3081.679931640625,3081.679931640625,2913600,45.42327440222583,-47.169743567595106,-15.659431010575103,3121.073974609375,3193.044970703125,3679410.0,-186060.40015326175
134,2021-03-16,3104.969970703125,3128.909912109375,3075.860107421875,3091.860107421875,3091.860107421875,2538800,46.425052225661695,-42.875896365842436,-14.491160064089623,3112.219482421875,3189.74357421875,3673710.0,-175196.46382841156
135,2021-03-17,3073.219970703125,3173.050048828125,3070.219970703125,3135.72998046875,3135.72998046875,3118600,50.63055537921543,-35.52365741810854,-12.246458661526063,3103.5739868164064,3188.725576171875,3586700.0,-254653.20924142026
136,2021-03-18,3101.0,3116.6298828125,3025.0,3027.989990234375,3027.989990234375,3649600,41.92619449081058,-37.95296118677879,-12.887810533975044,3088.5619873046876,3184.91517578125,3403500.0,-283182.3132702695
137,2021-03-19,3029.22998046875,3077.2900390625,3016.6298828125,3074.9599609375,3074.9599609375,4625400,46.263514793110595,-35.67693999225867,-12.039119244863027,3079.814990234375,3183.64677734375,3327180.0,-384197.54019577574
138,2021-03-22,3067.85009765625,3126.580078125,3060.050048828125,3110.8701171875,3110.8701171875,2902200,49.37648655784138,-30.62258905267845,-10.35636709198561,3076.321496582031,3182.6209814453123,3198900.0,-280233.40368514933
139,2021-03-23,3127.0,3182.0,3120.85009765625,3137.5,3137.5,3817300,51.61496850761419,-24.189372156338322,-8.283823831746833,3073.4714965820312,3181.716982421875,3177630.0,-460813.7591447349
140,2021-03-24,3151.0400390625,3160.31005859375,3085.14990234375,3087.070068359375,3087.070068359375,2959000,47.34540969820915,-22.896268672789574,-7.8153139571730925,3069.848498535156,3181.1741845703127,3172280.0,-378615.6277553194
141,2021-03-25,3072.989990234375,3109.780029296875,3037.139892578125,3046.260009765625,3046.260009765625,3563500,44.16181502183516,-24.87767579701358,-8.397794811015086,3069.303503417969,3179.682783203125,3250990.0,-424337.5886400422
142,2021-03-26,3044.06005859375,3056.659912109375,2996.0,3052.030029296875,3052.030029296875,3312900,44.72771807096642,-25.6862736352914,-8.70309564086323,3067.258508300781,3177.4055859375,3340090.0,-380657.6575402778
143,2021-03-29,3055.43994140625,3091.25,3028.449951171875,3075.72998046875,3075.72998046875,2746000,47.099241875185406,-24.136501199972372,-8.283025552521615,3063.7380126953126,3176.3707861328126,3323330.0,-331521.3725453293
144,2021-03-30,3070.010009765625,3073.0,3034.0,3055.2900390625,3055.2900390625,2337600,45.294230841093714,-24.277746874190143,-8.434206678468524,3061.776013183594,3175.3915869140624,3303210.0,-277157.0687220176
145,2021-03-31,3064.06005859375,3119.330078125,3062.5,3094.080078125,3094.080078125,3093900,49.267750091845926,-21.017415188659925,-7.435979307117385,3066.230017089844,3174.85798828125,3300740.0,-416071.62583664776
146,2021-04-01,3117.93994140625,3162.43994140625,3115.550048828125,3161.0,3161.0,2940300,55.2998810724688,-12.88522867759093,-4.70800607145205,3075.401513671875,3172.810390625,3229810.0,-624531.9048820063
147,2021-04-05,3173.0,3235.9599609375,3161.239990234375,3226.72998046875,3226.72998046875,3334900,60.293761589571325,-1.1236556873741392,-0.7130922040368878,3086.7150146484373,3171.2051904296877,3100760.0,-4676674.322227604
148,2021-04-06,3223.75,3247.31005859375,3217.0400390625,3223.820068359375,3223.820068359375,2537800,59.97431678448806,7.871928486300931,2.3826564705196107,3100.3085205078123,3169.8369921875,3064320.0,1065113.679374247
149,2021-04-07,3233.800048828125,3303.610107421875,3223.64990234375,3279.389892578125,3279.389892578125,3346200,63.9070106314791,19.26292185175862,6.315919391946536,3111.1355102539064,3169.5447900390627,3017210.0,529804.1017221909
150,2021-04-08,3310.89990234375,3324.5,3292.0,3299.300048828125,3299.300048828125,2812100,65.22537123315311,29.55622889448614,9.962672931564976,3123.2185180664064,3169.008193359375,3002520.0,282263.6072986353
151,2021-04-09,3304.699951171875,3372.199951171875,3288.89990234375,3372.199951171875,3372.199951171875,4341500,69.60335348886608,43.09929328958424,14.634891936499455,3136.1490112304687,3171.8005908203127,3080320.0,296654.05244109035
152,2021-04-12,3355.2099609375,3395.0400390625,3351.14990234375,3379.389892578125,3379.389892578125,3281800,70.00445230377431,53.792347160026566,18.512128934513765,3150.644006347656,3174.635986328125,3077210.0,177278.36769121978
153,2021-04-13,3400.85009765625,3432.0,3395.6298828125,3400.0,3400.0,3315800,71.17848995381138,63.20117659018115,22.095763905007036,3166.560009765625,3178.5119873046874,3134190.0,150064.96332306572
154,2021-04-14,3404.0400390625,3404.1298828125,3326.0,3333.0,3333.0,3145200,62.600556844527226,64.50782735635448,22.711741435763138,3178.6170043945312,3178.3143896484376,3214950.0,138483.4363712594
155,2021-04-15,3371.0,3397.0,3352.0,3379.090087890625,3379.090087890625,3233600,65.66588619992308,68.47310521262852,24.17955964966491,3190.785009765625,3178.29619140625,3228920.0,133732.79111990827
156,2021-04-16,3380.0,3406.800048828125,3355.590087890625,3399.43994140625,3399.43994140625,3186000,66.95375768006629,72.42282483226381,25.772076039842105,3209.3575073242187,3180.0343896484374,3253490.0,123622.1713405871
157,2021-04-19,3390.330078125,3435.929931640625,3360.159912109375,3372.010009765625,3372.010009765625,2725400,63.49640304750822,72.50387026287672,26.08639188672407,3224.210009765625,3180.85458984375,3192540.0,104475.92797940811
158,2021-04-20,3373.60009765625,3382.989990234375,3316.0,3334.68994140625,3334.68994140625,2623000,59.03013161850706,68.76402578668285,25.019649308718538,3235.4010009765625,3180.505390625,3201060.0,104837.60054486332
159,2021-04-21,3316.0,3362.860107421875,3303.81005859375,3362.02001953125,3362.02001953125,2211200,61.183392690027354,67.23048029428764,24.74229566788175,3246.627001953125,3181.2869921875,3087560.0,89369.23354571272
160,2021-04-22,3371.679931640625,3372.8701171875,3301.449951171875,3309.0400390625,3309.0400390625,2580600,55.13405712452314,61.03651788229081,22.647566402018697,3257.7255004882813,3181.36779296875,3064410.0,113946.01760699452
161,2021-04-23,3319.10009765625,3375.0,3308.5,3340.8798828125,3340.8798828125,3192800,57.83239817445327,58.02804677380118,21.679740888561362,3272.456494140625,3182.4537890625,2949540.0,147271.13282449704
162,2021-04-26,3348.0,3428.449951171875,3330.93994140625,3409.0,3409.0,4880700,62.96441832829961,60.44375941659291,22.425124184775722,3290.3049926757812,3185.39119140625,3109430.0,217644.27968311886
163,2021-04-27,3443.469970703125,3460.0,3398.010009765625,3417.429931640625,3417.429931640625,3827100,63.555536569359255,62.32006469977341,23.20051503205336,3307.389990234375,3188.1855908203124,3160560.0,164957.54489555754
164,2021-04-28,3434.800048828125,3489.8798828125,3425.0,3458.5,3458.5,4631900,66.37163003095895,66.35613937493281,24.718254758971987,3327.55048828125,3191.976591796875,3309230.0,187387.82511814506
165,2021-04-29,3505.10009765625,3514.449951171875,3435.0,3471.31005859375,3471.31005859375,7682400,67.2223825808367,69.78399272182924,26.212112246063224,3346.4119873046875,3195.2299951171876,3754110.0,293085.8805991041
166,2021-04-30,3525.1201171875,3554.0,3462.5,3467.419921875,3467.419921875,7009300,66.67077354871664,71.36404968963325,27.2830199107931,3361.7329833984377,3198.0137939453125,4136440.0,256910.7094052714
167,2021-05-03,3484.72998046875,3486.64990234375,3372.699951171875,3386.489990234375,3386.489990234375,5875500,56.317255561836205,65.33278577972806,25.122610586929216,3369.720983886719,3200.745595703125,4451450.0,233872.98782782166
168,2021-05-04,3356.18994140625,3367.97998046875,3272.1298828125,3311.8701171875,3311.8701171875,5439400,48.79335353345506,53.910333215226274,20.712991344364635,3374.123486328125,3203.3681982421876,4733090.0,262608.13368610287
169,2021-05-05,3338.860107421875,3354.699951171875,3264.360107421875,3270.5400390625,3270.5400390625,3711300,45.19204717417025,41.04977558057908,15.84969741078583,3373.6809936523437,3204.8889990234375,4883100.0,234155.88978212507
170,2021-05-06,3270.0,3314.39990234375,3247.199951171875,3306.3701171875,3306.3701171875,4447700,48.72525452653501,33.364271240204744,12.922044927080467,3374.0344970703127,3207.82580078125,5069810.0,344194.7482073093
171,2021-05-07,3319.090087890625,3330.889892578125,3289.070068359375,3291.610107421875,3291.610107421875,4710300,47.37051068754591,25.785210390640714,10.137049192820822,3370.0050048828125,3212.5148046875,5221560.0,464661.846894843
172,2021-05-10,3282.320068359375,3283.0,3190.0,3190.489990234375,3190.489990234375,5838600,39.30724027837255,11.486801557522995,4.820650413543983,3360.560009765625,3214.466005859375,5317350.0,1211164.3656208736
173,2021-05-11,3136.280029296875,3238.0,3127.3701171875,3223.909912109375,3223.909912109375,4619800,42.774190845378435,2.81941384011634,1.6169169581575926,3351.755505371094,3216.02140625,5396620.0,2857165.9024864603
174,2021-05-12,3185.0,3207.93994140625,3133.10009765625,3151.93994140625,3151.93994140625,4936400,37.770463293082535,-9.744591204275821,-2.851231875285488,3342.702502441406,3217.1696044921873,5427070.0,-1731321.8341828927
175,2021-05-13,3185.469970703125,3203.840087890625,3133.0,3161.469970703125,3161.469970703125,3350900,38.79152272308679,-18.716905917088297,-6.037558232708508,3331.821496582031,3220.29900390625,4993920.0,-555009.1395966136
176,2021-05-14,3185.56005859375,3228.860107421875,3183.0,3222.89990234375,3222.89990234375,3325000,45.050309847461136,-20.63281111473043,-6.760635223739529,3322.994494628906,3225.2056005859376,4625490.0,-491817.69019640045
177,2021-05-17,3245.929931640625,3292.75,3234.590087890625,3270.389892578125,3270.389892578125,3723900,49.36121633413063,-18.110373292350687,-5.965805068227605,3317.9134887695313,3230.60419921875,4410330.0,-624207.4552238667
178,2021-05-18,3292.580078125,3312.0,3230.3701171875,3232.280029296875,3232.280029296875,2828400,46.227066987983314,-18.967818432289732,-6.298971028773323,3312.7929931640624,3236.21080078125,4149230.0,-449025.7197691556
179,2021-05-19,3195.0,3234.75,3184.0,3231.800048828125,3231.800048828125,2679700,46.18729043196316,-19.461737426707714,-6.574224873209392,3306.2819946289064,3239.5897998046876,4046070.0,-407606.98815156735
180,2021-05-20,3244.39990234375,3259.679931640625,3236.179931640625,3247.679931640625,3247.679931640625,2633200,47.787989407794896,-18.360154552801305,-6.338676341350448,3303.2139892578125,3243.3906005859376,3864620.0,-415417.96081656375
181,2021-05-21,3250.0,3256.68994140625,3197.010009765625,3203.080078125,3203.080078125,4104900,43.84341624078667,-20.8456788438275,-7.285593407122517,3296.3239990234374,3245.180400390625,3804080.0,-563426.9949770985
182,2021-05-24,3215.5,3257.949951171875,3210.5,3244.989990234375,3244.989990234375,2422800,48.1726244741642,-19.21223081760718,-6.814273728395694,3288.123498535156,3248.290400390625,3462500.0,-355547.7951970103
183,2021-05-25,3266.669921875,3279.820068359375,3213.760009765625,3259.050048828125,3259.050048828125,3261100,49.57702607622975,-16.591921653284317,-6.018692687913197,3280.2045043945313,3251.837802734375,3326630.0,-541828.6277598083
184,2021-05-26,3274.590087890625,3295.72998046875,3258.510009765625,3265.159912109375,3265.159912109375,2384000,50.208443908812704,-13.862494942730791,-5.186710212502159,3270.5375,3255.303798828125,3071390.0,-459636.2438475076
185,2021-05-27,3256.0,3260.360107421875,3230.0400390625,3230.110107421875,3230.110107421875,2561200,46.60313630297551,-14.362072302708839,-5.458393820868645,3258.477502441406,3257.1914013671876,2992420.0,-469222.28114211303
186,2021-05-28,3242.0,3247.989990234375,3219.699951171875,3223.070068359375,3223.070068359375,2329800,45.890347191923766,-15.151406974602196,-5.87707751836077,3246.260009765625,3261.0930029296874,2892900.0,-396421.5194918555
187,2021-06-01,3243.5,3250.97998046875,3209.06005859375,3218.64990234375,3218.64990234375,2430000,45.420618432962975,-15.949771616651105,-6.350875638562551,3237.8680053710937,3263.9668017578124,2763510.0,-382624.40304216114
188,2021-06-02,3223.10009765625,3235.0,3208.0,3233.989990234375,3233.989990234375,2014500,47.431673259370726,-15.169797016662415,-6.241012293373317,3233.9739990234375,3266.42919921875,2682120.0,-322784.17431399523
189,2021-06-03,3204.22998046875,3214.43994140625,3184.030029296875,3187.010009765625,3187.010009765625,2398300,42.29212999679573,-18.133519814813553,-7.545479079578729,3229.797497558594,3267.4193994140624,2653980.0,-317845.95447236986
190,2021-06-04,3212.0,3221.0,3198.81005859375,3206.219970703125,3206.219970703125,2249700,44.92025682900214,-18.716457084603917,-7.952271833312556,3224.789990234375,3269.8023974609373,2615630.0,-282900.2890187768
191,2021-06-07,3197.330078125,3208.0,3172.199951171875,3198.010009765625,3198.010009765625,2215800,43.99801742272761,-19.614806772282463,-8.540386084161133,3220.1099853515625,3272.8373974609376,2426720.0,-259449.6288767774
192,2021-06-08,3222.610107421875,3279.530029296875,3218.010009765625,3264.110107421875,3264.110107421875,3416700,52.460565509541254,-14.822170892116901,-6.617534077919599,3223.7909912109376,3277.0789990234375,2526110.0,-516310.1481260724
193,2021-06-09,3272.8701171875,3297.580078125,3270.699951171875,3281.14990234375,3281.14990234375,2455500,54.37460684720987,-9.539043653237059,-4.444666778002699,3226.6529907226563,3281.1873974609375,2445550.0,-552459.8631673865
194,2021-06-10,3282.010009765625,3351.0,3281.14990234375,3349.64990234375,3349.64990234375,3476500,61.14687503169687,0.1732515630628768,-0.2819053122771716,3236.5384887695313,3287.0745947265623,2554800.0,-12332154.977561675
195,2021-06-11,3349.64990234375,3366.580078125,3333.449951171875,3346.830078125,3346.830078125,2817400,60.74714246703064,7.555682080418137,2.93730467377152,3245.806494140625,3292.1295947265626,2580420.0,959178.6732775114
196,2021-06-14,3346.830078125,3385.0,3335.5,3383.8701171875,3383.8701171875,2569700,64.0698238112472,16.208293189822598,6.754453897060624,3253.8550048828124,3296.5869970703125,2604410.0,380445.2645858271
197,2021-06-15,3384.0,3396.989990234375,3363.110107421875,3383.1298828125,3383.1298828125,2426200,63.95331387499781,22.74364451504016,9.808126242133948,3259.4920043945312,3299.7149951171873,2604030.0,247366.3103537025
198,2021-06-16,3392.0,3426.35009765625,3360.530029296875,3415.25,3415.25,4202800,66.77654710337261,30.167035179714276,13.311548211528168,3268.6405029296875,3303.54359375,2822860.0,315725.8594729244
199,2021-06-17,3403.179931640625,3497.199951171875,3401.0,3489.239990234375,3489.239990234375,5136500,72.18153896729663,41.54163236543718,18.350109377890927,3281.5125,3307.740595703125,3096680.0,279916.5876465399
200,2021-06-18,3479.989990234375,3507.0,3473.7099609375,3486.89990234375,3486.89990234375,5247700,71.78377953999947,49.79327121230608,22.238494237470672,3293.473498535156,3311.4925927734375,3396480.0,235973.7104483408
201,2021-06-21,3476.419921875,3482.0,3434.0,3453.9599609375,3453.9599609375,3277100,66.24960356595471,53.063098506293954,23.918419648740453,3306.0174926757813,3313.12779296875,3502610.0,137011.56046789957
202,2021-06-22,3458.06005859375,3523.780029296875,3456.090087890625,3505.43994140625,3505.43994140625,3345100,70.1259373444618,59.126885794922146,26.628411074407367,3319.039990234375,3315.6487939453127,3495450.0,125621.4646323747
203,2021-06-23,3505.0,3521.0,3483.199951171875,3503.820068359375,3503.820068359375,2813300,69.85406735211765,63.07468497945092,28.706086601312723,3331.2784912109373,3317.7251953125,3531230.0,98003.60596248422
204,2021-06-24,3507.639892578125,3524.860107421875,3430.85009765625,3449.080078125,3449.080078125,3832000,61.21705661028319,61.08216789174685,27.861664493771183,3340.474499511719,3320.046796875,3566780.0,137536.65007547164
205,2021-06-25,3464.0,3464.820068359375,3394.179931640625,3401.4599609375,3401.4599609375,3941000,54.86207342517885,55.02623058505105,25.061347371453408,3349.0419921875,3320.4941943359377,3679140.0,157254.11493593792
206,2021-06-28,3416.0,3448.0,3413.510009765625,3443.889892578125,3443.889892578125,2242800,58.9510152985828,53.03919431623717,23.99164452425832,3360.0829833984376,3321.383193359375,3646450.0,93482.54546420403
207,2021-06-29,3438.820068359375,3456.030029296875,3423.030029296875,3448.139892578125,3448.139892578125,2098400,59.34825242597427,51.216995551638774,23.26515542404911,3371.557482910156,3322.905791015625,3613670.0,90194.97019267241
208,2021-06-30,3441.06005859375,3471.60009765625,3435.0,3440.159912109375,3440.159912109375,2404000,58.209218233806375,48.569097897147,22.338183317277053,3381.8659790039064,3325.0151904296877,3433790.0,107618.42025625562
209,2021-07-01,3434.610107421875,3457.0,3409.419921875,3432.969970703125,3432.969970703125,2037100,57.14503711017176,45.36748368054759,21.271512054486337,3394.1639770507813,3326.434189453125,3123850.0,95766.58183875363
210,2021-07-02,3451.639892578125,3511.719970703125,3436.919921875,3510.97998046875,3510.97998046875,3169400,64.68819740895088,48.56510831841797,22.602944178356687,3409.4019775390625,3330.47298828125,2916020.0,140220.67103253034
211,2021-07-06,3530.110107421875,3685.47998046875,3529.0,3675.739990234375,3675.739990234375,6744800,74.78356374544347,63.66016889032244,27.91982926363426,3433.2884765625,3337.1701904296874,3262790.0,241577.4085261023
212,2021-07-07,3717.3798828125,3734.199951171875,3678.909912109375,3696.580078125,3696.580078125,5328100,75.72876961183809,76.42376830549529,32.28194095604348,3454.911975097656,3342.9217919921875,3461090.0,165048.93578905237
213,2021-07-08,3643.56005859375,3759.989990234375,3621.1201171875,3731.409912109375,3731.409912109375,5180600,77.26274129883319,88.33126131845711,36.28407971556797,3477.4249755859373,3349.2013916015626,3697820.0,142778.87273456802
214,2021-07-09,3722.52001953125,3748.0,3693.39990234375,3719.340087890625,3719.340087890625,3748200,75.48239115221864,95.69103473594942,38.8098210032439,3495.9094848632812,3354.418193359375,3689440.0,96578.64692771217
215,2021-07-12,3744.0,3757.2900390625,3696.7900390625,3718.550048828125,3718.550048828125,2571600,75.35998354465525,100.303719788315,40.74772208994322,3514.4954833984375,3359.3629931640626,3552500.0,63110.27630756042
216,2021-07-13,3702.10009765625,3773.080078125,3671.320068359375,3677.360107421875,3677.360107421875,3845900,69.07092914766756,99.4887773565074,40.4571850064312,3529.1699829101562,3363.561796875,3712810.0,95060.98853364719
217,2021-07-14,3708.85009765625,3717.659912109375,3660.830078125,3681.679931640625,3681.679931640625,3296600,69.35972885221923,98.06111579288108,40.307297368728904,3544.0974853515627,3369.465595703125,3832630.0,81786.67921698862
218,2021-07-15,3694.199951171875,3695.39990234375,3620.919921875,3631.199951171875,3631.199951171875,3185300,62.06642377899226,91.79817908045288,37.94020377220899,3554.894982910156,3375.8521923828125,3910760.0,83955.79578655865
219,2021-07-16,3633.31005859375,3646.06005859375,3570.4599609375,3573.6298828125,3573.6298828125,4043700,54.96760544954875,81.25270283693044,33.57105061015353,3559.1144775390626,3381.9139892578123,4111420.0,120451.99439713059
220,2021-07-19,3532.580078125,3550.2099609375,3499.159912109375,3549.590087890625,3549.590087890625,3784600,52.27871598995409,70.14691648066946,29.128112581822847,3562.248986816406,3386.778388671875,4172940.0,129929.46210877212
221,2021-07-20,3567.320068359375,3592.0,3518.0,3573.18994140625,3573.18994140625,3255700,54.6253360777403,62.5290160846871,26.136876384189527,3568.210485839844,3392.4099853515627,3824030.0,124563.46933520363
222,2021-07-21,3576.3798828125,3586.449951171875,3543.639892578125,3585.199951171875,3585.199951171875,2319000,55.816067373232265,56.80605764814345,24.02499280180164,3572.198486328125,3400.3041845703124,3523120.0,96524.48261404256
223,2021-07-22,3587.22998046875,3640.02001953125,3582.27001953125,3638.030029296875,3638.030029296875,3265400,60.70145865848889,55.88926090054656,23.61709300136665,3578.908984375,3408.5865869140625,3331600.0,138264.26477683097
224,2021-07-23,3640.0,3666.110107421875,3622.0400390625,3656.639892578125,3656.639892578125,2436300,62.28348306011598,56.01860565027209,23.748369513729585,3589.286975097656,3418.6805859375,3200410.0,102588.0955149998
225,2021-07-26,3673.169921875,3712.080078125,3647.25,3699.820068359375,3699.820068359375,2900100,65.73069475001701,58.926127795913544,24.91272290615565,3604.20498046875,3429.447587890625,3233260.0,116410.39845080195
226,2021-07-27,3698.5,3698.5,3586.14990234375,3626.389892578125,3626.389892578125,4131900,56.30602597855962,54.67490046033117,22.90608218486648,3613.32998046875,3437.5173876953127,3261860.0,180384.40474686897
227,2021-07-28,3633.780029296875,3658.419921875,3601.0,3630.320068359375,3630.320068359375,2999400,56.66417766951545,51.03460929180392,21.430458438026402,3622.4389892578124,3444.7159912109373,3232140.0,139959.67508925693
228,2021-07-29,3627.75,3637.949951171875,3580.010009765625,3599.919921875,3599.919921875,5520000,53.042437283611804,45.17585546570626,19.0800261380042,3630.4269897460936,3452.0687890625,3465610.0,289307.77977316757
229,2021-07-30,3347.949951171875,3368.139892578125,3306.97998046875,3327.590087890625,3327.590087890625,9965600,32.810836219366294,18.346522330806692,7.703578103763401,3625.157995605469,3453.98458984375,4057800.0,1293632.6296388872
230,2021-08-02,3353.10009765625,3358.919921875,3317.0,3331.47998046875,3331.47998046875,3353900,33.202751704699054,-2.572382824942906,-0.2136149686270389,3616.182995605469,3455.6605908203123,4014730.0,-15700678.75653294
231,2021-08-03,3340.719970703125,3391.0,3299.77001953125,3366.239990234375,3366.239990234375,4157300,36.75301049161827,-16.15964529717121,-5.058441358868433,3600.7079956054686,3458.9237890625,4104890.0,-821853.9477009936
232,2021-08-04,3379.35009765625,3388.8798828125,3345.56005859375,3354.719970703125,3354.719970703125,2183900,36.0687978165828,-27.53975680648273,-9.00257839565269,3583.614990234375,3461.118388671875,4091380.0,-242586.05746267055
233,2021-08-05,3356.219970703125,3389.0,3340.919921875,3375.989990234375,3375.989990234375,2433500,38.35084531414331,-34.44520153150734,-11.422118379614197,3565.843994140625,3463.4571875,4008190.0,-213051.54780598552
234,2021-08-06,3375.0,3375.0,3329.0400390625,3344.93994140625,3344.93994140625,2637600,36.3130808386822,-41.939839276653856,-14.0493430380889,3547.123986816406,3465.0527880859377,4028320.0,-187738.31579521223
235,2021-08-09,3343.610107421875,3354.8798828125,3328.52001953125,3341.8701171875,3341.8701171875,2148200,36.10879982530765,-47.57864582722004,-16.206062110522435,3528.289990234375,3467.28798828125,3953130.0,-132555.33548802056
236,2021-08-10,3345.010009765625,3358.0,3315.0,3320.679931640625,3320.679931640625,2412600,34.65938821920321,-53.14469256863549,-18.42758309516101,3510.4559814453123,3469.240185546875,3781200.0,-130923.30055120125
237,2021-08-11,3331.449951171875,3337.699951171875,3277.7900390625,3292.110107421875,3292.110107421875,2947200,32.75060960227039,-59.178992149647,-20.868970136280936,3490.977490234375,3470.7093896484375,3775980.0,-141224.02690472302
238,2021-08-12,3290.0,3314.510009765625,3269.669921875,3303.5,3303.5,2314100,34.30396409126391,-62.32371986035787,-22.472371374860945,3474.592492675781,3472.09958984375,3455390.0,-102975.33630957625
239,2021-08-13,3305.669921875,3306.070068359375,3283.0,3293.969970703125,3293.969970703125,2056700,33.604541761405926,-64.83752629483342,-24.005146281009875,3460.6094970703125,3474.2387890625,2664500.0,-85677.4616544214
240,2021-08-16,3283.0,3300.0,3211.1298828125,3298.989990234375,3298.989990234375,3319700,34.363704874535586,-65.66768617562093,-25.09710799501225,3448.0794921875,3476.094189453125,2661080.0,-132274.20468763774
241,2021-08-17,3277.5,3280.489990234375,3225.679931640625,3241.9599609375,3241.9599609375,3387900,30.14656989799863,-70.11915064965706,-27.28318178868478,3431.5179931640623,3476.9731884765624,2584140.0,-124175.39956446986
242,2021-08-18,3241.989990234375,3254.10009765625,3200.0,3201.219970703125,3201.219970703125,2804300,27.5459477894818,-76.05760035305457,-29.96410428718904,3412.318994140625,3475.7153857421877,2646180.0,-93588.64770734897
243,2021-08-19,3194.02001953125,3233.0,3182.4599609375,3187.75,3187.75,3782900,26.725051467937504,-80.91800617584795,-32.43923389834161,3389.8049926757812,3473.8473876953126,2781120.0,-116614.96112561994
244,2021-08-20,3203.8701171875,3207.81005859375,3175.760009765625,3199.949951171875,3199.949951171875,3358400,28.79480389797105,-82.83065844189832,-33.96269882777669,3366.970495605469,3470.853388671875,2853200.0,-98884.95661167255
245,2021-08-23,3211.89990234375,3280.89990234375,3210.010009765625,3265.8701171875,3265.8701171875,3268100,38.84629587038028,-78.12664733333395,-32.39605243666314,3345.272998046875,3469.234189453125,2965190.0,-100879.57495405947
246,2021-08-24,3280.0,3315.489990234375,3274.580078125,3305.780029296875,3305.780029296875,2551800,44.000375461636864,-70.36713970465235,-29.458120201603627,3329.2425048828127,3467.6723876953124,2979110.0,-86624.67199319413
247,2021-08-25,3309.8701171875,3321.0,3286.14990234375,3299.179931640625,3299.179931640625,1680300,43.34969366169301,-64.01235217388557,-27.247127716013665,3312.685498046875,3465.993388671875,2852420.0,-61668.885524856814
248,2021-08-26,3299.0,3332.0,3296.0,3316.0,3316.0,2098800,45.559217611192175,-56.96227271029102,-24.748364384064654,3298.489501953125,3464.008388671875,2830890.0,-84805.60442012106
249,2021-08-27,3333.22998046875,3352.320068359375,3313.75,3349.6298828125,3349.6298828125,2402400,49.776975034869864,-48.10683778642942,-21.325066978437572,3299.5914916992188,3461.2161865234375,2865460.0,-112656.152612751
250,2021-08-30,3357.429931640625,3445.0,3355.219970703125,3421.570068359375,3421.570068359375,3192200,57.38319693523373,-34.88177470127903,-15.706471080371898,3304.09599609375,3459.90958984375,2852710.0,-203241.0707449897
251,2021-08-31,3424.800048828125,3472.580078125,3395.590087890625,3470.7900390625,3470.7900390625,4356400,61.66135976763069,-20.196365521825555,-9.441255692959501,3309.3234985351564,3460.24619140625,2949560.0,-461421.6733107481
252,2021-09-01,3496.39990234375,3527.0,3475.239990234375,3479.0,3479.0,3629900,62.340463068716126,-7.805619391307118,-4.216568008616801,3315.5375,3459.717392578125,3032120.0,-860865.9916268607
253,2021-09-02,3494.760009765625,3511.9599609375,3455.0,3463.1201171875,3463.1201171875,2923700,60.1221416907189,0.7244117936684233,-0.5464263036728984,3319.894006347656,3458.9033935546877,2946200.0,-5350584.297183074
254,2021-09-03,3452.0,3482.669921875,3436.43994140625,3478.050048828125,3478.050048828125,2575700,61.50892834253382,8.590220948598926,2.9181570978844635,3326.54951171875,3459.48279296875,2867930.0,882646.1062933418
255,2021-09-07,3478.0,3528.090087890625,3476.93994140625,3509.2900390625,3509.2900390625,2737900,64.30604304496634,17.147076669486523,6.748308489864913,3334.9205078125,3461.63939453125,2814910.0,405716.484969822
256,2021-09-08,3511.64990234375,3545.6298828125,3495.669921875,3525.5,3525.5,3053400,65.69892331873615,24.948859922001247,10.37101162656574,3345.161511230469,3463.2715966796877,2865070.0,294416.7946141917
257,2021-09-09,3526.02001953125,3549.989990234375,3480.3701171875,3484.159912109375,3484.159912109375,2719200,59.339244070309654,27.47926589429926,11.72049348981847,3354.7640014648437,3463.9919970703127,2968960.0,232003.8829732003
258,2021-09-10,3501.830078125,3508.449951171875,3462.909912109375,3469.14990234375,3469.14990234375,2397300,57.17513847552108,27.951243974562658,12.222206839458364,3363.046496582031,3464.571796875,2998810.0,196142.97413626802
259,2021-09-13,3482.800048828125,3497.9599609375,3438.0,3457.169921875,3457.169921875,2569000,55.4373429923461,27.04682671999626,12.151973761045335,3371.206494140625,3465.0557958984373,3015470.0,211405.9864279208
260,2021-09-14,3475.550048828125,3486.81005859375,3437.7099609375,3450.0,3450.0,1936900,54.372191756200245,25.458052178517846,11.801619981724459,3378.7569946289063,3463.8361962890626,2889940.0,164121.53611109406
261,2021-09-15,3442.52001953125,3485.419921875,3402.010009765625,3475.7900390625,3475.7900390625,2957500,57.53289542084417,25.98049059714549,12.356607060773825,3390.4484985351564,3459.837197265625,2750050.0,239345.63796146063
262,2021-09-16,3459.9599609375,3492.550048828125,3446.139892578125,3488.239990234375,3488.239990234375,2583600,59.00908493904119,27.08689297604542,13.227978510438057,3404.7994995117188,3455.6703955078124,2645420.0,195313.2897790323
263,2021-09-17,3488.409912109375,3497.409912109375,3452.1298828125,3462.52001953125,3462.52001953125,4616600,54.77319158013859,25.593314353762707,12.820729450973136,3418.5380004882813,3450.29259765625,2814710.0,360088.7155176326
264,2021-09-20,3396.0,3419.0,3305.010009765625,3355.72998046875,3355.72998046875,4669100,41.464217690862505,15.612606466438592,7.910079024745258,3426.327001953125,3443.0203955078123,3024050.0,590272.2318441524
265,2021-09-21,3375.0,3379.699951171875,3332.389892578125,3343.6298828125,3343.6298828125,2780900,40.27022038942525,6.649792139317469,3.608603518729503,3430.214990234375,3435.5219921875,3028350.0,770630.518306174
266,2021-09-22,3351.0,3389.0,3341.050048828125,3380.050048828125,3380.050048828125,2411400,45.36943500027347,2.4571754408125344,1.567306877308055,3433.9284912109374,3429.575791015625,2964150.0,1538562.763242465
267,2021-09-23,3380.050048828125,3428.9599609375,3380.050048828125,3416.0,3416.0,2379400,49.91474333229954,2.0121621586008587,1.2963852262196518,3439.769494628906,3424.2621923828124,2930170.0,1835411.2279869877
268,2021-09-24,3402.010009765625,3429.260009765625,3393.39990234375,3425.52001953125,3425.52001953125,2116200,51.0755968220657,2.4000061625320086,1.4344230526640993,3445.245495605469,3420.14859375,2902060.0,1475296.9816468456
269,2021-09-27,3371.5,3415.570068359375,3339.610107421875,3405.800048828125,3405.800048828125,3634500,48.56463150098567,1.103418975140812,0.793875789867915,3448.05400390625,3416.7919970703124,3008610.0,4578172.110028331
270,2021-09-28,3357.7099609375,3369.18994140625,3290.10009765625,3315.9599609375,3315.9599609375,4430800,39.12718584439532,-7.091730914668005,-3.0388665600598403,3442.7734985351562,3412.11939453125,3258000.0,-1458043.6200241547
271,2021-09-29,3322.110107421875,3351.300048828125,3297.8701171875,3301.1201171875,3301.1201171875,2562300,37.819818450498545,-14.61542014743327,-6.511673071192771,3434.290002441406,3406.677998046875,3218480.0,-393493.342185045
272,2021-09-30,3316.0,3327.85009765625,3273.989990234375,3285.0400390625,3285.0400390625,2842400,36.40053130788898,-21.626232243107097,-9.7750883546525,3424.592004394531,3400.6747998046876,3244360.0,-290779.9803821872
273,2021-10-01,3289.010009765625,3309.169921875,3255.93994140625,3283.260009765625,3283.260009765625,2835600,36.2384086830869,-27.014577592374735,-12.43282803912766,3415.5989990234375,3393.5793994140627,3066260.0,-228073.6121400548
274,2021-10-04,3279.389892578125,3279.989990234375,3176.25,3189.780029296875,3189.780029296875,4523100,28.94694407816783,-38.385449706956024,-17.475614130098432,3401.185498046875,3384.2422021484376,3051660.0,-258823.52209927878
275,2021-10-05,3204.5,3260.72998046875,3202.4599609375,3221.0,3221.0,3269200,33.741885316249466,-44.36632963129205,-20.042916175453502,3386.77099609375,3374.66580078125,3100490.0,-163109.99713723193
276,2021-10-06,3213.530029296875,3264.340087890625,3198.6201171875,3262.010009765625,3262.010009765625,2533000,39.515971990662386,-45.275151248932616,-20.2897345154154,3373.5964965820312,3367.378203125,3112650.0,-124841.45606121751
277,2021-10-07,3291.5400390625,3325.75,3283.06005859375,3302.429931640625,3302.429931640625,2409100,44.63696728882827,-42.246853607555295,-18.79391999855241,3364.5099975585936,3360.820400390625,3115620.0,-128185.07262910342
278,2021-10-08,3317.0,3321.429931640625,3288.199951171875,3288.6201171875,3288.6201171875,1998200,43.28843119387011,-40.4944477349095,-18.019293145931183,3355.483508300781,3354.594404296875,3103820.0,-110892.25219975959
279,2021-10-11,3275.0,3292.590087890625,3238.10009765625,3246.300048828125,3246.300048828125,2034200,39.36372389998756,-42.035964850736946,-18.60223239538996,3344.9400146484377,3352.968603515625,2943790.0,-109352.46677727341
280,2021-10-12,3257.0,3267.530029296875,3236.280029296875,3247.330078125,3247.330078125,1819600,39.507479577411054,-42.68249626707757,-19.020276225901956,3334.8065185546875,3351.28560546875,2682670.0,-95666.32883712041
281,2021-10-13,3269.7099609375,3288.3798828125,3261.090087890625,3284.280029296875,3284.280029296875,2420100,44.583041652428776,-39.755053309707364,-17.83626441622952,3325.2310180664062,3349.64640625,2668450.0,-135684.2410229078
282,2021-10-14,3302.449951171875,3312.60009765625,3290.780029296875,3299.860107421875,3299.860107421875,2109500,46.6169270552371,-35.76556836987902,-16.252562052996346,3315.8120239257814,3348.549208984375,2595160.0,-129794.92052522817
283,2021-10-15,3311.419921875,3410.419921875,3304.0,3409.02001953125,3409.02001953125,5179900,58.19403904709773,-23.524405492146798,-10.697716064083787,3313.1370239257812,3349.2098095703127,2829590.0,-484206.1584893669
284,2021-10-18,3388.360107421875,3449.169921875,3385.10009765625,3446.739990234375,3446.739990234375,3174100,61.31595626533184,-10.656665911712025,-5.074982006399057,3317.6875244140624,3351.245810546875,2694690.0,-625440.6411683371
285,2021-10-19,3434.2900390625,3454.68994140625,3422.0,3444.14990234375,3444.14990234375,2386100,60.97921769867479,-0.6602767739996125,-0.8051836680031846,3322.713525390625,3353.29140625,2606380.0,-2963423.2471672073
286,2021-10-20,3452.659912109375,3462.860107421875,3400.3701171875,3415.06005859375,3415.06005859375,2139800,57.18097690038882,4.8586192235843555,1.594496567891291,3324.4640258789063,3355.1790087890627,2567060.0,1341990.9726302319
287,2021-10-21,3414.25,3440.280029296875,3403.0,3435.010009765625,3435.010009765625,1881400,59.064147299495396,10.718620805139835,4.1492726674460165,3325.4145263671876,3358.0370068359375,2514290.0,453428.865921711
288,2021-10-22,3421.0,3429.840087890625,3331.300048828125,3335.550048828125,3335.550048828125,3139100,47.78165211468402,7.253512674136346,2.752406773879239,3320.9160278320314,3358.6780078125,2628380.0,1140492.7606597028
289,2021-10-25,3335.0,3347.800048828125,3297.699951171875,3320.3701171875,3320.3701171875,2226000,46.32712187971427,3.2450885357366133,1.1738947770427364,3316.64453125,3359.2060107421876,2647560.0,1896251.7284621678
290,2021-10-26,3349.510009765625,3416.1201171875,3343.97998046875,3376.070068359375,3376.070068359375,2698300,52.09021332052848,4.510905174880918,1.7106950188747176,3319.650036621094,3360.7476123046877,2735430.0,1577312.1276607923
291,2021-10-27,3388.0,3437.0,3371.449951171875,3392.489990234375,3392.489990234375,2702200,53.66952671335896,6.761086848641298,2.6393093093553572,3324.2185302734374,3363.758212890625,2763640.0,1023828.4654328763
292,2021-10-28,3402.10009765625,3479.0,3386.0,3446.570068359375,3446.570068359375,5708700,58.51949624570764,12.761080581294209,5.016143479355507,3332.295031738281,3368.66521484375,3123560.0,1138065.5325141288
293,2021-10-29,3300.02001953125,3374.820068359375,3273.320068359375,3372.429931640625,3372.429931640625,6486100,50.68591549819985,11.402192052270038,4.44357892029175,3336.753527832031,3372.3588134765623,3254180.0,1459656.7578401747
294,2021-11-01,3361.800048828125,3375.860107421875,3292.02001953125,3318.110107421875,3318.110107421875,3608900,45.84385176220038,5.874390936540749,2.299970719700758,3343.170031738281,3374.7220166015627,3297660.0,1569106.9321393545
295,2021-11-02,3315.010009765625,3331.1201171875,3283.550048828125,3312.75,3312.75,2627600,45.38313131690822,1.0489610836502834,0.48801263066325834,3347.757531738281,3375.6596142578123,3321810.0,5384286.870667316
296,2021-11-03,3309.0,3394.919921875,3297.52001953125,3384.0,3384.0,3397200,52.25230994945154,2.9401603597275425,1.174102176301749,3353.85703125,3377.224013671875,3447550.0,2893444.939094386
297,2021-11-04,3370.0,3498.6298828125,3365.0,3477.0,3477.0,5353000,59.4255226742295,11.807166511341165,4.322144724421573,3362.5855346679687,3380.7804150390625,3794710.0,1238505.4969940612
298,2021-11-05,3477.0,3566.25,3476.97998046875,3518.989990234375,3518.989990234375,4997000,62.18764305019669,21.969325349222345,7.810840134423591,3374.1040283203124,3384.84021484375,3980500.0,639751.9234809891
299,2021-11-08,3523.239990234375,3579.0,3487.860107421875,3488.97998046875,3488.97998046875,3074000,59.09150873556543,27.28680713170661,9.576819055091548,3386.2380249023436,3387.627216796875,4065300.0,320983.40610974556
300,2021-11-09,3515.25,3593.77001953125,3501.429931640625,3576.22998046875,3576.22998046875,4294900,64.60845990072512,38.10207853186648,13.038167049864269,3402.6830200195313,3390.7204150390626,4224960.0,329409.7999798761
301,2021-11-10,3563.8701171875,3605.449951171875,3463.090087890625,3482.050048828125,3482.050048828125,4027400,55.852462547119906,38.62844102523195,12.85689328786026,3412.5715209960936,3390.945615234375,4357480.0,313248.30266754667
302,2021-11-11,3513.0,3543.239990234375,3467.469970703125,3472.5,3472.5,2264400,55.0379266982339,37.83879588108357,12.445178869997054,3421.203515625,3390.815615234375,4013050.0,181949.97626422512
303,2021-11-12,3485.0,3540.72998046875,3447.050048828125,3525.14990234375,3525.14990234375,2689400,58.62076338506596,40.988908893516054,13.289047716749195,3427.010009765625,3392.0562109375,3633380.0,202377.17986446427
304,2021-11-15,3537.0,3593.8798828125,3525.81005859375,3545.679931640625,3545.679931640625,2929700,59.96057935645037,44.6275592157981,14.386758528330617,3431.9570068359376,3393.40880859375,3565460.0,203638.64412061908
305,2021-11-16,3539.0,3576.5,3525.14990234375,3540.699951171875,3540.699951171875,2217100,59.457665865468684,46.572514055241754,15.110682408135714,3436.7845092773437,3394.0370068359375,3524410.0,146724.01550880953
306,2021-11-17,3564.719970703125,3587.25,3545.35009765625,3549.0,3549.0,2560300,60.0589566695092,48.22771032817627,15.872527228243971,3443.4815063476562,3394.5070068359373,3440720.0,161303.86567831103
307,2021-11-18,3566.35009765625,3704.199951171875,3561.0,3696.06005859375,3696.06005859375,5703500,68.86883573946638,60.70619971328597,19.56726204038194,3456.5340087890627,3398.745009765625,3475770.0,291481.7611288386
308,2021-11-19,3712.68994140625,3762.14990234375,3675.719970703125,3676.570068359375,3676.570068359375,4936700,66.76692867013458,68.23622836146114,21.845836922357215,3473.585009765625,3402.8934130859375,3469740.0,225978.98251944466
309,2021-11-22,3676.3798828125,3713.4599609375,3567.5,3572.570068359375,3572.570068359375,4842200,56.804213348107254,65.06190632418793,20.515104005946245,3486.1950073242188,3405.201416015625,3646560.0,236030.97496344653
310,2021-11-23,3585.0400390625,3621.050048828125,3527.7099609375,3580.0400390625,3580.0400390625,3690200,57.29709649620628,62.42935075191326,19.633125464635057,3496.393505859375,3407.802216796875,3586090.0,187957.84739659095
311,2021-11-24,3562.669921875,3613.639892578125,3536.85009765625,3580.409912109375,3580.409912109375,2328000,57.32306304868742,59.68486716196412,18.942834538065682,3505.789501953125,3409.8946142578125,3416150.0,122896.07425551214
312,2021-11-26,3602.10009765625,3633.5,3504.14990234375,3504.56005859375,3504.56005859375,2991300,50.53651507674982,50.80376073958769,16.20450307328766,3508.689001464844,3410.221015625,3488840.0,184596.83622949308
313,2021-11-29,3547.639892578125,3596.0,3531.5,3561.570068359375,3561.570068359375,3265600,54.86207358836437,47.814475737530756,15.208839329768924,3518.1460083007814,3412.2020166015627,3546460.0,214717.2397046827
314,2021-11-30,3563.5,3585.77001953125,3492.010009765625,3507.070068359375,3507.070068359375,4001100,50.33078948038967,40.57997067065253,12.922265185642113,3527.5940063476564,3415.228818359375,3653600.0,309628.3772635783
315,2021-12-01,3545.0,3559.8798828125,3441.60009765625,3443.719970703125,3443.719970703125,3745800,45.614627852370496,29.395892293433462,9.438161243342806,3534.1425048828123,3417.2306201171873,3806470.0,396878.152790841
316,2021-12-02,3460.0,3492.699951171875,3423.75,3437.360107421875,3437.360107421875,3236300,45.15715358423325,19.791102279817096,6.533758696343299,3536.810510253906,3418.3768212890627,3874070.0,495319.7922370834
317,2021-12-03,3455.0,3469.8701171875,3338.60009765625,3389.7900390625,3389.7900390625,4035600,41.78179218932561,8.245678983814742,3.0162284469700906,3532.4500122070312,3417.8526220703125,3707280.0,1337962.316499569
318,2021-12-06,3393.0,3473.909912109375,3338.68994140625,3427.3701171875,3427.3701171875,3443000,45.26264842729927,2.103992559722883,1.093295119851748,3527.8690185546875,3417.8896240234376,3557910.0,3149195.434501596
319,2021-12-07,3492.0,3549.989990234375,3466.68994140625,3523.2900390625,3523.2900390625,3320500,52.98881817001753,4.919884512959015,1.833482116553737,3529.584521484375,3420.239423828125,3405740.0,1811034.8445837598
320,2021-12-08,3523.010009765625,3543.60009765625,3495.010009765625,3523.159912109375,3523.159912109375,2262700,52.97789324973447,7.059620109541356,2.41256109791368,3526.931018066406,3424.3834228515625,3262990.0,937882.9833394578
321,2021-12-09,3515.0,3539.389892578125,3482.7900390625,3483.419921875,3483.419921875,2303100,49.613700704634425,5.485457950216642,1.9004959149398273,3526.99951171875,3428.0294189453125,3260500.0,1211841.5945518725
322,2021-12-10,3508.340087890625,3518.5400390625,3410.0,3444.239990234375,3444.239990234375,3034500,46.479896129211916,1.0641630455547784,0.5312844871971628,3525.5865112304687,3431.21341796875,3264820.0,5711629.217726206
323,2021-12-13,3440.0,3442.0,3382.60009765625,3391.35009765625,3391.35009765625,3108500,42.57080458772949,-6.631078387867092,-1.8418248586388803,3518.896520996094,3433.3752197265626,3249110.0,-1687728.3338966335
324,2021-12-14,3351.0,3389.97998046875,3328.800048828125,3381.830078125,3381.830078125,2798800,41.88791688399061,-13.343977611544688,-3.9714362270093257,3510.7040283203123,3437.216220703125,3128880.0,-704732.454462104
325,2021-12-15,3371.9599609375,3472.0,3303.89990234375,3466.300048828125,3466.300048828125,3789700,49.61148808867604,-11.712958228083153,-3.5352007991080256,3506.984033203125,3442.1222216796873,3133270.0,-1071990.026975607
326,2021-12-16,3467.3701171875,3483.320068359375,3363.2099609375,3377.419921875,3377.419921875,3043800,43.11774949356259,-17.3917656106928,-5.25685937667615,3498.405029296875,3444.430419921875,3114020.0,-579014.917824292
327,2021-12-17,3354.2099609375,3417.969970703125,3312.27001953125,3400.35009765625,3400.35009765625,4277100,45.11376269101085,-19.813589103303002,-6.020146170108353,3483.61953125,3446.3888232421873,3138170.0,-710464.4769651863
328,2021-12-20,3337.0,3357.489990234375,3312.0,3341.580078125,3341.580078125,2868600,41.13012526032939,-26.17343996060754,-7.93447103811936,3466.8700317382813,3447.4480224609374,3080730.0,-361536.3880236583
329,2021-12-21,3357.010009765625,3414.330078125,3312.949951171875,3408.340087890625,3408.340087890625,2797800,46.869444116950255,-25.53237144919649,-7.725176063135063,3458.6585327148437,3450.6888232421875,3028460.0,-362166.50302007294
330,2021-12-22,3385.39990234375,3441.0,3370.010009765625,3420.739990234375,3420.739990234375,2751800,47.88571752268836,-23.749976600031005,-7.245603329414305,3450.6935302734373,3454.157021484375,3077370.0,-379788.9388767354
331,2021-12-23,3408.56005859375,3439.5,3403.0,3421.3701171875,3421.3701171875,1839400,47.9402133261993,-22.03259185755769,-6.84547538460912,3442.7415405273437,3456.8988232421875,3031000.0,-268703.0332671382
332,2021-12-27,3420.739990234375,3458.860107421875,3384.31005859375,3393.389892578125,3393.389892578125,2934400,45.65712515869163,-22.668019542591082,-7.151930615035567,3437.1830322265623,3458.7694189453123,3020990.0,-410294.80820619053
333,2021-12-28,3403.64990234375,3443.52001953125,3382.7099609375,3413.219970703125,3413.219970703125,2731900,47.563102025545966,-21.325650162867987,-6.87868382267338,3429.76552734375,3458.85341796875,2983330.0,-397154.46594523883
334,2021-12-29,3416.800048828125,3424.239990234375,3372.010009765625,3384.02001953125,3384.02001953125,1787700,45.057104279389286,-22.36024974330212,-7.336286002773115,3423.6130249023436,3457.5990185546875,2882220.0,-243679.15854483447
335,2021-12-30,3394.0,3417.760009765625,3370.47998046875,3372.889892578125,3372.889892578125,1879200,44.10324625346215,-23.80388917444634,-7.97743590447223,3420.0715209960936,3456.173818359375,2691170.0,-235564.41223758398
336,2021-12-31,3379.1201171875,3387.0,3331.169921875,3334.340087890625,3334.340087890625,2391500,40.87556267593924,-27.738874411231336,-9.433152041558282,3414.920520019531,3454.5594189453127,2625940.0,-253520.77327537097
337,2022-01-03,3351.0,3414.070068359375,3323.2099609375,3408.090087890625,3408.090087890625,3176000,48.622311619691125,-24.622536640520593,-8.492035371479764,3415.8355224609377,3454.0210205078124,2515830.0,-373997.5001360094
338,2022-01-04,3408.760009765625,3428.0,3326.989990234375,3350.43994140625,3350.43994140625,3536300,43.792048429320616,-26.499234840086956,-9.131191440688777,3411.989013671875,3454.318818359375,2582600.0,-387276.95317416894
339,2022-01-05,3337.659912109375,3342.530029296875,3287.139892578125,3287.139892578125,3287.139892578125,3215100,39.18860026124384,-32.717173394789825,-11.144346876343892,3400.181506347656,3453.6542138671875,2624330.0,-288496.04518544674
340,2022-01-06,3269.010009765625,3296.0,3238.739990234375,3265.080078125,3265.080078125,2597900,37.7012072120707,-38.97568967299276,-13.247683158420983,3387.2775146484373,3451.4344140625,2608940.0,-196102.21417083233
341,2022-01-07,3276.780029296875,3304.8701171875,3240.6201171875,3251.080078125,3251.080078125,2330300,36.74795026334312,-44.55172733057816,-15.250994427155579,3375.6605224609375,3448.6062158203126,2658030.0,-152796.5937651069
342,2022-01-10,3211.7099609375,3233.22998046875,3126.090087890625,3229.719970703125,3229.719970703125,4389900,35.28216604118656,-50.11664600386575,-17.35528598204911,3364.934521484375,3444.2692138671873,2803580.0,-252943.1093524217
343,2022-01-11,3230.0,3327.0,3214.030029296875,3307.239990234375,3307.239990234375,3140300,44.010626606925086,-47.721561970446146,-16.59973515980458,3360.7290161132814,3442.9654150390625,2844420.0,-189177.71697973096
344,2022-01-12,3331.5,3337.56005859375,3288.340087890625,3304.139892578125,3304.139892578125,2501500,43.75646956940096,-45.54853740435692,-16.065928200787376,3356.8445068359374,3442.6860107421876,2915800.0,-155702.17722480572
345,2022-01-13,3305.010009765625,3324.429931640625,3221.820068359375,3224.280029296875,3224.280029296875,2609400,37.714352753009656,-49.69754101283979,-17.45261488383527,3344.743505859375,3440.916611328125,2988820.0,-149513.41202267885
346,2022-01-14,3203.0,3245.0,3196.010009765625,3242.760009765625,3242.760009765625,2298700,39.786397284986975,-50.907644645766595,-17.96214934129054,3338.0105102539064,3438.0918115234376,2979540.0,-127974.66251524014
347,2022-01-18,3182.10009765625,3194.68994140625,3153.2900390625,3178.35009765625,3178.35009765625,3364600,35.36987424070158,-56.41370008602371,-19.795110350881647,3326.910510253906,3432.1188134765625,2998400.0,-169971.26766965183
348,2022-01-19,3175.239990234375,3185.0,3125.0,3125.97998046875,3125.97998046875,2662100,32.23651957682574,-64.26234318281513,-22.36197478493468,3316.130505371094,3424.25861328125,2910980.0,-119045.8367654302
349,2022-01-20,3135.320068359375,3160.0,3027.02001953125,3033.35009765625,3033.35009765625,3598700,27.582190871144263,-77.06850898803259,-26.24372378760696,3297.381005859375,3415.146015625,2949340.0,-137126.11933903256
350,2022-01-21,2999.0,3018.0,2841.409912109375,2852.860107421875,2852.860107421875,8198600,21.168753245867308,-100.62161806790755,-32.45765565006848,3268.98701171875,3400.6786181640623,3509410.0,-252593.72051975978
351,2022-01-24,2780.0,2898.89990234375,2707.0400390625,2890.8798828125,2890.8798828125,7781200,25.118573511064497,-114.8953069959939,-35.74828071336113,3242.4625,3388.85521484375,4054500.0,-217666.41205465666
352,2022-01-25,2844.85009765625,2872.0,2762.89990234375,2799.719970703125,2799.719970703125,4541200,22.241082979625816,-132.0410641649346,-39.52948781188445,3212.77900390625,3375.3996142578126,4069630.0,-114881.32660890938
353,2022-01-26,2895.0,2903.699951171875,2746.3701171875,2777.449951171875,2777.449951171875,4780100,21.590383191957372,-145.74613399876034,-42.64672665587077,3180.9905029296874,3360.445615234375,4233610.0,-112085.97645892171
354,2022-01-27,2816.0,2884.8701171875,2787.0,2792.75,2792.75,3875800,23.251692295705325,-153.60228300480003,-44.53709444339508,3151.427001953125,3345.3870166015627,4371040.0,-87024.08741382965
355,2022-01-28,2817.2099609375,2879.9599609375,2758.590087890625,2879.56005859375,2879.56005859375,3719600,32.0488045005618,-151.0819132156812,-43.214365068224055,3126.7605102539064,3332.16421875,4482060.0,-86073.23037438442
356,2022-01-31,2895.0,3007.2099609375,2886.010009765625,2991.469970703125,2991.469970703125,3915400,41.377461637395335,-138.45824687969935,-38.759879635580795,3109.6170043945312,3321.0136181640623,4643730.0,-101016.8255632492
357,2022-02-01,3000.0,3034.159912109375,2952.550048828125,3023.8701171875,3023.8701171875,2961000,43.7837464566626,-124.4054111774908,-34.433553216901785,3090.406005859375,3307.5698193359376,4603370.0,-85991.70644249942
358,2022-02-02,3101.010009765625,3101.5,2977.27001953125,3012.25,3012.25,4366500,43.10044494293808,-112.9045901473828,-31.2438628657297,3073.4965087890623,3294.28341796875,4773810.0,-139755.44633405306
359,2022-02-03,2834.75,2884.949951171875,2766.659912109375,2776.909912109375,2776.909912109375,11276600,32.15528875598609,-121.3808816489859,-32.107435423026295,3047.985009765625,3278.37021484375,5541600.0,-351214.59722419403
360,2022-02-04,3112.1298828125,3224.0,3012.159912109375,3152.7900390625,3152.7900390625,12672800,52.780543811031855,-96.65385339162367,-23.548579321531136,3042.3705078125,3269.82521484375,5989020.0,-538155.6070523922
361,2022-02-07,3170.39990234375,3253.820068359375,3145.0,3158.7099609375,3158.7099609375,5131200,53.02277051722598,-75.70711265988257,-17.599612487082368,3037.752001953125,3261.3912158203125,5724020.0,-291551.87387030025
362,2022-02-08,3135.010009765625,3235.85009765625,3111.010009765625,3228.27001953125,3228.27001953125,3802000,55.88630938715824,-52.88413889209869,-11.995056909895016,3037.6795043945312,3255.8654150390626,5650100.0,-316963.89842582884
363,2022-02-09,3257.469970703125,3276.68994140625,3205.0,3223.7900390625,3223.7900390625,3439300,55.651026831349874,-34.757600747984725,-7.921394799942333,3033.5070068359373,3249.109814453125,5516020.0,-434178.5868348637
364,2022-02-10,3167.0,3214.330078125,3155.0,3180.070068359375,3180.070068359375,3413400,53.293030419757805,-23.64743205015975,-5.465893808299113,3027.303515625,3242.569814453125,5469780.0,-624490.727356847
365,2022-02-11,3162.68994140625,3180.0,3054.679931640625,3065.8701171875,3065.8701171875,3855000,47.617490286484134,-23.78336513479917,-5.28145390421377,3019.383020019531,3235.0128173828125,5483320.0,-729912.6471451954
366,2022-02-14,3035.02001953125,3168.969970703125,3033.0,3103.340087890625,3103.340087890625,4161500,49.51717931325132,-20.629772422690166,-4.52660739357223,3012.4120239257813,3228.3324169921875,5507930.0,-919341.934957584
367,2022-02-15,3152.110107421875,3160.139892578125,3092.75,3130.2099609375,3130.2099609375,2822000,50.892521582716526,-15.780446124020727,-3.499414252181818,3010.005017089844,3223.1408154296873,5494030.0,-806420.6740429593
368,2022-02-16,3115.81005859375,3176.679931640625,3094.68994140625,3162.010009765625,3162.010009765625,2635200,52.540447457823305,-9.264526227105762,-2.168988011945482,3011.8065185546875,3217.83361328125,5320900.0,-1214944.474329458
369,2022-02-17,3162.919921875,3206.97998046875,3090.0,3093.050048828125,3093.050048828125,3201600,48.722144879994566,-9.554961639325029,-2.1638496476232563,3014.7915161132814,3209.2288134765627,4513400.0,-1479585.239906384
370,2022-02-18,3109.989990234375,3109.989990234375,3017.860107421875,3052.030029296875,3052.030029296875,3180200,46.55481643205913,-12.945874570031265,-2.794373288764198,3024.7500122070314,3199.8062158203124,3564140.0,-1138072.7166220632
371,2022-02-22,3009.570068359375,3059.64990234375,2969.7099609375,3003.949951171875,3003.949951171875,3306400,44.07972528328746,-19.29048922861648,-4.0488763001741255,3030.403515625,3190.21681640625,3381660.0,-816621.6389119631
372,2022-02-23,3033.010009765625,3035.260009765625,2893.02001953125,2896.5400390625,2896.5400390625,3212200,39.081032077736324,-32.6098186111185,-6.70213413871579,3035.244519042969,3179.2628173828125,3322680.0,-479280.1715865831
373,2022-02-24,2796.75,3034.97998046875,2790.0,3027.159912109375,3027.159912109375,5039300,46.95844215010237,-32.2537498374204,-6.576179489602861,3047.730017089844,3171.979013671875,3482680.0,-766295.9941965218
374,2022-02-25,3011.0,3079.800048828125,2984.27001953125,3075.77001953125,3075.77001953125,3119800,49.571842955115784,-27.729485108277913,-5.658580256175995,3061.8810180664063,3165.8578125,3453320.0,-551339.7104503252
375,2022-02-28,3048.5,3089.0,3017.0,3071.260009765625,3071.260009765625,2884200,49.32899881101212,-24.22860058545848,-4.997286641538383,3071.466015625,3157.95701171875,3356240.0,-577153.2047063279
376,2022-03-01,3054.64990234375,3081.97998046875,2999.5400390625,3022.840087890625,3022.840087890625,2243700,46.68476973279412,-25.072190803072317,-5.204874415088768,3073.034521484375,3150.8654150390626,3164460.0,-431076.68332891644
377,2022-03-02,3016.97998046875,3059.989990234375,2975.0,3041.050048828125,3041.050048828125,2366700,47.81766534465589,-23.994753881083398,-5.060329907161347,3073.893518066406,3143.6794140625,3118930.0,-467696.7793444971
378,2022-03-03,3070.6298828125,3078.580078125,2937.1201171875,2957.969970703125,2957.969970703125,3259900,43.2973146189813,-29.504634275465378,-6.244324128108478,3071.1795166015627,3136.0072119140623,3181400.0,-522058.10158472415
379,2022-03-04,2943.179931640625,2957.0,2876.139892578125,2912.820068359375,2912.820068359375,3046700,41.02743546009314,-37.08695859733962,-7.90786808691126,3077.9750244140623,3126.0968115234373,3165910.0,-385274.509705436
380,2022-03-07,2908.8701171875,2921.889892578125,2748.330078125,2749.06005859375,2749.06005859375,4346700,34.0540153877195,-55.66835924566658,-11.72873682599077,3057.788525390625,3112.663212890625,3282560.0,-370602.5690991509
381,2022-03-08,2733.669921875,2813.989990234375,2671.449951171875,2720.2900390625,2720.2900390625,4583100,32.99302706430183,-71.88708371342227,-15.153044245959807,3035.867529296875,3098.641611328125,3410230.0,-302454.0762640466
382,2022-03-09,2790.0,2805.0,2736.56005859375,2785.580078125,2785.580078125,4132800,37.73417471207263,-78.56651334313574,-16.618341265223414,3013.7330322265625,3086.4854150390624,3502290.0,-248689.07997746786
383,2022-03-10,2913.699951171875,2973.489990234375,2879.56005859375,2936.35009765625,2936.35009765625,6753100,47.0511101532268,-70.87710179875967,-14.884949557076608,2999.36103515625,3076.948017578125,3673670.0,-453686.45517441066
384,2022-03-11,2991.489990234375,2993.5,2907.3798828125,2910.489990234375,2910.489990234375,3445000,45.7856379102757,-66.10783235691952,-13.895835768829956,2985.88203125,3067.4774169921875,3706190.0,-247915.99852723881
385,2022-03-14,2919.6201171875,2949.0,2817.679931640625,2837.06005859375,2837.06005859375,3704300,42.30616181102809,-67.47551799795565,-14.146195158776647,2974.4415283203125,3056.7608203125,3788200.0,-261858.3978534865
386,2022-03-15,2857.0,2959.699951171875,2840.0,2947.330078125,2947.330078125,3779200,48.6207024365969,-58.9816460105435,-12.317590178238499,2966.6410278320313,3049.0206201171877,3941750.0,-306813.26016810635
387,2022-03-16,2970.0,3063.0,2947.070068359375,3062.080078125,3062.080078125,4247900,54.23419741535081,-42.50090133652566,-8.865735058731296,2963.2345336914063,3042.100419921875,4129870.0,-479136.80838189664
388,2022-03-17,3052.81005859375,3149.969970703125,3042.800048828125,3144.780029296875,3144.780029296875,3646700,57.81165814241633,-22.50714913278398,-4.807145549997632,2962.3730346679686,3037.9872216796875,4168550.0,-758599.8722260025
389,2022-03-18,3136.260009765625,3231.8798828125,3120.219970703125,3225.010009765625,3225.010009765625,5148100,60.99694489394841,-0.18592433026287836,-0.3826754796490687,2968.9710327148437,3036.7446240234376,4378690.0,-13452913.169981647
390,2022-03-21,3222.419921875,3261.679931640625,3191.06005859375,3229.830078125,3229.830078125,3326900,61.18654543475158,17.688840433488167,3.1510129092629207,2977.86103515625,3036.0396240234377,4276710.0,1055819.222517315
391,2022-03-22,3236.110107421875,3323.340087890625,3233.97998046875,3297.780029296875,3297.780029296875,3204300,63.85414181992683,36.9122124594428,6.967043785645141,2992.5525390625,3036.973623046875,4138830.0,459922.47193883325
392,2022-03-23,3274.10009765625,3327.39990234375,3253.739990234375,3268.159912109375,3268.159912109375,2790600,61.85833565728002,49.189748573544875,9.517734563759456,3011.1335327148436,3037.742421875,4004610.0,293200.0237352414
393,2022-03-24,3274.989990234375,3282.3701171875,3201.0,3272.989990234375,3272.989990234375,2839900,62.06654668802231,58.63363924187479,11.652225176735628,3023.4250366210936,3037.057421875,3613290.0,243721.688941442
394,2022-03-25,3280.0,3307.3701171875,3245.0,3295.469970703125,3295.469970703125,2451600,63.07679909789263,67.15778405654237,13.724157750664151,3034.4100341796875,3036.8840234375,3513950.0,178633.91288120105
395,2022-03-28,3299.5,3380.75,3298.0,3379.81005859375,3379.81005859375,2992700,66.66391129190453,79.79889844043055,16.61079541129232,3049.837536621094,3039.9946240234376,3442790.0,180165.965921506
396,2022-03-29,3407.679931640625,3416.6298828125,3357.3701171875,3386.300048828125,3386.300048828125,3307700,66.93015080408145,89.31123629903459,19.066385293033452,3068.010534667969,3042.8654248046873,3395640.0,173483.32938643487
397,2022-03-30,3370.18994140625,3379.010009765625,3310.0,3326.02001953125,3326.02001953125,2808400,61.97889051206739,90.9374674831015,19.865963868902963,3082.259033203125,3045.8188232421876,3251690.0,141367.4170824456
398,2022-03-31,3328.89990234375,3329.89990234375,3259.070068359375,3259.949951171875,3259.949951171875,2998300,57.001557886309776,85.90470905467919,19.15291320669498,3097.3580322265625,3048.49822265625,3186850.0,156545.37602937248
399,2022-04-01,3282.989990234375,3316.5400390625,3246.389892578125,3271.199951171875,3271.199951171875,2854500,57.62556457057345,81.88012955600425,18.72895168417293,3115.2770263671873,3053.2552197265627,2957490.0,152411.09316397144
400,2022-04-04,3282.5,3367.889892578125,3264.110107421875,3366.929931640625,3366.929931640625,2494100,62.599438513764085,85.43044172912414,19.767770120989045,3146.170520019531,3063.5366162109376,2874210.0,126170.02245244707
401,2022-04-05,3354.830078125,3362.2099609375,3265.320068359375,3281.10009765625,3281.10009765625,2686400,56.22693287018898,80.39163468960624,18.764457518626,3174.2110229492187,3071.3410205078126,2822420.0,143164.2773223485
402,2022-04-06,3233.010009765625,3244.0,3145.090087890625,3175.1201171875,3175.1201171875,3952800,49.52317231819094,67.07346395527384,15.731474513367546,3193.688024902344,3078.8490234375,2938640.0,251266.97415688384
403,2022-04-07,3168.0,3201.580078125,3090.22998046875,3155.68994140625,3155.68994140625,3406800,48.38419468769941,54.324644212716066,12.931869443120213,3204.6550170898436,3086.4138232421874,2995330.0,263442.1894672333
404,2022-04-08,3135.0,3147.3701171875,3084.6201171875,3089.2099609375,3089.2099609375,2300100,44.60427911415644,38.41392210679305,9.359302227753231,3213.591015625,3092.3430224609374,2980180.0,245755.50014609966
405,2022-04-11,3054.260009765625,3082.72998046875,3010.68994140625,3022.43994140625,3022.43994140625,2605600,41.12890890067302,20.184107820664394,5.216077909246854,3222.860009765625,3095.2006201171876,2941470.0,499532.41599035484
406,2022-04-12,3073.85009765625,3101.97998046875,3007.659912109375,3015.75,3015.75,2758900,40.786013779758996,5.137800927949684,1.7734456681359474,3226.281005859375,3095.686220703125,2886590.0,1555672.1300065846
407,2022-04-13,3000.3701171875,3120.5,2992.0,3110.820068359375,3110.820068359375,2669500,47.48629393046645,0.8747704859379155,0.709317559567614,3228.7180053710936,3097.4252197265623,2872700.0,3763476.5472706957
408,2022-04-14,3107.800048828125,3117.93994140625,3029.43994140625,3034.1298828125,3034.1298828125,2579900,43.2362149886995,-8.592915123205785,-1.5327287303794146,3223.185498046875,3097.8628173828124,2830860.0,-1683207.1774118613
409,2022-04-18,3030.469970703125,3080.7900390625,3005.010009765625,3055.699951171875,3055.699951171875,2325700,44.73444896410361,-14.192003351009589,-2.9160245801316016,3214.7199951171874,3103.4386181640625,2777980.0,-797558.4348109439
410,2022-04-19,3040.590087890625,3172.97998046875,3031.010009765625,3162.31005859375,3162.31005859375,2746300,51.54219815664297,-9.912511161349812,-2.0202813750168866,3211.343994140625,3103.6290185546877,2803200.0,-1359365.1032777773
411,2022-04-20,3152.050048828125,3152.050048828125,3072.070068359375,3079.9599609375,3079.9599609375,2981500,46.75153797414925,-13.015908134493202,-2.7745811570818324,3200.452990722656,3102.0540185546874,2832710.0,-1074576.604973341
412,2022-04-21,3094.280029296875,3134.760009765625,2951.7900390625,2965.919921875,2965.919921875,3198500,41.06000392279874,-24.39622616533734,-5.329554276374335,3185.3409912109373,3096.8070166015623,2757280.0,-600143.9959395481
413,2022-04-22,2965.0,2992.300048828125,2873.949951171875,2887.0,2887.0,3653900,37.64454215488063,-39.33001638277574,-8.60138841904873,3166.0414916992186,3090.0712158203123,2781990.0,-424803.5110131793
414,2022-04-25,2880.4599609375,2924.429931640625,2846.1298828125,2921.47998046875,2921.47998046875,3093700,39.9930761635712,-47.83153430624952,-10.484388100215728,3147.3419921875,3084.8994140625,2861350.0,-295076.8295134309
415,2022-04-26,2896.0,2897.1201171875,2778.590087890625,2787.820068359375,2787.820068359375,3876500,34.55925223903489,-64.60950818315223,-13.986241627192184,3117.7424926757812,3079.3384130859376,2988440.0,-277165.2387631622
416,2022-04-27,2803.830078125,2838.969970703125,2715.669921875,2763.340087890625,2763.340087890625,3566800,33.65727762289235,-78.97117267472095,-17.049239757416988,3086.5944946289064,3072.5384130859375,3069230.0,-209205.8092178757
417,2022-04-28,2843.56005859375,2918.75,2806.0,2891.929931640625,2891.929931640625,5865800,42.192150845783026,-79.06535335700755,-16.90111261393628,3064.889990234375,3067.7728125,3388860.0,-347065.9082623467
418,2022-04-29,2596.97998046875,2615.219970703125,2432.5,2485.6298828125,2485.6298828125,13616500,29.345905964608548,-110.64951187948054,-22.072698703326523,3026.1739868164063,3054.2452099609377,4492520.0,-616893.3025823386
419,2022-05-02,2448.02001953125,2493.360107421875,2367.5,2490.0,2490.0,7439400,29.59421001221672,-133.7853587880627,-25.667225747574967,2987.1139892578126,3042.184208984375,5003890.0,-289840.4398341676
420,2022-05-03,2481.070068359375,2524.409912109375,2456.5,2485.070068359375,2485.070068359375,3956700,29.468394139442424,-150.78038599787806,-28.396585391133883,2943.02099609375,3030.845009765625,5124930.0,-139337.17542093564
421,2022-05-04,2472.0,2520.0,2383.659912109375,2518.570068359375,2518.570068359375,5537300,31.596511274454173,-159.7049185867886,-29.86393305158832,2904.894494628906,3021.137412109375,5380510.0,-185417.64041710834
422,2022-05-05,2460.0,2469.97998046875,2301.449951171875,2328.139892578125,2328.139892578125,7219600,26.670278282553852,-180.06808585025965,-32.88323909507083,2862.5454833984377,3009.7694091796875,5782620.0,-219552.58054496866
423,2022-05-06,2297.0,2381.010009765625,2261.6298828125,2295.449951171875,2295.449951171875,6206700,25.923097378019847,-196.57782093125252,-35.49291845488993,2819.533483886719,2995.1352099609376,6037900.0,-174871.5031109224
424,2022-05-09,2226.25,2280.0,2159.139892578125,2175.780029296875,2175.780029296875,6406200,23.344741637394847,-216.81891402540623,-38.56632268773738,2773.8619873046873,2977.13541015625,6369150.0,-166108.65526043338
425,2022-05-10,2225.0,2252.85009765625,2143.419921875,2177.179931640625,2177.179931640625,5271700,23.440670982887823,-230.0947763592112,-40.92996212179475,2731.598986816406,2959.25380859375,6508670.0,-128798.06691032529
426,2022-05-11,2162.070068359375,2203.1201171875,2088.570068359375,2107.43994140625,2107.43994140625,5485200,21.96589117673338,-243.4372343732348,-43.36596032499847,2686.183483886719,2940.9458056640624,6700510.0,-126486.3030564098
427,2022-05-12,2055.0,2215.610107421875,2048.110107421875,2138.610107421875,2138.610107421875,6601300,24.259540377201418,-248.6300046522265,-44.686301380918245,2637.5729858398436,2922.8970068359376,6774060.0,-147725.3609272496
428,2022-05-13,2181.3798828125,2263.679931640625,2156.0,2261.10009765625,2261.10009765625,4676700,32.63867743944239,-240.09374277630377,-43.27733139420194,2598.921496582031,2908.959609375,5880080.0,-108063.50228486035
429,2022-05-16,2262.0,2279.85009765625,2207.080078125,2216.2099609375,2216.2099609375,3728300,31.273217584753496,-234.25065685362915,-42.513364315993414,2556.9469970703126,2895.0274072265624,5508970.0,-87697.12912599165
430,2022-05-17,2265.5,2316.0,2225.530029296875,2307.3701171875,2307.3701171875,3822400,37.03411949797314,-219.7311821210078,-40.09091099473966,2514.2,2886.1936083984374,5495540.0,-95343.30612994896
431,2022-05-18,2228.7900390625,2257.06005859375,2124.97998046875,2142.25,2142.25,5419000,31.829655406842534,-219.02344138395665,-39.558199916109935,2467.314501953125,2874.6328076171876,5483710.0,-136988.03311303182
432,2022-05-19,2125.610107421875,2200.679931640625,2123.860107421875,2146.3798828125,2146.3798828125,4407100,32.08672522431175,-215.64350068032445,-39.060540991441414,2426.3375,2861.8488037109373,5202460.0,-112827.41836488243
433,2022-05-20,2191.3701171875,2197.9599609375,2100.18994140625,2151.820068359375,2151.820068359375,4968200,32.44809668989045,-210.1039482827955,-38.55526484689565,2389.578503417969,2846.158203125,5078610.0,-128859.18485397263
434,2022-05-23,2169.219970703125,2176.3798828125,2079.0,2151.139892578125,2151.139892578125,5389900,32.42486560433284,-203.42375517573964,-38.14825920560644,2351.0614990234376,2830.971201171875,4976980.0,-141288.22945629654
435,2022-05-24,2080.5,2108.0,2025.199951171875,2082.0,2082.0,5146700,30.068290758339515,-201.3871992413924,-38.43623761920429,2315.7704956054686,2815.87,4964480.0,-133902.28385487193
436,2022-05-25,2073.110107421875,2163.389892578125,2073.0,2135.5,2135.5,4656005,34.061758483923626,-193.22878989976516,-37.57498714396199,2284.3784912109377,2799.6333984375,4881560.5,-123912.35111169383
