,ds,trend,yhat_lower,yhat_upper,trend_lower,trend_upper,Vol_Avg_Ind,Vol_Avg_Ind_lower,Vol_Avg_Ind_upper,additive_terms,additive_terms_lower,additive_terms_upper,extra_regressors_additive,extra_regressors_additive_lower,extra_regressors_additive_upper,weekly,weekly_lower,weekly_upper,multiplicative_terms,multiplicative_terms_lower,multiplicative_terms_upper,yhat
0,2021-01-04,132.78273647729827,127.8955040752932,138.97332593316315,132.78273647729827,132.78273647729827,0.16511983394070323,0.16511983394070323,0.16511983394070323,0.6999925749106867,0.6999925749106867,0.6999925749106867,0.16511983394070323,0.16511983394070323,0.16511983394070323,0.5348727409699834,0.5348727409699834,0.5348727409699834,0.0,0.0,0.0,133.48272905220895
1,2021-01-05,132.70837436733788,128.22256461244186,138.93896672826492,132.70837436733788,132.70837436733788,0.12675657844053465,0.12675657844053465,0.12675657844053465,0.9555089027876288,0.9555089027876288,0.9555089027876288,0.12675657844053465,0.12675657844053465,0.12675657844053465,0.8287523243470942,0.8287523243470942,0.8287523243470942,0.0,0.0,0.0,133.66388327012552
2,2021-01-06,132.63401225737752,128.14587589527696,139.1625222550736,132.63401225737752,132.63401225737752,0.22736145335900285,0.22736145335900285,0.22736145335900285,1.0637364178982176,1.0637364178982176,1.0637364178982176,0.22736145335900285,0.22736145335900285,0.22736145335900285,0.8363749645392147,0.8363749645392147,0.8363749645392147,0.0,0.0,0.0,133.69774867527573
3,2021-01-07,132.55965014741713,128.08833454383515,139.02642568878554,132.55965014741713,132.55965014741713,0.17926375876628897,0.17926375876628897,0.17926375876628897,0.8905566229935435,0.8905566229935435,0.8905566229935435,0.17926375876628897,0.17926375876628897,0.17926375876628897,0.7112928642272546,0.7112928642272546,0.7112928642272546,0.0,0.0,0.0,133.4502067704107
4,2021-01-08,132.48528803745674,127.60374399975954,138.29145241611826,132.48528803745674,132.48528803745674,0.1786997862891237,0.1786997862891237,0.1786997862891237,0.8786283230950962,0.8786283230950962,0.8786283230950962,0.1786997862891237,0.1786997862891237,0.1786997862891237,0.6999285368059726,0.6999285368059726,0.6999285368059726,0.0,0.0,0.0,133.36391636055183
5,2021-01-11,132.26220170757563,127.60015723606972,138.07186975450045,132.26220170757563,132.26220170757563,0.19564283934379298,0.19564283934379298,0.19564283934379298,0.730515580307856,0.730515580307856,0.730515580307856,0.19564283934379298,0.19564283934379298,0.19564283934379298,0.5348727409640631,0.5348727409640631,0.5348727409640631,0.0,0.0,0.0,132.9927172878835
6,2021-01-12,132.18783959761524,127.96321464777557,138.6350088276291,132.18783959761524,132.18783959761524,0.2049338331962299,0.2049338331962299,0.2049338331962299,1.0336861575439686,1.0336861575439686,1.0336861575439686,0.2049338331962299,0.2049338331962299,0.2049338331962299,0.8287523243477387,0.8287523243477387,0.8287523243477387,0.0,0.0,0.0,133.2215257551592
7,2021-01-13,132.11347748765488,127.52873413052987,138.53689284100935,132.11347748765488,132.11347748765488,0.2068799606961017,0.2068799606961017,0.2068799606961017,1.04325492523497,1.04325492523497,1.04325492523497,0.2068799606961017,0.2068799606961017,0.2068799606961017,0.8363749645388684,0.8363749645388684,0.8363749645388684,0.0,0.0,0.0,133.15673241288985
8,2021-01-14,132.0391153776945,127.57522649252662,138.22879567959825,132.0391153776945,132.0391153776945,0.23844988221856867,0.23844988221856867,0.23844988221856867,0.9497427464463319,0.9497427464463319,0.9497427464463319,0.23844988221856867,0.23844988221856867,0.23844988221856867,0.7112928642277633,0.7112928642277633,0.7112928642277633,0.0,0.0,0.0,132.98885812414082
9,2021-01-15,131.9647532551636,127.87904701576095,138.35938927278409,131.9647532551636,131.9647532551636,0.3615265069523789,0.3615265069523789,0.3615265069523789,1.0614550437567378,1.0614550437567378,1.0614550437567378,0.3615265069523789,0.3615265069523789,0.3615265069523789,0.6999285368043588,0.6999285368043588,0.6999285368043588,0.0,0.0,0.0,133.02620829892035
10,2021-01-19,131.66730476504003,127.69135046226044,138.0500389307045,131.66730476504003,131.66730476504003,0.35625486655817523,0.35625486655817523,0.35625486655817523,1.1850071909040403,1.1850071909040403,1.1850071909040403,0.35625486655817523,0.35625486655817523,0.35625486655817523,0.828752324345865,0.828752324345865,0.828752324345865,0.0,0.0,0.0,132.85231195594406
11,2021-01-20,131.59294264250914,127.78278771631494,138.0956222370217,131.59294264250914,131.59294264250914,0.3670420637885388,0.3670420637885388,0.3670420637885388,1.2034170283274352,1.2034170283274352,1.2034170283274352,0.3670420637885388,0.3670420637885388,0.3670420637885388,0.8363749645388966,0.8363749645388966,0.8363749645388966,0.0,0.0,0.0,132.79635967083658
12,2021-01-21,131.51858051997826,127.03225595374717,138.2322027757092,131.51858051997826,131.51858051997826,0.31433300560127314,0.31433300560127314,0.31433300560127314,1.025625869829545,1.025625869829545,1.025625869829545,0.31433300560127314,0.31433300560127314,0.31433300560127314,0.7112928642282719,0.7112928642282719,0.7112928642282719,0.0,0.0,0.0,132.5442063898078
13,2021-01-22,131.44421839744734,127.04524265348584,137.49076921924708,131.44421839744734,131.44421839744734,0.23767876600456667,0.23767876600456667,0.23767876600456667,0.9376073028144077,0.9376073028144077,0.9376073028144077,0.23767876600456667,0.23767876600456667,0.23767876600456667,0.6999285368098411,0.6999285368098411,0.6999285368098411,0.0,0.0,0.0,132.38182570026174
14,2021-01-25,131.2211320298547,126.59550205175877,137.571880887392,131.2211320298547,131.2211320298547,0.2532182527227493,0.2532182527227493,0.2532182527227493,0.7880909936885985,0.7880909936885985,0.7880909936885985,0.2532182527227493,0.2532182527227493,0.2532182527227493,0.5348727409658491,0.5348727409658491,0.5348727409658491,0.0,0.0,0.0,132.00922302354329
15,2021-01-26,131.14676990732377,126.46834452583917,137.08229375848725,131.14676990732377,131.14676990732377,0.14450263285152665,0.14450263285152665,0.14450263285152665,0.9732549571980365,0.9732549571980365,0.9732549571980365,0.14450263285152665,0.14450263285152665,0.14450263285152665,0.8287523243465098,0.8287523243465098,0.8287523243465098,0.0,0.0,0.0,132.1200248645218
16,2021-01-27,131.0724077847929,126.47324746845626,137.63327284681486,131.0724077847929,131.0724077847929,0.18364069227338176,0.18364069227338176,0.18364069227338176,1.0200156568122474,1.0200156568122474,1.0200156568122474,0.18364069227338176,0.18364069227338176,0.18364069227338176,0.8363749645388655,0.8363749645388655,0.8363749645388655,0.0,0.0,0.0,132.09242344160512
17,2021-01-28,130.94322996759502,125.82142302643246,137.14864151150448,130.94322996759502,130.94322996759502,0.19724837084468178,0.19724837084468178,0.19724837084468178,0.908541235073462,0.908541235073462,0.908541235073462,0.19724837084468178,0.19724837084468178,0.19724837084468178,0.7112928642287802,0.7112928642287802,0.7112928642287802,0.0,0.0,0.0,131.8517712026685
18,2021-01-29,130.81405215039712,126.35013792245898,136.91271733448045,130.81405215039712,130.81405215039712,0.2913162638526351,0.2913162638526351,0.2913162638526351,0.9912448006622911,0.9912448006622911,0.9912448006622911,0.2913162638526351,0.2913162638526351,0.2913162638526351,0.6999285368096559,0.6999285368096559,0.6999285368096559,0.0,0.0,0.0,131.8052969510594
19,2021-02-01,130.4265186988035,125.75137192553359,136.1780451192647,130.4265186988035,130.4265186988035,0.20699655118838184,0.20699655118838184,0.20699655118838184,0.7418692921560717,0.7418692921560717,0.7418692921560717,0.20699655118838184,0.20699655118838184,0.20699655118838184,0.5348727409676898,0.5348727409676898,0.5348727409676898,0.0,0.0,0.0,131.1683879909596
20,2021-02-02,130.2973408816056,125.95673446181313,136.36076401222383,130.2973408816056,130.2973408816056,0.18193099918983638,0.18193099918983638,0.18193099918983638,1.0106833235375374,1.0106833235375374,1.0106833235375374,0.18193099918983638,0.18193099918983638,0.18193099918983638,0.8287523243477011,0.8287523243477011,0.8287523243477011,0.0,0.0,0.0,131.30802420514314
21,2021-02-03,130.16816306440774,125.86719385108273,136.37413544572033,130.16816306440774,130.16816306440774,0.2182690142618887,0.2182690142618887,0.2182690142618887,1.0546439788011563,1.0546439788011563,1.0546439788011563,0.2182690142618887,0.2182690142618887,0.2182690142618887,0.8363749645392676,0.8363749645392676,0.8363749645392676,0.0,0.0,0.0,131.2228070432089
22,2021-02-04,130.03898524720987,125.76824121825904,136.26741492055967,130.03898524720987,130.03898524720987,0.20508002888225998,0.20508002888225998,0.20508002888225998,0.9163728931109643,0.9163728931109643,0.9163728931109643,0.20508002888225998,0.20508002888225998,0.20508002888225998,0.7112928642287042,0.7112928642287042,0.7112928642287042,0.0,0.0,0.0,130.95535814032084
23,2021-02-05,129.90980743001197,125.22906988584116,135.9778338633199,129.90980743001197,129.90980743001197,0.1904787001476351,0.1904787001476351,0.1904787001476351,0.8904072369542492,0.8904072369542492,0.8904072369542492,0.1904787001476351,0.1904787001476351,0.1904787001476351,0.699928536806614,0.699928536806614,0.699928536806614,0.0,0.0,0.0,130.8002146669662
24,2021-02-08,129.52227397841833,125.09829975486252,135.65407134726348,129.52227397841833,129.52227397841833,0.18293214285128628,0.18293214285128628,0.18293214285128628,0.7178048838208165,0.7178048838208165,0.7178048838208165,0.18293214285128628,0.18293214285128628,0.18293214285128628,0.5348727409695302,0.5348727409695302,0.5348727409695302,0.0,0.0,0.0,130.24007886223913
25,2021-02-09,129.39309606188763,125.4052015974144,136.16378452359277,129.39309606188763,129.39309606188763,0.20481499353524452,0.20481499353524452,0.20481499353524452,1.033567317882331,1.033567317882331,1.033567317882331,0.20481499353524452,0.20481499353524452,0.20481499353524452,0.8287523243470866,0.8287523243470866,0.8287523243470866,0.0,0.0,0.0,130.42666337976996
26,2021-02-10,129.2639181453569,125.0894510281233,135.40866299836694,129.2639181453569,129.2639181453569,0.20991009405308306,0.20991009405308306,0.20991009405308306,1.0462850585920043,1.0462850585920043,1.0462850585920043,0.20991009405308306,0.20991009405308306,0.20991009405308306,0.8363749645389212,0.8363749645389212,0.8363749645389212,0.0,0.0,0.0,130.3102032039489
27,2021-02-11,129.13474022882622,124.36537006396574,135.6427011034156,129.13474022882622,129.13474022882622,0.20176987737926744,0.20176987737926744,0.20176987737926744,0.913062741609065,0.913062741609065,0.913062741609065,0.20176987737926744,0.20176987737926744,0.20176987737926744,0.7112928642297975,0.7112928642297975,0.7112928642297975,0.0,0.0,0.0,130.04780297043527
28,2021-02-12,129.00556231229552,124.78039115803305,135.45371916203644,129.00556231229552,129.00556231229552,0.20130193192598386,0.20130193192598386,0.20130193192598386,0.9012304687324127,0.9012304687324127,0.9012304687324127,0.20130193192598386,0.20130193192598386,0.20130193192598386,0.6999285368064289,0.6999285368064289,0.6999285368064289,0.0,0.0,0.0,129.90679278102795
29,2021-02-16,128.4888506461727,123.94687146603778,135.1754218629798,128.4888506461727,128.4888506461727,0.3204000377296371,0.3204000377296371,0.3204000377296371,1.149152362076109,1.149152362076109,1.149152362076109,0.3204000377296371,0.3204000377296371,0.3204000377296371,0.828752324346472,0.828752324346472,0.828752324346472,0.0,0.0,0.0,129.6380030082488
30,2021-02-17,128.359672729642,124.26917544850473,135.13047212738422,128.359672729642,128.359672729642,0.6118742061789134,0.6118742061789134,0.6118742061789134,1.4482491707174885,1.4482491707174885,1.4482491707174885,0.6118742061789134,0.6118742061789134,0.6118742061789134,0.836374964538575,0.836374964538575,0.836374964538575,0.0,0.0,0.0,129.80792190035947
31,2021-02-18,128.2304948131113,125.20786025798017,135.56073059672548,128.2304948131113,128.2304948131113,1.7305835012997624,1.7305835012997624,1.7305835012997624,2.441876365527416,2.441876365527416,2.441876365527416,1.7305835012997624,1.7305835012997624,1.7305835012997624,0.7112928642276535,0.7112928642276535,0.7112928642276535,0.0,0.0,0.0,130.6723711786387
32,2021-02-19,128.1013168965806,120.14036035228774,131.35044128613694,128.1013168965806,128.1013168965806,-2.8470989950367147,-2.8470989950367147,-2.8470989950367147,-2.1471704582318996,-2.1471704582318996,-2.1471704582318996,-2.8470989950367147,-2.8470989950367147,-2.8470989950367147,0.6999285368048155,0.6999285368048155,0.6999285368048155,0.0,0.0,0.0,125.95414643834872
33,2021-02-22,127.71378316703036,122.47689477577958,133.31783808647035,127.71378316703036,127.71378316703036,-0.5480696587306464,-0.5480696587306464,-0.5480696587306464,-0.013196917757435173,-0.013196917757435173,-0.013196917757435173,-0.5480696587306464,-0.5480696587306464,-0.5480696587306464,0.5348727409732112,0.5348727409732112,0.5348727409732112,0.0,0.0,0.0,127.70058624927292
34,2021-02-23,127.58460525718027,122.21757835411115,133.29896658371703,127.58460525718027,127.58460525718027,-0.4909174735367936,-0.4909174735367936,-0.4909174735367936,0.33783485081212905,0.33783485081212905,0.33783485081212905,-0.4909174735367936,-0.4909174735367936,-0.4909174735367936,0.8287523243489227,0.8287523243489227,0.8287523243489227,0.0,0.0,0.0,127.9224401079924
35,2021-02-24,127.4554273473302,122.9023606332071,133.5533112517018,127.4554273473302,127.4554273473302,-0.24092948516525103,-0.24092948516525103,-0.24092948516525103,0.5954454793737262,0.5954454793737262,0.5954454793737262,-0.24092948516525103,-0.24092948516525103,-0.24092948516525103,0.8363749645389771,0.8363749645389771,0.8363749645389771,0.0,0.0,0.0,128.05087282670394
36,2021-02-25,127.3262494374801,122.72452164949235,133.17884514371326,127.3262494374801,127.3262494374801,-0.22553725799717128,-0.22553725799717128,-0.22553725799717128,0.4857556062309912,0.4857556062309912,0.4857556062309912,-0.22553725799717128,-0.22553725799717128,-0.22553725799717128,0.7112928642281624,0.7112928642281624,0.7112928642281624,0.0,0.0,0.0,127.8120050437111
37,2021-02-26,127.19707152763004,122.29286816519333,133.01504247749213,127.19707152763004,127.19707152763004,-0.20246951429148505,-0.20246951429148505,-0.20246951429148505,0.49745902251171686,0.49745902251171686,0.49745902251171686,-0.20246951429148505,-0.20246951429148505,-0.20246951429148505,0.6999285368032019,0.6999285368032019,0.6999285368032019,0.0,0.0,0.0,127.69453055014176
38,2021-03-01,126.80953779807979,121.74316092723168,132.5780180783207,126.80953779807979,126.80953779807979,-0.15214969194458255,-0.15214969194458255,-0.15214969194458255,0.38272304902081355,0.38272304902081355,0.38272304902081355,-0.15214969194458255,-0.15214969194458255,-0.15214969194458255,0.5348727409653962,0.5348727409653962,0.5348727409653962,0.0,0.0,0.0,127.1922608471006
39,2021-03-02,126.68035988822973,121.84337184951971,132.40288744840174,126.68035988822973,126.68035988822973,-0.13192757169310865,-0.13192757169310865,-0.13192757169310865,0.6968247526551996,0.6968247526551996,0.6968247526551996,-0.13192757169310865,-0.13192757169310865,-0.13192757169310865,0.8287523243483083,0.8287523243483083,0.8287523243483083,0.0,0.0,0.0,127.37718464088493
40,2021-03-03,126.55118197837963,121.89916428303408,132.86435962470017,126.55118197837963,126.55118197837963,-0.13633908637890874,-0.13633908637890874,-0.13633908637890874,0.7000358781597222,0.7000358781597222,0.7000358781597222,-0.13633908637890874,-0.13633908637890874,-0.13633908637890874,0.836374964538631,0.836374964538631,0.836374964538631,0.0,0.0,0.0,127.25121785653936
41,2021-03-04,126.44610539354876,121.74291533138982,132.52112175621687,126.44610539354876,126.44610539354876,-0.2055351259203398,-0.2055351259203398,-0.2055351259203398,0.5057577383077461,0.5057577383077461,0.5057577383077461,-0.2055351259203398,-0.2055351259203398,-0.2055351259203398,0.7112928642280858,0.7112928642280858,0.7112928642280858,0.0,0.0,0.0,126.95186313185651
42,2021-03-05,126.34102880871788,121.70937168140885,132.39294928008837,126.34102880871788,126.34102880871788,-0.1693361281100868,-0.1693361281100868,-0.1693361281100868,0.5305924086985973,0.5305924086985973,0.5305924086985973,-0.1693361281100868,-0.1693361281100868,-0.1693361281100868,0.699928536808684,0.699928536808684,0.699928536808684,0.0,0.0,0.0,126.87162121741648
43,2021-03-08,126.02579905422525,120.70817326340104,131.55660533194998,126.02579905422525,126.02579905422525,-0.1502665615950981,-0.1502665615950981,-0.1502665615950981,0.38460617937213853,0.38460617937213853,0.38460617937213853,-0.1502665615950981,-0.1502665615950981,-0.1502665615950981,0.5348727409672366,0.5348727409672366,0.5348727409672366,0.0,0.0,0.0,126.41040523359739
44,2021-03-09,125.92072246939438,121.01441998968868,131.8888098809642,125.92072246939438,125.92072246939438,-0.12987183037716102,-0.12987183037716102,-0.12987183037716102,0.6988804939705323,0.6988804939705323,0.6988804939705323,-0.12987183037716102,-0.12987183037716102,-0.12987183037716102,0.8287523243476934,0.8287523243476934,0.8287523243476934,0.0,0.0,0.0,126.61960296336491
45,2021-03-10,125.81564588456348,121.40509951919624,131.68349895790044,125.81564588456348,125.81564588456348,-0.11191206492533688,-0.11191206492533688,-0.11191206492533688,0.7244628996133221,0.7244628996133221,0.7244628996133221,-0.11191206492533688,-0.11191206492533688,-0.11191206492533688,0.836374964538659,0.836374964538659,0.836374964538659,0.0,0.0,0.0,126.54010878417681
46,2021-03-11,125.71056929973261,121.31558939518573,131.64849523471506,125.71056929973261,125.71056929973261,-0.11027622085342927,-0.11027622085342927,-0.11027622085342927,0.6010166433757501,0.6010166433757501,0.6010166433757501,-0.11027622085342927,-0.11027622085342927,-0.11027622085342927,0.7112928642291794,0.7112928642291794,0.7112928642291794,0.0,0.0,0.0,126.31158594310835
47,2021-03-12,125.60549271490174,121.01354647122766,131.59979806364007,125.60549271490174,125.60549271490174,-0.09587822670739711,-0.09587822670739711,-0.09587822670739711,0.6040503101011018,0.6040503101011018,0.6040503101011018,-0.09587822670739711,-0.09587822670739711,-0.09587822670739711,0.6999285368084989,0.6999285368084989,0.6999285368084989,0.0,0.0,0.0,126.20954302500284
48,2021-03-15,125.2902629604091,120.43498302534942,131.03886615497137,125.2902629604091,125.2902629604091,-0.1180685965075952,-0.1180685965075952,-0.1180685965075952,0.41680414446148184,0.41680414446148184,0.41680414446148184,-0.1180685965075952,-0.1180685965075952,-0.1180685965075952,0.534872740969077,0.534872740969077,0.534872740969077,0.0,0.0,0.0,125.70706710487057
49,2021-03-16,125.28552455143164,120.26938352646697,130.98320715428926,125.28552455143164,125.28552455143164,-0.18447383517260138,-0.18447383517260138,-0.18447383517260138,0.6442784891744776,0.6442784891744776,0.6442784891744776,-0.18447383517260138,-0.18447383517260138,-0.18447383517260138,0.828752324347079,0.828752324347079,0.828752324347079,0.0,0.0,0.0,125.92980304060612
50,2021-03-17,125.2807861424542,120.16102473669257,130.868038698685,125.2807861424542,125.2807861424542,-0.20675818317691744,-0.20675818317691744,-0.20675818317691744,0.6296167813620845,0.6296167813620845,0.6296167813620845,-0.20675818317691744,-0.20675818317691744,-0.20675818317691744,0.836374964539002,0.836374964539002,0.836374964539002,0.0,0.0,0.0,125.91040292381629
51,2021-03-18,125.27604773347674,120.1465599968218,130.82518988011924,125.27604773347674,125.27604773347674,-0.22041517556956042,-0.22041517556956042,-0.22041517556956042,0.4908776886595427,0.4908776886595427,0.4908776886595427,-0.22041517556956042,-0.22041517556956042,-0.22041517556956042,0.7112928642291031,0.7112928642291031,0.7112928642291031,0.0,0.0,0.0,125.76692542213628
52,2021-03-19,125.27130932449931,119.79301700452201,130.82704960206416,125.27130932449931,125.27130932449931,-0.3367014558900442,-0.3367014558900442,-0.3367014558900442,0.3632270809168412,0.3632270809168412,0.3632270809168412,-0.3367014558900442,-0.3367014558900442,-0.3367014558900442,0.6999285368068854,0.6999285368068854,0.6999285368068854,0.0,0.0,0.0,125.63453640541616
53,2021-03-22,125.25709409756698,120.00476026430736,130.45374898624982,125.25709409756698,125.25709409756698,-0.22090373905554914,-0.22090373905554914,-0.22090373905554914,0.31396900190760757,0.31396900190760757,0.31396900190760757,-0.22090373905554914,-0.22090373905554914,-0.22090373905554914,0.5348727409631567,0.5348727409631567,0.5348727409631567,0.0,0.0,0.0,125.57106309947459
54,2021-03-23,125.25235568858953,120.6827813875301,131.25598946567465,125.25235568858953,125.25235568858953,-0.20028454091274603,-0.20028454091274603,-0.20028454091274603,0.6284677834349774,0.6284677834349774,0.6284677834349774,-0.20028454091274603,-0.20028454091274603,-0.20028454091274603,0.8287523243477234,0.8287523243477234,0.8287523243477234,0.0,0.0,0.0,125.8808234720245
55,2021-03-24,125.24761727961209,120.38409436643401,131.33612994132216,125.24761727961209,125.24761727961209,-0.17778763695199887,-0.17778763695199887,-0.17778763695199887,0.658587327587031,0.658587327587031,0.658587327587031,-0.17778763695199887,-0.17778763695199887,-0.17778763695199887,0.8363749645390298,0.8363749645390298,0.8363749645390298,0.0,0.0,0.0,125.90620460719911
56,2021-03-25,125.24287887063464,120.38268935750548,131.3572342585151,125.24287887063464,125.24287887063464,-0.20054566022143963,-0.20054566022143963,-0.20054566022143963,0.5107472040075868,0.5107472040075868,0.5107472040075868,-0.20054566022143963,-0.20054566022143963,-0.20054566022143963,0.7112928642290264,0.7112928642290264,0.7112928642290264,0.0,0.0,0.0,125.75362607464223
57,2021-03-26,125.28548719892724,120.67037953056935,130.81561855752662,125.28548719892724,125.28548719892724,-0.19573458231009278,-0.19573458231009278,-0.19573458231009278,0.5041939544951789,0.5041939544951789,0.5041939544951789,-0.19573458231009278,-0.19573458231009278,-0.19573458231009278,0.6999285368052717,0.6999285368052717,0.6999285368052717,0.0,0.0,0.0,125.78968115342242
58,2021-03-29,125.413312183805,120.65917665152995,130.87435628465428,125.413312183805,125.413312183805,-0.17127307537521308,-0.17127307537521308,-0.17127307537521308,0.36359966558788936,0.36359966558788936,0.36359966558788936,-0.17127307537521308,-0.17127307537521308,-0.17127307537521308,0.5348727409631024,0.5348727409631024,0.5348727409631024,0.0,0.0,0.0,125.77691184939289
59,2021-03-30,125.45592051209758,120.8220065730878,130.9939142162614,125.45592051209758,125.45592051209758,-0.1762830474598523,-0.1762830474598523,-0.1762830474598523,0.6524692768859974,0.6524692768859974,0.6524692768859974,-0.1762830474598523,-0.1762830474598523,-0.1762830474598523,0.8287523243458498,0.8287523243458498,0.8287523243458498,0.0,0.0,0.0,126.10838978898357
60,2021-03-31,125.49852884039016,120.59378973782876,131.08559154756853,125.49852884039016,125.49852884039016,-0.2777511571329403,-0.2777511571329403,-0.2777511571329403,0.5586238074057435,0.5586238074057435,0.5586238074057435,-0.2777511571329403,-0.2777511571329403,-0.2777511571329403,0.8363749645386837,0.8363749645386837,0.8363749645386837,0.0,0.0,0.0,126.0571526477959
61,2021-04-01,125.54113716868275,121.24049461348093,131.5875720706192,125.54113716868275,125.54113716868275,-0.19587355312227708,-0.19587355312227708,-0.19587355312227708,0.515419311107843,0.515419311107843,0.515419311107843,-0.19587355312227708,-0.19587355312227708,-0.19587355312227708,0.7112928642301201,0.7112928642301201,0.7112928642301201,0.0,0.0,0.0,126.0565564797906
62,2021-04-05,125.71157048185309,120.76641743951441,131.43557296645096,125.71157048185309,125.71157048185309,-0.34666295357211696,-0.34666295357211696,-0.34666295357211696,0.18820978739472075,0.18820978739472075,0.18820978739472075,-0.34666295357211696,-0.34666295357211696,-0.34666295357211696,0.5348727409668377,0.5348727409668377,0.5348727409668377,0.0,0.0,0.0,125.89978026924781
63,2021-04-06,125.75417881014567,120.5902681707701,130.73252019449745,125.75417881014567,125.75417881014567,-0.5173710793793291,-0.5173710793793291,-0.5173710793793291,0.3113812449671653,0.3113812449671653,0.3113812449671653,-0.5173710793793291,-0.5173710793793291,-0.5173710793793291,0.8287523243464945,0.8287523243464945,0.8287523243464945,0.0,0.0,0.0,126.06556005511284
64,2021-04-07,125.79678713843828,119.08476290200146,129.7025865372881,125.79678713843828,125.79678713843828,-2.245509664591985,-2.245509664591985,-2.245509664591985,-1.4091347000532735,-1.4091347000532735,-1.4091347000532735,-2.245509664591985,-2.245509664591985,-2.245509664591985,0.8363749645387117,0.8363749645387117,0.8363749645387117,0.0,0.0,0.0,124.387652438385
65,2021-04-08,125.839395462879,122.14458040366829,132.68350522394087,125.839395462879,125.839395462879,0.8573717949872317,0.8573717949872317,0.8573717949872317,1.5686646592152078,1.5686646592152078,1.5686646592152078,0.8573717949872317,0.8573717949872317,0.8573717949872317,0.711292864227976,0.711292864227976,0.711292864227976,0.0,0.0,0.0,127.4080601220942
66,2021-04-09,125.88200378731969,121.46937190572994,131.89058420707102,125.88200378731969,125.88200378731969,0.4095239383722898,0.4095239383722898,0.4095239383722898,1.1094524751828583,1.1094524751828583,1.1094524751828583,0.4095239383722898,0.4095239383722898,0.4095239383722898,0.6999285368105685,0.6999285368105685,0.6999285368105685,0.0,0.0,0.0,126.99145626250255
67,2021-04-12,126.00982876064185,121.38253509904324,132.28449436420036,126.00982876064185,126.00982876064185,0.2691822004995507,0.2691822004995507,0.2691822004995507,0.8040549414663343,0.8040549414663343,0.8040549414663343,0.2691822004995507,0.2691822004995507,0.2691822004995507,0.5348727409667835,0.5348727409667835,0.5348727409667835,0.0,0.0,0.0,126.81388370210819
68,2021-04-13,126.05243708508256,121.73450399445467,132.24587984590855,126.05243708508256,126.05243708508256,0.2027185094711828,0.2027185094711828,0.2027185094711828,1.0314708338188685,1.0314708338188685,1.0314708338188685,0.2027185094711828,0.2027185094711828,0.2027185094711828,0.8287523243476858,0.8287523243476858,0.8287523243476858,0.0,0.0,0.0,127.08390791890143
69,2021-04-14,126.09504540952327,122.03916923218381,132.60805285535142,126.09504540952327,126.09504540952327,0.1796586344981617,0.1796586344981617,0.1796586344981617,1.0160335990369016,1.0160335990369016,1.0160335990369016,0.1796586344981617,0.1796586344981617,0.1796586344981617,0.8363749645387398,0.8363749645387398,0.8363749645387398,0.0,0.0,0.0,127.11107900856017
70,2021-04-15,126.13765373396399,121.87842123102864,132.60548830443565,126.13765373396399,126.13765373396399,0.16287773453098156,0.16287773453098156,0.16287773453098156,0.8741705987594662,0.8741705987594662,0.8741705987594662,0.16287773453098156,0.16287773453098156,0.16287773453098156,0.7112928642284846,0.7112928642284846,0.7112928642284846,0.0,0.0,0.0,127.01182433272345
71,2021-04-16,126.1802620584047,121.96520491569271,132.10588109768702,126.1802620584047,126.1802620584047,0.14512506944436585,0.14512506944436585,0.14512506944436585,0.8450536062518926,0.8450536062518926,0.8450536062518926,0.14512506944436585,0.14512506944436585,0.14512506944436585,0.6999285368075269,0.6999285368075269,0.6999285368075269,0.0,0.0,0.0,127.02531566465659
72,2021-04-19,126.30808703172683,121.8649915959683,132.15726607799078,126.30808703172683,126.30808703172683,0.14850077478528756,0.14850077478528756,0.14850077478528756,0.6833735157520167,0.6833735157520167,0.6833735157520167,0.14850077478528756,0.14850077478528756,0.14850077478528756,0.5348727409667291,0.5348727409667291,0.5348727409667291,0.0,0.0,0.0,126.99146054747885
73,2021-04-20,126.35069456034809,122.02762601475592,132.78803588733774,126.35069456034809,126.35069456034809,0.14915761123544552,0.14915761123544552,0.14915761123544552,0.9779099355825168,0.9779099355825168,0.9779099355825168,0.14915761123544552,0.14915761123544552,0.14915761123544552,0.8287523243470714,0.8287523243470714,0.8287523243470714,0.0,0.0,0.0,127.3286044959306
74,2021-04-21,126.39330208896936,122.24682686090819,132.26863550612873,126.39330208896936,126.39330208896936,0.11328575246704978,0.11328575246704978,0.11328575246704978,0.9496607170058176,0.9496607170058176,0.9496607170058176,0.11328575246704978,0.11328575246704978,0.11328575246704978,0.8363749645387677,0.8363749645387677,0.8363749645387677,0.0,0.0,0.0,127.34296280597518
75,2021-04-22,126.4359096175906,121.99982041408288,132.60592906239123,126.4359096175906,126.4359096175906,0.13984380390645396,0.13984380390645396,0.13984380390645396,0.8511366681354472,0.8511366681354472,0.8511366681354472,0.13984380390645396,0.13984380390645396,0.13984380390645396,0.7112928642289933,0.7112928642289933,0.7112928642289933,0.0,0.0,0.0,127.28704628572605
76,2021-04-23,126.47851714621187,121.80736087622392,132.9375904672225,126.47851714621187,126.47851714621187,0.12957135095590172,0.12957135095590172,0.12957135095590172,0.829499887763243,0.829499887763243,0.829499887763243,0.12957135095590172,0.12957135095590172,0.12957135095590172,0.6999285368073414,0.6999285368073414,0.6999285368073414,0.0,0.0,0.0,127.30801703397512
77,2021-04-26,126.60633973207561,122.02655695339952,133.027694051128,126.60633973207561,126.60633973207561,0.11121394266231094,0.11121394266231094,0.11121394266231094,0.6460866836308805,0.6460866836308805,0.6460866836308805,0.11121394266231094,0.11121394266231094,0.11121394266231094,0.5348727409685696,0.5348727409685696,0.5348727409685696,0.0,0.0,0.0,127.2524264157065
78,2021-04-27,126.64894726069689,122.38272709090478,132.92735177546905,126.64894726069689,126.64894726069689,0.10937157968483283,0.10937157968483283,0.10937157968483283,0.9381239040312894,0.9381239040312894,0.9381239040312894,0.10937157968483283,0.10937157968483283,0.10937157968483283,0.8287523243464566,0.8287523243464566,0.8287523243464566,0.0,0.0,0.0,127.58707116472817
79,2021-04-28,126.69155478931812,122.41921000525949,132.82542527195227,126.69155478931812,126.69155478931812,0.16859945098773838,0.16859945098773838,0.16859945098773838,1.00497441552616,1.00497441552616,1.00497441552616,0.16859945098773838,0.16859945098773838,0.16859945098773838,0.8363749645384215,0.8363749645384215,0.8363749645384215,0.0,0.0,0.0,127.69652920484428
80,2021-04-29,126.7341623179394,121.97057824402252,132.83930480632444,126.7341623179394,126.7341623179394,0.23302512150808471,0.23302512150808471,0.23302512150808471,0.9443179857355188,0.9443179857355188,0.9443179857355188,0.23302512150808471,0.23302512150808471,0.23302512150808471,0.7112928642274342,0.7112928642274342,0.7112928642274342,0.0,0.0,0.0,127.67848030367492
81,2021-04-30,126.77676985250575,122.3043611538392,132.82588358737956,126.77676985250575,126.77676985250575,0.19296211649977665,0.19296211649977665,0.19296211649977665,0.892890653306933,0.892890653306933,0.892890653306933,0.19296211649977665,0.19296211649977665,0.19296211649977665,0.6999285368071564,0.6999285368071564,0.6999285368071564,0.0,0.0,0.0,127.66966050581269
82,2021-05-03,126.9045924562048,122.39130715616628,132.64507464007824,126.9045924562048,126.9045924562048,0.1463304106499058,0.1463304106499058,0.1463304106499058,0.6812031516203157,0.6812031516203157,0.6812031516203157,0.1463304106499058,0.1463304106499058,0.1463304106499058,0.5348727409704099,0.5348727409704099,0.5348727409704099,0.0,0.0,0.0,127.5857956078251
83,2021-05-04,126.94719999077115,122.64820134960931,133.53824665086393,126.94719999077115,126.94719999077115,0.3378063929549952,0.3378063929549952,0.3378063929549952,1.1665587173020966,1.1665587173020966,1.1665587173020966,0.3378063929549952,0.3378063929549952,0.3378063929549952,0.8287523243471013,0.8287523243471013,0.8287523243471013,0.0,0.0,0.0,128.11375870807325
84,2021-05-05,126.98980752533748,123.02692693513836,133.4165461203787,126.98980752533748,126.98980752533748,0.2936901883888944,0.2936901883888944,0.2936901883888944,1.130065152928033,1.130065152928033,1.130065152928033,0.2936901883888944,0.2936901883888944,0.2936901883888944,0.8363749645391387,0.8363749645391387,0.8363749645391387,0.0,0.0,0.0,128.11987267826552
85,2021-05-06,127.03241505990384,122.72898820230465,133.36119928720447,127.03241505990384,127.03241505990384,0.3403356066687733,0.3403356066687733,0.3403356066687733,1.0516284708961312,1.0516284708961312,1.0516284708961312,0.3403356066687733,0.3403356066687733,0.3403356066687733,0.7112928642273578,0.7112928642273578,0.7112928642273578,0.0,0.0,0.0,128.08404353079996
86,2021-05-07,127.0750225944702,123.0385642306373,133.72877774887107,127.0750225944702,127.0750225944702,0.40667458467821543,0.40667458467821543,0.40667458467821543,1.10660312148233,1.10660312148233,1.10660312148233,0.40667458467821543,0.40667458467821543,0.40667458467821543,0.6999285368041146,0.6999285368041146,0.6999285368041146,0.0,0.0,0.0,128.18162571595252
87,2021-05-10,127.20284519816924,123.53272640419324,134.10864947821102,127.20284519816924,127.20284519816924,1.0690632457350786,1.0690632457350786,1.0690632457350786,1.6039359866995686,1.6039359866995686,1.6039359866995686,1.0690632457350786,1.0690632457350786,1.0690632457350786,0.5348727409644898,0.5348727409644898,0.5348727409644898,0.0,0.0,0.0,128.8067811848688
88,2021-05-11,127.2454527327356,119.74863727339411,130.08822885958682,127.2454527327356,127.2454527327356,-3.536627237125154,-3.536627237125154,-3.536627237125154,-2.707874912777408,-2.707874912777408,-2.707874912777408,-3.536627237125154,-3.536627237125154,-3.536627237125154,0.8287523243477459,0.8287523243477459,0.8287523243477459,0.0,0.0,0.0,124.53757781995819
89,2021-05-12,127.28806026593796,121.90952893817001,132.22347511474766,127.28806026593796,127.28806026593796,-0.5221142608251779,-0.5221142608251779,-0.5221142608251779,0.31426070371361475,0.31426070371361475,0.31426070371361475,-0.5221142608251779,-0.5221142608251779,-0.5221142608251779,0.8363749645387926,0.8363749645387926,0.8363749645387926,0.0,0.0,0.0,127.60232096965157
90,2021-05-13,127.3306677991403,122.1353838868841,133.11614342896715,127.3306677991403,127.3306677991403,-0.3546151055485341,-0.3546151055485341,-0.3546151055485341,0.3566777586793324,0.3566777586793324,0.3566777586793324,-0.3546151055485341,-0.3546151055485341,-0.3546151055485341,0.7112928642278665,0.7112928642278665,0.7112928642278665,0.0,0.0,0.0,127.68734555781964
91,2021-05-14,127.37327533234266,122.58485261228789,133.41391065214322,127.37327533234266,127.37327533234266,-0.27677673655057683,-0.27677673655057683,-0.27677673655057683,0.4231518002533524,0.4231518002533524,0.4231518002533524,-0.27677673655057683,-0.27677673655057683,-0.27677673655057683,0.6999285368039293,0.6999285368039293,0.6999285368039293,0.0,0.0,0.0,127.79642713259601
92,2021-05-17,127.50109793194969,122.72906591890782,133.1286945125959,127.50109793194969,127.50109793194969,-0.22980648743892404,-0.22980648743892404,-0.22980648743892404,0.3050662535255114,0.3050662535255114,0.3050662535255114,-0.22980648743892404,-0.22980648743892404,-0.22980648743892404,0.5348727409644355,0.5348727409644355,0.5348727409644355,0.0,0.0,0.0,127.8061641854752
93,2021-05-18,127.54370546515203,122.79054028002297,133.4753513844511,127.54370546515203,127.54370546515203,-0.16339853594851375,-0.16339853594851375,-0.16339853594851375,0.6653537883973584,0.6653537883973584,0.6653537883973584,-0.16339853594851375,-0.16339853594851375,-0.16339853594851375,0.8287523243458721,0.8287523243458721,0.8287523243458721,0.0,0.0,0.0,128.20905925354938
94,2021-05-19,127.58631299835439,123.07066889925413,133.7395573918264,127.58631299835439,127.58631299835439,-0.2200080186714177,-0.2200080186714177,-0.2200080186714177,0.6163669458674027,0.6163669458674027,0.6163669458674027,-0.2200080186714177,-0.2200080186714177,-0.2200080186714177,0.8363749645388204,0.8363749645388204,0.8363749645388204,0.0,0.0,0.0,128.20267994422179
95,2021-05-20,127.62892053155673,123.16238297777467,133.46660370545146,127.62892053155673,127.62892053155673,-0.2002485886309464,-0.2002485886309464,-0.2002485886309464,0.5110442755974287,0.5110442755974287,0.5110442755974287,-0.2002485886309464,-0.2002485886309464,-0.2002485886309464,0.7112928642283751,0.7112928642283751,0.7112928642283751,0.0,0.0,0.0,128.13996480715417
96,2021-05-21,127.67152806475907,123.29790099770273,133.47545138572195,127.67152806475907,127.67152806475907,-0.20000656459107458,-0.20000656459107458,-0.20000656459107458,0.49992197221833695,0.49992197221833695,0.49992197221833695,-0.20000656459107458,-0.20000656459107458,-0.20000656459107458,0.6999285368094115,0.6999285368094115,0.6999285368094115,0.0,0.0,0.0,128.1714500369774
97,2021-05-24,127.99857111474752,122.86667964151239,133.50438136550036,127.99857111474752,127.99857111474752,-0.17364534815197155,-0.17364534815197155,-0.17364534815197155,0.3612273928161993,0.3612273928161993,0.3612273928161993,-0.17364534815197155,-0.17364534815197155,-0.17364534815197155,0.5348727409681708,0.5348727409681708,0.5348727409681708,0.0,0.0,0.0,128.3597985075637
98,2021-05-25,128.10758546474366,123.1538258178666,134.09387507862456,128.10758546474366,128.10758546474366,-0.21839159501563668,-0.21839159501563668,-0.21839159501563668,0.6103607293308801,0.6103607293308801,0.6103607293308801,-0.21839159501563668,-0.21839159501563668,-0.21839159501563668,0.8287523243465169,0.8287523243465169,0.8287523243465169,0.0,0.0,0.0,128.71794619407456
99,2021-05-26,128.21659981473982,123.38857541229335,134.0457261098681,128.21659981473982,128.21659981473982,-0.17880267492447932,-0.17880267492447932,-0.17880267492447932,0.6575722896146843,0.6575722896146843,0.6575722896146843,-0.17880267492447932,-0.17880267492447932,-0.17880267492447932,0.8363749645391636,0.8363749645391636,0.8363749645391636,0.0,0.0,0.0,128.8741721043545
100,2021-05-27,128.32561416473595,123.17545590079264,133.74404604764223,128.32561416473595,128.32561416473595,-0.2900284706031345,-0.2900284706031345,-0.2900284706031345,0.42126439362574924,0.42126439362574924,0.42126439362574924,-0.2900284706031345,-0.2900284706031345,-0.2900284706031345,0.7112928642288838,0.7112928642288838,0.7112928642288838,0.0,0.0,0.0,128.74687855836171
101,2021-05-28,128.43462851473208,123.51933089292105,134.55817186541213,128.43462851473208,128.43462851473208,-0.19051277955457657,-0.19051277955457657,-0.19051277955457657,0.5094157572546496,0.5094157572546496,0.5094157572546496,-0.19051277955457657,-0.19051277955457657,-0.19051277955457657,0.6999285368092262,0.6999285368092262,0.6999285368092262,0.0,0.0,0.0,128.94404427198674
102,2021-06-01,128.87068591471666,124.2248458579157,135.08444713303228,128.87068591471666,128.87068591471666,-0.1608597558525886,-0.1608597558525886,-0.1608597558525886,0.6678925684951197,0.6678925684951197,0.6678925684951197,-0.1608597558525886,-0.1608597558525886,-0.1608597558525886,0.8287523243477083,0.8287523243477083,0.8287523243477083,0.0,0.0,0.0,129.53857848321178
103,2021-06-02,128.97970026471282,124.02793446554465,134.84757715699203,128.97970026471282,128.97970026471282,-0.1357804116762021,-0.1357804116762021,-0.1357804116762021,0.7005945528629894,0.7005945528629894,0.7005945528629894,-0.1357804116762021,-0.1357804116762021,-0.1357804116762021,0.8363749645391916,0.8363749645391916,0.8363749645391916,0.0,0.0,0.0,129.6802948175758
104,2021-06-03,129.08871461470898,124.14788923902901,135.154771711531,129.08871461470898,129.08871461470898,-0.16070364904991966,-0.16070364904991966,-0.16070364904991966,0.5505892151788878,0.5505892151788878,0.5505892151788878,-0.16070364904991966,-0.16070364904991966,-0.16070364904991966,0.7112928642288074,0.7112928642288074,0.7112928642288074,0.0,0.0,0.0,129.63930382988787
105,2021-06-04,129.34785199237638,124.53664219100288,135.58901530316524,129.34785199237638,129.34785199237638,-0.175712803165399,-0.175712803165399,-0.175712803165399,0.5242157336407854,0.5242157336407854,0.5242157336407854,-0.175712803165399,-0.175712803165399,-0.175712803165399,0.6999285368061844,0.6999285368061844,0.6999285368061844,0.0,0.0,0.0,129.87206772601715
106,2021-06-07,130.12526412537864,125.4801276835345,136.18357245403672,130.12526412537864,130.12526412537864,-0.18117717140659997,-0.18117717140659997,-0.18117717140659997,0.35369556956335707,0.35369556956335707,0.35369556956335707,-0.18117717140659997,-0.18117717140659997,-0.18117717140659997,0.534872740969957,0.534872740969957,0.534872740969957,0.0,0.0,0.0,130.478959694942
107,2021-06-08,130.3844015030461,125.84385312369773,136.35680314238942,130.3844015030461,130.3844015030461,-0.22678846064243102,-0.22678846064243102,-0.22678846064243102,0.6019638637046627,0.6019638637046627,0.6019638637046627,-0.22678846064243102,-0.22678846064243102,-0.22678846064243102,0.8287523243470937,0.8287523243470937,0.8287523243470937,0.0,0.0,0.0,130.98636536675076
108,2021-06-09,130.6435388807135,126.05288376908611,136.27431248647622,130.6435388807135,130.6435388807135,-0.21024981080722446,-0.21024981080722446,-0.21024981080722446,0.6261251537316208,0.6261251537316208,0.6261251537316208,-0.21024981080722446,-0.21024981080722446,-0.21024981080722446,0.8363749645388453,0.8363749645388453,0.8363749645388453,0.0,0.0,0.0,131.2696640344451
109,2021-06-10,130.90267625838092,126.01734094194501,137.26256530108304,130.90267625838092,130.90267625838092,-0.2900952480806193,-0.2900952480806193,-0.2900952480806193,0.4211976161492814,0.4211976161492814,0.4211976161492814,-0.2900952480806193,-0.2900952480806193,-0.2900952480806193,0.7112928642299008,0.7112928642299008,0.7112928642299008,0.0,0.0,0.0,131.3238738745302
110,2021-06-11,131.16181363604832,126.20773300210669,137.05763833586033,131.16181363604832,131.16181363604832,-0.28434295182764924,-0.28434295182764924,-0.28434295182764924,0.4155855849783499,0.4155855849783499,0.4155855849783499,-0.28434295182764924,-0.28434295182764924,-0.28434295182764924,0.6999285368059991,0.6999285368059991,0.6999285368059991,0.0,0.0,0.0,131.57739922102667
111,2021-06-14,131.9392257690506,123.89525802835563,134.65061209672254,131.9392257690506,131.9392257690506,-2.8411498923247738,-2.8411498923247738,-2.8411498923247738,-2.3062771513529765,-2.3062771513529765,-2.3062771513529765,-2.8411498923247738,-2.8411498923247738,-2.8411498923247738,0.5348727409717975,0.5348727409717975,0.5348727409717975,0.0,0.0,0.0,129.63294861769762
112,2021-06-15,132.198363146718,128.78581399952756,139.3233277413201,132.198363146718,132.198363146718,1.1991454593199753,1.1991454593199753,1.1991454593199753,2.0278977836664542,2.0278977836664542,2.0278977836664542,1.1991454593199753,1.1991454593199753,1.1991454593199753,0.8287523243464792,0.8287523243464792,0.8287523243464792,0.0,0.0,0.0,134.22626093038446
113,2021-06-16,132.50562991649815,128.3880840124956,139.1503502997053,132.50562991649815,132.50562991649815,0.6850291503212231,0.6850291503212231,0.6850291503212231,1.5214041148597222,1.5214041148597222,1.5214041148597222,0.6850291503212231,0.6850291503212231,0.6850291503212231,0.836374964538499,0.836374964538499,0.836374964538499,0.0,0.0,0.0,134.02703403135789
114,2021-06-17,132.81289668627832,128.7935810409108,139.3759898785981,132.81289668627832,132.81289668627832,0.4012420699600189,0.4012420699600189,0.4012420699600189,1.1125349341877755,1.1125349341877755,1.1125349341877755,0.4012420699600189,0.4012420699600189,0.4012420699600189,0.7112928642277567,0.7112928642277567,0.7112928642277567,0.0,0.0,0.0,133.9254316204661
115,2021-06-18,133.12016345605846,128.81952281223468,139.79269322793925,133.12016345605846,133.12016345605846,0.37995315903011906,0.37995315903011906,0.37995315903011906,1.0798816958416002,1.0798816958416002,1.0798816958416002,0.37995315903011906,0.37995315903011906,0.37995315903011906,0.6999285368114813,0.6999285368114813,0.6999285368114813,0.0,0.0,0.0,134.20004515190007
116,2021-06-21,134.0419637653989,129.21447166748752,140.27507639367903,134.0419637653989,134.0419637653989,0.22346335438209936,0.22346335438209936,0.22346335438209936,0.7583360953557373,0.7583360953557373,0.7583360953557373,0.22346335438209936,0.22346335438209936,0.22346335438209936,0.534872740973638,0.534872740973638,0.534872740973638,0.0,0.0,0.0,134.80029986075462
117,2021-06-22,134.34923053517903,130.35131121639765,140.47732205945852,134.34923053517903,134.34923053517903,0.16785198406354337,0.16785198406354337,0.16785198406354337,0.996604308412473,0.996604308412473,0.996604308412473,0.16785198406354337,0.16785198406354337,0.16785198406354337,0.8287523243489296,0.8287523243489296,0.8287523243489296,0.0,0.0,0.0,135.34583484359152
118,2021-06-23,134.65649730495917,129.94187480554316,140.76958242970022,134.65649730495917,134.65649730495917,0.12293669306017381,0.12293669306017381,0.12293669306017381,0.9593116575990751,0.9593116575990751,0.9593116575990751,0.12293669306017381,0.12293669306017381,0.12293669306017381,0.8363749645389013,0.8363749645389013,0.8363749645389013,0.0,0.0,0.0,135.61580896255825
119,2021-06-24,134.96376407473932,130.41614292948546,141.01383511447276,134.96376407473932,134.96376407473932,0.12730387998299886,0.12730387998299886,0.12730387998299886,0.8385967442112642,0.8385967442112642,0.8385967442112642,0.12730387998299886,0.12730387998299886,0.12730387998299886,0.7112928642282653,0.7112928642282653,0.7112928642282653,0.0,0.0,0.0,135.80236081895058
120,2021-06-25,135.27103084451946,130.6419401144214,141.103521740839,135.27103084451946,135.27103084451946,0.12500723809226427,0.12500723809226427,0.12500723809226427,0.824935774902132,0.824935774902132,0.824935774902132,0.12500723809226427,0.12500723809226427,0.12500723809226427,0.6999285368098677,0.6999285368098677,0.6999285368098677,0.0,0.0,0.0,136.0959666194216
121,2021-06-28,136.1928312319368,131.23125631916318,141.9732777037754,136.1928312319368,136.1928312319368,0.10374521673254071,0.10374521673254071,0.10374521673254071,0.6386179576983635,0.6386179576983635,0.6386179576983635,0.10374521673254071,0.10374521673254071,0.10374521673254071,0.5348727409658227,0.5348727409658227,0.5348727409658227,0.0,0.0,0.0,136.83144918963515
122,2021-06-29,136.5000980277426,132.25017485968013,142.6847346399861,136.5000980277426,136.5000980277426,0.09729607328245964,0.09729607328245964,0.09729607328245964,0.9260483976295155,0.9260483976295155,0.9260483976295155,0.09729607328245964,0.09729607328245964,0.09729607328245964,0.8287523243470559,0.8287523243470559,0.8287523243470559,0.0,0.0,0.0,137.42614642537214
123,2021-06-30,136.80736482354837,132.0886710929682,143.04444068490722,136.80736482354837,136.80736482354837,0.08844149119108442,0.08844149119108442,0.08844149119108442,0.9248164557296394,0.9248164557296394,0.9248164557296394,0.08844149119108442,0.08844149119108442,0.08844149119108442,0.836374964538555,0.836374964538555,0.836374964538555,0.0,0.0,0.0,137.732181279278
124,2021-07-01,137.11463161935416,132.47424338393276,143.478826089044,137.11463161935416,137.11463161935416,0.07250872481695522,0.07250872481695522,0.07250872481695522,0.7838015890457292,0.7838015890457292,0.7838015890457292,0.07250872481695522,0.07250872481695522,0.07250872481695522,0.711292864228774,0.711292864228774,0.711292864228774,0.0,0.0,0.0,137.8984332083999
125,2021-07-02,137.42189841515992,133.08436197770632,143.64778638050055,137.42189841515992,137.42189841515992,0.08959318001335363,0.08959318001335363,0.08959318001335363,0.7895217168216079,0.7895217168216079,0.7895217168216079,0.08959318001335363,0.08959318001335363,0.08959318001335363,0.6999285368082543,0.6999285368082543,0.6999285368082543,0.0,0.0,0.0,138.21142013198153
126,2021-07-06,138.65096559838307,134.19920023820828,145.13846768180716,138.65096559838307,138.65096559838307,0.10441338297131265,0.10441338297131265,0.10441338297131265,0.9331657073190132,0.9331657073190132,0.9331657073190132,0.10441338297131265,0.10441338297131265,0.10441338297131265,0.8287523243477006,0.8287523243477006,0.8287523243477006,0.0,0.0,0.0,139.58413130570207
127,2021-07-07,138.95823239418883,134.0897346421259,144.96284429720876,138.95823239418883,138.95823239418883,0.09284438135861678,0.09284438135861678,0.09284438135861678,0.9292193458971996,0.9292193458971996,0.9292193458971996,0.09284438135861678,0.09284438135861678,0.09284438135861678,0.8363749645385828,0.8363749645385828,0.8363749645385828,0.0,0.0,0.0,139.88745174008602
128,2021-07-08,139.2654991899946,134.5837724769073,145.41008961971926,139.2654991899946,139.2654991899946,0.0901475609248456,0.0901475609248456,0.0901475609248456,0.8014404251541283,0.8014404251541283,0.8014404251541283,0.0901475609248456,0.0901475609248456,0.0901475609248456,0.7112928642292826,0.7112928642292826,0.7112928642292826,0.0,0.0,0.0,140.06693961514875
129,2021-07-09,139.5727659849786,135.3460990485912,145.39003564945736,139.5727659849786,139.5727659849786,0.08304775770412905,0.08304775770412905,0.08304775770412905,0.782976294512198,0.782976294512198,0.782976294512198,0.08304775770412905,0.08304775770412905,0.08304775770412905,0.699928536808069,0.699928536808069,0.699928536808069,0.0,0.0,0.0,140.35574227949078
130,2021-07-12,140.4945663699306,136.19758775246748,146.56066668205952,140.4945663699306,140.4945663699306,0.06739334512474712,0.06739334512474712,0.06739334512474712,0.602266086094251,0.602266086094251,0.602266086094251,0.06739334512474712,0.06739334512474712,0.06739334512474712,0.5348727409695039,0.5348727409695039,0.5348727409695039,0.0,0.0,0.0,141.09683245602486
131,2021-07-13,140.8018331649146,136.05343104170504,146.90504622499952,140.8018331649146,140.8018331649146,0.08047611786341988,0.08047611786341988,0.08047611786341988,0.909228442210506,0.909228442210506,0.909228442210506,0.08047611786341988,0.08047611786341988,0.08047611786341988,0.8287523243470862,0.8287523243470862,0.8287523243470862,0.0,0.0,0.0,141.71106160712512
132,2021-07-14,141.1090999598986,136.6819841594229,147.38974598255817,141.1090999598986,141.1090999598986,0.09204657312521057,0.09204657312521057,0.09204657312521057,0.9284215376641365,0.9284215376641365,0.9284215376641365,0.09204657312521057,0.09204657312521057,0.09204657312521057,0.836374964538926,0.836374964538926,0.836374964538926,0.0,0.0,0.0,142.03752149756275
133,2021-07-15,141.4163667548826,137.0709999823447,147.84513280246057,141.4163667548826,141.4163667548826,0.07947437035697544,0.07947437035697544,0.07947437035697544,0.7907672345841139,0.7907672345841139,0.7907672345841139,0.07947437035697544,0.07947437035697544,0.07947437035697544,0.7112928642271386,0.7112928642271386,0.7112928642271386,0.0,0.0,0.0,142.2071339894667
134,2021-07-16,141.7236335498666,136.76501993677383,147.99417349032726,141.7236335498666,141.7236335498666,0.07381892155120669,0.07381892155120669,0.07381892155120669,0.773747458356234,0.773747458356234,0.773747458356234,0.07381892155120669,0.07381892155120669,0.07381892155120669,0.6999285368050273,0.6999285368050273,0.6999285368050273,0.0,0.0,0.0,142.49738100822285
135,2021-07-19,142.6454339348186,137.6477649032224,148.51957690945545,142.6454339348186,142.6454339348186,0.09890092454832446,0.09890092454832446,0.09890092454832446,0.6337736655119078,0.6337736655119078,0.6337736655119078,0.09890092454832446,0.09890092454832446,0.09890092454832446,0.5348727409635834,0.5348727409635834,0.5348727409635834,0.0,0.0,0.0,143.27920760033052
136,2021-07-20,142.9527007298026,138.5472832271547,149.06100794072248,142.9527007298026,142.9527007298026,0.08703373655437618,0.08703373655437618,0.08703373655437618,0.9157860609021071,0.9157860609021071,0.9157860609021071,0.08703373655437618,0.08703373655437618,0.08703373655437618,0.8287523243477309,0.8287523243477309,0.8287523243477309,0.0,0.0,0.0,143.8684867907047
137,2021-07-21,143.20246813894568,138.85216759267686,149.53072458877764,143.20246813894568,143.20246813894568,0.07624242741382034,0.07624242741382034,0.07624242741382034,0.9126173919527744,0.9126173919527744,0.9126173919527744,0.07624242741382034,0.07624242741382034,0.07624242741382034,0.836374964538954,0.836374964538954,0.836374964538954,0.0,0.0,0.0,144.11508553089845
138,2021-07-22,143.45223554808874,139.00920278091033,149.78595082270695,143.45223554808874,143.45223554808874,0.08028173014223,0.08028173014223,0.08028173014223,0.7915745943692922,0.7915745943692922,0.7915745943692922,0.08028173014223,0.08028173014223,0.08028173014223,0.7112928642270622,0.7112928642270622,0.7112928642270622,0.0,0.0,0.0,144.24381014245802
139,2021-07-23,143.7020029572318,139.24976918550473,149.66504731493887,143.7020029572318,143.7020029572318,0.07633384305424044,0.07633384305424044,0.07633384305424044,0.7762623798590825,0.7762623798590825,0.7762623798590825,0.07633384305424044,0.07633384305424044,0.07633384305424044,0.6999285368048421,0.6999285368048421,0.6999285368048421,0.0,0.0,0.0,144.47826533709087
140,2021-07-26,144.451305184661,139.63421307402646,150.3358463318951,144.451305184661,144.451305184661,0.0772286204552247,0.0772286204552247,0.0772286204552247,0.6121013614187538,0.6121013614187538,0.6121013614187538,0.0772286204552247,0.0772286204552247,0.0772286204552247,0.5348727409635291,0.5348727409635291,0.5348727409635291,0.0,0.0,0.0,145.06340654607976
141,2021-07-27,144.70107259380407,140.42924101566996,150.9479330739709,144.70107259380407,144.70107259380407,0.10736695309216733,0.10736695309216733,0.10736695309216733,0.9361192774380243,0.9361192774380243,0.9361192774380243,0.10736695309216733,0.10736695309216733,0.10736695309216733,0.828752324345857,0.828752324345857,0.828752324345857,0.0,0.0,0.0,145.6371918712421
142,2021-07-28,144.95084000294716,140.55707967089862,150.79203113335524,144.95084000294716,144.95084000294716,0.12955291633491686,0.12955291633491686,0.12955291633491686,0.9659278808735245,0.9659278808735245,0.9659278808735245,0.12955291633491686,0.12955291633491686,0.12955291633491686,0.8363749645386077,0.8363749645386077,0.8363749645386077,0.0,0.0,0.0,145.91676788382068
143,2021-07-29,145.20060741209022,140.64000011029367,151.2731637870518,145.20060741209022,145.20060741209022,0.07710624838496627,0.07710624838496627,0.07710624838496627,0.788399112613122,0.788399112613122,0.788399112613122,0.07710624838496627,0.07710624838496627,0.07710624838496627,0.7112928642281559,0.7112928642281559,0.7112928642281559,0.0,0.0,0.0,145.98900652470334
144,2021-07-30,145.45037482123328,141.0163008880356,151.16980876748707,145.45037482123328,145.45037482123328,0.09511156579895508,0.09511156579895508,0.09511156579895508,0.7950401026092794,0.7950401026092794,0.7950401026092794,0.09511156579895508,0.09511156579895508,0.09511156579895508,0.6999285368103242,0.6999285368103242,0.6999285368103242,0.0,0.0,0.0,146.24541492384256
145,2021-08-02,145.91271457302406,141.10149810526616,151.98840877781473,145.91271457302406,145.91271457302406,0.09169348665687334,0.09169348665687334,0.09169348665687334,0.6265662276241378,0.6265662276241378,0.6265662276241378,0.09169348665687334,0.09169348665687334,0.09169348665687334,0.5348727409672646,0.5348727409672646,0.5348727409672646,0.0,0.0,0.0,146.53928080064819
146,2021-08-03,146.06682782362097,141.67740944674603,152.4077016142839,146.06682782362097,146.06682782362097,0.09501714604367795,0.09501714604367795,0.09501714604367795,0.9237694703901796,0.9237694703901796,0.9237694703901796,0.09501714604367795,0.09501714604367795,0.09501714604367795,0.8287523243465017,0.8287523243465017,0.8287523243465017,0.0,0.0,0.0,146.99059729401114
147,2021-08-04,146.2209410742179,141.86129089933337,152.69722991444343,146.2209410742179,146.2209410742179,0.08731919797966395,0.08731919797966395,0.08731919797966395,0.9236941625186738,0.9236941625186738,0.9236941625186738,0.08731919797966395,0.08731919797966395,0.08731919797966395,0.8363749645390098,0.8363749645390098,0.8363749645390098,0.0,0.0,0.0,147.14463523673658
148,2021-08-05,146.3750543248148,141.7511644604645,152.7710921831424,146.3750543248148,146.3750543248148,0.07684190894272434,0.07684190894272434,0.07684190894272434,0.7881347731708039,0.7881347731708039,0.7881347731708039,0.07684190894272434,0.07684190894272434,0.07684190894272434,0.7112928642280795,0.7112928642280795,0.7112928642280795,0.0,0.0,0.0,147.16318909798562
149,2021-08-06,146.52916757541175,141.90796357026193,152.6451293565854,146.52916757541175,146.52916757541175,0.08987306860411344,0.08987306860411344,0.08987306860411344,0.789801605412824,0.789801605412824,0.789801605412824,0.08987306860411344,0.08987306860411344,0.08987306860411344,0.6999285368087106,0.6999285368087106,0.6999285368087106,0.0,0.0,0.0,147.31896918082458
150,2021-08-09,146.9915073272025,142.35362057183588,152.80846545539472,146.9915073272025,146.9915073272025,0.08659037609880595,0.08659037609880595,0.08659037609880595,0.6214631170660161,0.6214631170660161,0.6214631170660161,0.08659037609880595,0.08659037609880595,0.08659037609880595,0.5348727409672102,0.5348727409672102,0.5348727409672102,0.0,0.0,0.0,147.6129704442685
151,2021-08-10,147.14562057779943,142.72551986935582,153.2175592900873,147.14562057779943,147.14562057779943,0.12015551760727412,0.12015551760727412,0.12015551760727412,0.948907841954967,0.948907841954967,0.948907841954967,0.12015551760727412,0.12015551760727412,0.12015551760727412,0.828752324347693,0.828752324347693,0.828752324347693,0.0,0.0,0.0,148.0945284197544
152,2021-08-11,147.29973382839634,143.20650649343702,153.64154223488737,147.29973382839634,147.29973382839634,0.09463299765450942,0.09463299765450942,0.09463299765450942,0.9310079621931732,0.9310079621931732,0.9310079621931732,0.09463299765450942,0.09463299765450942,0.09463299765450942,0.8363749645386637,0.8363749645386637,0.8363749645386637,0.0,0.0,0.0,148.23074179058952
153,2021-08-12,147.3436189573658,142.89078768714182,153.99795058560585,147.3436189573658,147.3436189573658,0.1237177201109978,0.1237177201109978,0.1237177201109978,0.835010584339586,0.835010584339586,0.835010584339586,0.1237177201109978,0.1237177201109978,0.1237177201109978,0.7112928642285882,0.7112928642285882,0.7112928642285882,0.0,0.0,0.0,148.1786295417054
154,2021-08-13,147.38750408633524,142.99351348535654,153.34767309326827,147.38750408633524,147.38750408633524,0.1007556336096066,0.1007556336096066,0.1007556336096066,0.8006841704167037,0.8006841704167037,0.8006841704167037,0.1007556336096066,0.1007556336096066,0.1007556336096066,0.6999285368070971,0.6999285368070971,0.6999285368070971,0.0,0.0,0.0,148.18818825675194
155,2021-08-16,147.51915947324363,143.03497445588178,153.51958206859237,147.51915947324363,147.51915947324363,0.1455538438813863,0.1455538438813863,0.1455538438813863,0.6804265848485421,0.6804265848485421,0.6804265848485421,0.1455538438813863,0.1455538438813863,0.1455538438813863,0.5348727409671558,0.5348727409671558,0.5348727409671558,0.0,0.0,0.0,148.19958605809217
156,2021-08-17,147.56304460221307,143.18399493502523,153.6258962036865,147.56304460221307,147.56304460221307,0.12819633518305182,0.12819633518305182,0.12819633518305182,0.9569486595301302,0.9569486595301302,0.9569486595301302,0.12819633518305182,0.12819633518305182,0.12819633518305182,0.8287523243470784,0.8287523243470784,0.8287523243470784,0.0,0.0,0.0,148.5199932617432
157,2021-08-18,147.60692973118253,143.12850883836722,154.2294990983235,147.60692973118253,147.60692973118253,0.13807356738742255,0.13807356738742255,0.13807356738742255,0.9744485319264293,0.9744485319264293,0.9744485319264293,0.13807356738742255,0.13807356738742255,0.13807356738742255,0.8363749645390068,0.8363749645390068,0.8363749645390068,0.0,0.0,0.0,148.58137826310897
158,2021-08-19,147.650814860152,143.03245854210985,153.87422591235602,147.650814860152,147.650814860152,0.15475410176879317,0.15475410176879317,0.15475410176879317,0.8660469659978896,0.8660469659978896,0.8660469659978896,0.15475410176879317,0.15475410176879317,0.15475410176879317,0.7112928642290965,0.7112928642290965,0.7112928642290965,0.0,0.0,0.0,148.5168618261499
159,2021-08-20,147.69469998912146,143.3444505798894,153.49868292672352,147.69469998912146,147.69469998912146,0.11888977147564213,0.11888977147564213,0.11888977147564213,0.818818308282554,0.818818308282554,0.818818308282554,0.11888977147564213,0.11888977147564213,0.11888977147564213,0.6999285368069119,0.6999285368069119,0.6999285368069119,0.0,0.0,0.0,148.513518297404
160,2021-08-23,147.82635537602982,143.25112057163648,153.7146277554919,147.82635537602982,147.82635537602982,0.11603196870853245,0.11603196870853245,0.11603196870853245,0.6509047096794236,0.6509047096794236,0.6509047096794236,0.11603196870853245,0.11603196870853245,0.11603196870853245,0.5348727409708912,0.5348727409708912,0.5348727409708912,0.0,0.0,0.0,148.47726008570925
161,2021-08-24,147.77287323884582,143.4774957032003,154.31653456075654,147.77287323884582,147.77287323884582,0.09692346538407415,0.09692346538407415,0.09692346538407415,0.925675789730538,0.925675789730538,0.925675789730538,0.09692346538407415,0.09692346538407415,0.09692346538407415,0.8287523243464638,0.8287523243464638,0.8287523243464638,0.0,0.0,0.0,148.69854902857637
162,2021-08-25,147.7193911016618,143.3384714186017,153.54111818945597,147.7193911016618,147.7193911016618,0.11913150310679323,0.11913150310679323,0.11913150310679323,0.9555064676454539,0.9555064676454539,0.9555064676454539,0.11913150310679323,0.11913150310679323,0.11913150310679323,0.8363749645386606,0.8363749645386606,0.8363749645386606,0.0,0.0,0.0,148.67489756930726
163,2021-08-26,147.66590896447784,143.27226195856804,153.45277263583233,147.66590896447784,147.66590896447784,0.11112085987245732,0.11112085987245732,0.11112085987245732,0.8224137240999947,0.8224137240999947,0.8224137240999947,0.11112085987245732,0.11112085987245732,0.11112085987245732,0.7112928642275373,0.7112928642275373,0.7112928642275373,0.0,0.0,0.0,148.48832268857782
164,2021-08-27,147.61242682729383,143.526398206409,153.90704300653337,147.61242682729383,147.61242682729383,0.12866634540566566,0.12866634540566566,0.12866634540566566,0.8285948822123922,0.8285948822123922,0.8285948822123922,0.12866634540566566,0.12866634540566566,0.12866634540566566,0.6999285368067265,0.6999285368067265,0.6999285368067265,0.0,0.0,0.0,148.44102170950623
165,2021-08-30,147.45198041574187,142.91357739546908,153.599124178676,147.45198041574187,147.45198041574187,0.16743337089952193,0.16743337089952193,0.16743337089952193,0.7023061118703587,0.7023061118703587,0.7023061118703587,0.16743337089952193,0.16743337089952193,0.16743337089952193,0.5348727409708368,0.5348727409708368,0.5348727409708368,0.0,0.0,0.0,148.15428652761224
166,2021-08-31,147.3984982785579,143.29384191136893,153.56780578069132,147.3984982785579,147.3984982785579,0.15339950759714416,0.15339950759714416,0.15339950759714416,0.9821518319442528,0.9821518319442528,0.9821518319442528,0.15339950759714416,0.15339950759714416,0.15339950759714416,0.8287523243471085,0.8287523243471085,0.8287523243471085,0.0,0.0,0.0,148.38065011050216
167,2021-09-01,147.3450161413739,142.69016638596386,153.65172056299397,147.3450161413739,147.3450161413739,0.13672082980128736,0.13672082980128736,0.13672082980128736,0.9730957943403503,0.9730957943403503,0.9730957943403503,0.13672082980128736,0.13672082980128736,0.13672082980128736,0.8363749645390628,0.8363749645390628,0.8363749645390628,0.0,0.0,0.0,148.31811193571423
168,2021-09-02,147.29153400418988,142.75811184165173,153.8862916163429,147.29153400418988,147.29153400418988,0.11542414107923359,0.11542414107923359,0.11542414107923359,0.8267170053066946,0.8267170053066946,0.8267170053066946,0.11542414107923359,0.11542414107923359,0.11542414107923359,0.7112928642274611,0.7112928642274611,0.7112928642274611,0.0,0.0,0.0,148.1182510094966
169,2021-09-03,147.19471489457212,142.6711797220037,153.18643315960247,147.19471489457212,147.19471489457212,0.09197960033548933,0.09197960033548933,0.09197960033548933,0.7919081371391743,0.7919081371391743,0.7919081371391743,0.09197960033548933,0.09197960033548933,0.09197960033548933,0.6999285368036849,0.6999285368036849,0.6999285368036849,0.0,0.0,0.0,147.9866230317113
170,2021-09-07,146.80743845610104,142.23907404858926,152.75663519668603,146.80743845610104,146.80743845610104,0.11055728249683623,0.11055728249683623,0.11055728249683623,0.939309606842071,0.939309606842071,0.939309606842071,0.11055728249683623,0.11055728249683623,0.11055728249683623,0.8287523243452348,0.8287523243452348,0.8287523243452348,0.0,0.0,0.0,147.7467480629431
171,2021-09-08,146.71061934648327,141.73130146007983,152.9561075697731,146.71061934648327,146.71061934648327,0.10013395140328513,0.10013395140328513,0.10013395140328513,0.9365089159420017,0.9365089159420017,0.9365089159420017,0.10013395140328513,0.10013395140328513,0.10013395140328513,0.8363749645387165,0.8363749645387165,0.8363749645387165,0.0,0.0,0.0,147.64712826242527
172,2021-09-09,146.6138002368655,141.75428735245032,152.79036506238373,146.6138002368655,146.6138002368655,0.08340579553353132,0.08340579553353132,0.08340579553353132,0.7946986597620861,0.7946986597620861,0.7946986597620861,0.08340579553353132,0.08340579553353132,0.08340579553353132,0.7112928642285546,0.7112928642285546,0.7112928642285546,0.0,0.0,0.0,147.40849889662758
173,2021-09-10,146.51698112724773,141.9976448969882,152.7205120446629,146.51698112724773,146.51698112724773,0.21569220816069096,0.21569220816069096,0.21569220816069096,0.9156207449641907,0.9156207449641907,0.9156207449641907,0.21569220816069096,0.21569220816069096,0.21569220816069096,0.6999285368034996,0.6999285368034996,0.6999285368034996,0.0,0.0,0.0,147.43260187221193
174,2021-09-13,146.22652379839442,141.5817906873649,152.0068190131192,146.22652379839442,146.22652379839442,0.1951869489646776,0.1951869489646776,0.1951869489646776,0.7300596899295396,0.7300596899295396,0.7300596899295396,0.1951869489646776,0.1951869489646776,0.1951869489646776,0.534872740964862,0.534872740964862,0.534872740964862,0.0,0.0,0.0,146.95658348832396
175,2021-09-14,146.12970468877666,141.61642769492073,152.2437691854197,146.12970468877666,146.12970468877666,0.26998325824728586,0.26998325824728586,0.26998325824728586,1.0987355825949712,1.0987355825949712,1.0987355825949712,0.26998325824728586,0.26998325824728586,0.26998325824728586,0.8287523243476853,0.8287523243476853,0.8287523243476853,0.0,0.0,0.0,147.22844027137162
176,2021-09-15,146.0328855791589,142.2988896364084,152.8425311007173,146.0328855791589,146.0328855791589,0.26221564835258787,0.26221564835258787,0.26221564835258787,1.0985906128913323,1.0985906128913323,1.0985906128913323,0.26221564835258787,0.26221564835258787,0.26221564835258787,0.8363749645387444,0.8363749645387444,0.8363749645387444,0.0,0.0,0.0,147.13147619205023
177,2021-09-16,145.93606646312372,141.78584775168375,152.2660363362348,145.93606646312372,145.93606646312372,0.2783482294977999,0.2783482294977999,0.2783482294977999,0.989641093726278,0.989641093726278,0.989641093726278,0.2783482294977999,0.2783482294977999,0.2783482294977999,0.711292864228478,0.711292864228478,0.711292864228478,0.0,0.0,0.0,146.92570755685
178,2021-09-17,145.83924734708862,142.37123550040386,153.12076414685365,145.83924734708862,145.83924734708862,1.0896463516876034,1.0896463516876034,1.0896463516876034,1.7895748884965852,1.7895748884965852,1.7895748884965852,1.0896463516876034,1.0896463516876034,1.0896463516876034,0.6999285368089817,0.6999285368089817,0.6999285368089817,0.0,0.0,0.0,147.6288222355852
179,2021-09-20,145.5487899989832,139.32255747331718,149.77681990429434,145.5487899989832,145.5487899989832,-1.6364349851314834,-1.6364349851314834,-1.6364349851314834,-1.101562244162886,-1.101562244162886,-1.101562244162886,-1.6364349851314834,-1.6364349851314834,-1.6364349851314834,0.5348727409685975,0.5348727409685975,0.5348727409685975,0.0,0.0,0.0,144.44722775482032
180,2021-09-21,145.45197088294807,140.32954463938606,151.01828514982773,145.45197088294807,145.45197088294807,-0.3355288300437381,-0.3355288300437381,-0.3355288300437381,0.49322349430459184,0.49322349430459184,0.49322349430459184,-0.3355288300437381,-0.3355288300437381,-0.3355288300437381,0.82875232434833,0.82875232434833,0.82875232434833,0.0,0.0,0.0,145.94519437725268
181,2021-09-22,145.35515176691294,140.59027793099767,151.57071508306814,145.35515176691294,145.35515176691294,-0.28089380013169174,-0.28089380013169174,-0.28089380013169174,0.5554811644073958,0.5554811644073958,0.5554811644073958,-0.28089380013169174,-0.28089380013169174,-0.28089380013169174,0.8363749645390876,0.8363749645390876,0.8363749645390876,0.0,0.0,0.0,145.91063293132032
182,2021-09-23,145.2583326508778,140.07953149789694,150.9554525946985,145.2583326508778,145.2583326508778,-0.23101621253673904,-0.23101621253673904,-0.23101621253673904,0.480276651692248,0.480276651692248,0.480276651692248,-0.23101621253673904,-0.23101621253673904,-0.23101621253673904,0.711292864228987,0.711292864228987,0.711292864228987,0.0,0.0,0.0,145.73860930257004
183,2021-09-24,145.16151353484267,139.7258498448907,150.86857034202183,145.16151353484267,145.16151353484267,-0.18619030122560595,-0.18619030122560595,-0.18619030122560595,0.5137382355817623,0.5137382355817623,0.5137382355817623,-0.18619030122560595,-0.18619030122560595,-0.18619030122560595,0.6999285368073683,0.6999285368073683,0.6999285368073683,0.0,0.0,0.0,145.67525177042444
184,2021-09-27,144.8710561867373,139.63317844650157,150.46535167765649,144.8710561867373,144.8710561867373,-0.22924004026058564,-0.22924004026058564,-0.22924004026058564,0.3056327007079574,0.3056327007079574,0.3056327007079574,-0.22924004026058564,-0.22924004026058564,-0.22924004026058564,0.534872740968543,0.534872740968543,0.534872740968543,0.0,0.0,0.0,145.17668888744524
185,2021-09-28,144.77423706172362,139.98977907862138,151.04151546753266,144.77423706172362,144.77423706172362,-0.2456999107093612,-0.2456999107093612,-0.2456999107093612,0.5830524136383541,0.5830524136383541,0.5830524136383541,-0.2456999107093612,-0.2456999107093612,-0.2456999107093612,0.8287523243477153,0.8287523243477153,0.8287523243477153,0.0,0.0,0.0,145.35728947536197
186,2021-09-29,144.67741793671001,139.83092841025072,150.56873359927252,144.67741793671001,144.67741793671001,-0.13770526133498268,-0.13770526133498268,-0.13770526133498268,0.6986697032041329,0.6986697032041329,0.6986697032041329,-0.13770526133498268,-0.13770526133498268,-0.13770526133498268,0.8363749645391155,0.8363749645391155,0.8363749645391155,0.0,0.0,0.0,145.37608763991415
187,2021-09-30,144.58059881169638,139.9203289003191,150.54593847616462,144.58059881169638,144.58059881169638,-0.14154878928954356,-0.14154878928954356,-0.14154878928954356,0.5697440749393667,0.5697440749393667,0.5697440749393667,-0.14154878928954356,-0.14154878928954356,-0.14154878928954356,0.7112928642289104,0.7112928642289104,0.7112928642289104,0.0,0.0,0.0,145.15034288663574
188,2021-10-01,144.48377968668274,140.04256822151163,150.4154737695168,144.48377968668274,144.48377968668274,-0.14353617859798587,-0.14353617859798587,-0.14353617859798587,0.5563923582077689,0.5563923582077689,0.5563923582077689,-0.14353617859798587,-0.14353617859798587,-0.14353617859798587,0.6999285368057546,0.6999285368057546,0.6999285368057546,0.0,0.0,0.0,145.0401720448905
189,2021-10-04,144.19332231164185,139.17194226549287,149.84244267335478,144.19332231164185,144.19332231164185,-0.12537304078227965,-0.12537304078227965,-0.12537304078227965,0.4094997001881039,0.4094997001881039,0.4094997001881039,-0.12537304078227965,-0.12537304078227965,-0.12537304078227965,0.5348727409703835,0.5348727409703835,0.5348727409703835,0.0,0.0,0.0,144.60282201182994
190,2021-10-05,144.0965031866282,139.31278566553675,150.1783823245307,144.0965031866282,144.0965031866282,-0.0966022013190983,-0.0966022013190983,-0.0966022013190983,0.7321501230280026,0.7321501230280026,0.7321501230280026,-0.0966022013190983,-0.0966022013190983,-0.0966022013190983,0.8287523243471009,0.8287523243471009,0.8287523243471009,0.0,0.0,0.0,144.8286533096562
191,2021-10-06,143.99968406161454,139.52605632284443,150.03171142102397,143.99968406161454,143.99968406161454,-0.10265777158524428,-0.10265777158524428,-0.10265777158524428,0.733717192953525,0.733717192953525,0.733717192953525,-0.10265777158524428,-0.10265777158524428,-0.10265777158524428,0.8363749645387692,0.8363749645387692,0.8363749645387692,0.0,0.0,0.0,144.73340125456807
192,2021-10-07,143.90286493660093,139.11660851778953,149.94670217836273,143.90286493660093,143.90286493660093,-0.07795520206155916,-0.07795520206155916,-0.07795520206155916,0.6333376621684448,0.6333376621684448,0.6333376621684448,-0.07795520206155916,-0.07795520206155916,-0.07795520206155916,0.711292864230004,0.711292864230004,0.711292864230004,0.0,0.0,0.0,144.5362025987694
193,2021-10-08,144.010365673117,139.45229624013746,150.36074581784578,144.010365673117,144.010365673117,-0.07818959129574236,-0.07818959129574236,-0.07818959129574236,0.6217389455169228,0.6217389455169228,0.6217389455169228,-0.07818959129574236,-0.07818959129574236,-0.07818959129574236,0.6999285368126652,0.6999285368126652,0.6999285368126652,0.0,0.0,0.0,144.63210461863392
194,2021-10-11,144.33286788266523,139.7548900463483,149.97529438387963,144.33286788266523,144.33286788266523,-0.0922931947775522,-0.0922931947775522,-0.0922931947775522,0.44257954618691103,0.44257954618691103,0.44257954618691103,-0.0922931947775522,-0.0922931947775522,-0.0922931947775522,0.5348727409644632,0.5348727409644632,0.5348727409644632,0.0,0.0,0.0,144.77544742885215
195,2021-10-12,144.4403686191813,139.54713426593017,150.70602872219314,144.4403686191813,144.4403686191813,-0.10537554387335112,-0.10537554387335112,-0.10537554387335112,0.7233767804731351,0.7233767804731351,0.7233767804731351,-0.10537554387335112,-0.10537554387335112,-0.10537554387335112,0.8287523243464864,0.8287523243464864,0.8287523243464864,0.0,0.0,0.0,145.16374539965443
196,2021-10-13,144.54786935569737,140.22537557643585,151.08053210072293,144.54786935569737,144.54786935569737,-0.11057230972676738,-0.11057230972676738,-0.11057230972676738,0.7258026548124039,0.7258026548124039,0.7258026548124039,-0.11057230972676738,-0.11057230972676738,-0.11057230972676738,0.8363749645391714,0.8363749645391714,0.8363749645391714,0.0,0.0,0.0,145.27367201050978
197,2021-10-14,144.65537009221345,139.8922605088558,150.21622162958954,144.65537009221345,144.65537009221345,-0.11152300127149081,-0.11152300127149081,-0.11152300127149081,0.5997698629563695,0.5997698629563695,0.5997698629563695,-0.11152300127149081,-0.11152300127149081,-0.11152300127149081,0.7112928642278602,0.7112928642278602,0.7112928642278602,0.0,0.0,0.0,145.25513995516982
198,2021-10-15,144.76287082872955,139.8754668630014,150.58763778341068,144.76287082872955,144.76287082872955,-0.13429559097229435,-0.13429559097229435,-0.13429559097229435,0.565632945837329,0.565632945837329,0.565632945837329,-0.13429559097229435,-0.13429559097229435,-0.13429559097229435,0.6999285368096234,0.6999285368096234,0.6999285368096234,0.0,0.0,0.0,145.32850377456688
199,2021-10-18,145.08537303827777,140.0307836923568,150.62943422348405,145.08537303827777,145.08537303827777,-0.2514180519448505,-0.2514180519448505,-0.2514180519448505,0.2834546890214533,0.2834546890214533,0.2834546890214533,-0.2514180519448505,-0.2514180519448505,-0.2514180519448505,0.5348727409663039,0.5348727409663039,0.5348727409663039,0.0,0.0,0.0,145.36882772729922
200,2021-10-19,145.19287377479384,140.51873427820829,151.13985591202552,145.19287377479384,145.19287377479384,-0.47877249949670503,-0.47877249949670503,-0.47877249949670503,0.34997982485223195,0.34997982485223195,0.34997982485223195,-0.47877249949670503,-0.47877249949670503,-0.47877249949670503,0.828752324348937,0.828752324348937,0.828752324348937,0.0,0.0,0.0,145.54285359964607
201,2021-10-20,145.6319928356749,135.27439497173228,146.19041073714484,145.6319928356749,145.6319928356749,-5.272484053773448,-5.272484053773448,-5.272484053773448,-4.436109089234623,-4.436109089234623,-4.436109089234623,-5.272484053773448,-5.272484053773448,-5.272484053773448,0.8363749645388251,0.8363749645388251,0.8363749645388251,0.0,0.0,0.0,141.19588374644027
202,2021-10-21,146.07111189655598,141.92984605872184,152.80208760442852,146.07111189655598,146.07111189655598,0.5839680612754196,0.5839680612754196,0.5839680612754196,1.2952609255037881,1.2952609255037881,1.2952609255037881,0.5839680612754196,0.5839680612754196,0.5839680612754196,0.7112928642283686,0.7112928642283686,0.7112928642283686,0.0,0.0,0.0,147.36637282205976
203,2021-10-22,146.51023095743702,142.4883213390212,153.13608355254388,146.51023095743702,146.51023095743702,0.3400888405709207,0.3400888405709207,0.3400888405709207,1.0400173773803587,1.0400173773803587,1.0400173773803587,0.3400888405709207,0.3400888405709207,0.3400888405709207,0.6999285368094381,0.6999285368094381,0.6999285368094381,0.0,0.0,0.0,147.55024833481738
204,2021-10-25,147.8275881400802,143.3546117638144,153.88929192881548,147.8275881400802,147.8275881400802,0.22798169618689434,0.22798169618689434,0.22798169618689434,0.7628544371531438,0.7628544371531438,0.7628544371531438,0.22798169618689434,0.22798169618689434,0.22798169618689434,0.5348727409662495,0.5348727409662495,0.5348727409662495,0.0,0.0,0.0,148.59044257723335
205,2021-10-26,148.26670720096126,144.35009801168977,154.6401215061949,148.26670720096126,148.26670720096126,0.21517167698637912,0.21517167698637912,0.21517167698637912,1.0439240013334423,1.0439240013334423,1.0439240013334423,0.21517167698637912,0.21517167698637912,0.21517167698637912,0.8287523243470633,0.8287523243470633,0.8287523243470633,0.0,0.0,0.0,149.3106312022947
206,2021-10-27,148.70582626184233,144.56551314878897,154.867257444718,148.70582626184233,148.70582626184233,0.17879296841399725,0.17879296841399725,0.17879296841399725,1.0151679329524763,1.0151679329524763,1.0151679329524763,0.17879296841399725,0.17879296841399725,0.17879296841399725,0.8363749645384791,0.8363749645384791,0.8363749645384791,0.0,0.0,0.0,149.7209941947948
207,2021-10-28,149.14494532272337,144.88763571119273,155.6119959579237,149.14494532272337,149.14494532272337,0.22551600959682136,0.22551600959682136,0.22551600959682136,0.9368088738256987,0.9368088738256987,0.9368088738256987,0.22551600959682136,0.22551600959682136,0.22551600959682136,0.7112928642288772,0.7112928642288772,0.7112928642288772,0.0,0.0,0.0,150.08175419654907
208,2021-10-29,149.58406438360444,145.31492410830475,155.5049531909477,149.58406438360444,149.58406438360444,0.2699869439962516,0.2699869439962516,0.2699869439962516,0.9699154808040761,0.9699154808040761,0.9699154808040761,0.2699869439962516,0.2699869439962516,0.2699869439962516,0.6999285368078245,0.6999285368078245,0.6999285368078245,0.0,0.0,0.0,150.55397986440852
209,2021-11-01,150.90142156624762,145.87583325486148,156.96034532270303,150.90142156624762,150.90142156624762,0.1754112151093536,0.1754112151093536,0.1754112151093536,0.7102839560793385,0.7102839560793385,0.7102839560793385,0.1754112151093536,0.1754112151093536,0.1754112151093536,0.5348727409699849,0.5348727409699849,0.5348727409699849,0.0,0.0,0.0,151.61170552232696
210,2021-11-02,151.3405406271287,147.34758831512545,157.6079280825921,151.3405406271287,151.3405406271287,0.16057343880700525,0.16057343880700525,0.16057343880700525,0.9893257631547129,0.9893257631547129,0.9893257631547129,0.16057343880700525,0.16057343880700525,0.16057343880700525,0.8287523243477076,0.8287523243477076,0.8287523243477076,0.0,0.0,0.0,152.3298663902834
211,2021-11-03,151.77965968800976,147.36824620963003,157.9561921282965,151.77965968800976,151.77965968800976,0.12169484301690553,0.12169484301690553,0.12169484301690553,0.9580698075554124,0.9580698075554124,0.9580698075554124,0.12169484301690553,0.12169484301690553,0.12169484301690553,0.8363749645385068,0.8363749645385068,0.8363749645385068,0.0,0.0,0.0,152.73772949556516
212,2021-11-04,152.2187787488908,147.97266885030714,158.69391522303934,152.2187787488908,152.2187787488908,0.12873731677971129,0.12873731677971129,0.12873731677971129,0.8400301810070296,0.8400301810070296,0.8400301810070296,0.12873731677971129,0.12873731677971129,0.12873731677971129,0.7112928642273184,0.7112928642273184,0.7112928642273184,0.0,0.0,0.0,153.05880892989782
213,2021-11-05,152.65789780977187,147.97306740889718,158.87292260951358,152.65789780977187,152.65789780977187,0.13309019470277456,0.13309019470277456,0.13309019470277456,0.833018731510414,0.833018731510414,0.833018731510414,0.13309019470277456,0.13309019470277456,0.13309019470277456,0.6999285368076393,0.6999285368076393,0.6999285368076393,0.0,0.0,0.0,153.49091654128227
214,2021-11-08,153.97525499241505,149.5015544742145,159.723523321588,153.97525499241505,153.97525499241505,0.11696756216967362,0.11696756216967362,0.11696756216967362,0.6518403031396041,0.6518403031396041,0.6518403031396041,0.11696756216967362,0.11696756216967362,0.11696756216967362,0.5348727409699304,0.5348727409699304,0.5348727409699304,0.0,0.0,0.0,154.62709529555465
215,2021-11-09,154.41437405329611,150.5623558239446,161.01411005936106,154.41437405329611,154.41437405329611,0.11986635336418618,0.11986635336418618,0.11986635336418618,0.9486186777112793,0.9486186777112793,0.9486186777112793,0.11986635336418618,0.11986635336418618,0.11986635336418618,0.8287523243470931,0.8287523243470931,0.8287523243470931,0.0,0.0,0.0,155.36299273100738
216,2021-11-10,154.85349311417718,150.3101498218027,160.83597020012874,154.85349311417718,154.85349311417718,0.1589404720928728,0.1589404720928728,0.1589404720928728,0.9953154366317226,0.9953154366317226,0.9953154366317226,0.1589404720928728,0.1589404720928728,0.1589404720928728,0.8363749645388499,0.8363749645388499,0.8363749645388499,0.0,0.0,0.0,155.8488085508089
217,2021-11-11,155.29261217505822,150.48453473991154,161.50020305338347,155.29261217505822,155.29261217505822,0.12655088219681956,0.12655088219681956,0.12655088219681956,0.8378437464240613,0.8378437464240613,0.8378437464240613,0.12655088219681956,0.12655088219681956,0.12655088219681956,0.7112928642272418,0.7112928642272418,0.7112928642272418,0.0,0.0,0.0,156.13045592148228
218,2021-11-12,155.7317312359393,151.13631625276443,161.510368234426,155.7317312359393,155.7317312359393,0.18868200889397949,0.18868200889397949,0.18868200889397949,0.8886105456985772,0.8886105456985772,0.8886105456985772,0.18868200889397949,0.18868200889397949,0.18868200889397949,0.6999285368045977,0.6999285368045977,0.6999285368045977,0.0,0.0,0.0,156.62034178163788
219,2021-11-15,157.04908841858247,152.417976729749,163.65668876642025,157.04908841858247,157.04908841858247,0.17934516479450113,0.17934516479450113,0.17934516479450113,0.7142179057585111,0.7142179057585111,0.7142179057585111,0.17934516479450113,0.17934516479450113,0.17934516479450113,0.53487274096401,0.53487274096401,0.53487274096401,0.0,0.0,0.0,157.763306324341
220,2021-11-16,157.48820747946354,153.0992743741665,163.57878145357972,157.48820747946354,157.48820747946354,0.17013419747267533,0.17013419747267533,0.17013419747267533,0.998886521819154,0.998886521819154,0.998886521819154,0.17013419747267533,0.17013419747267533,0.17013419747267533,0.8287523243464787,0.8287523243464787,0.8287523243464787,0.0,0.0,0.0,158.48709400128268
221,2021-11-17,157.9273265403446,153.15837454448686,164.66784049265826,157.9273265403446,157.9273265403446,0.20342779313297507,0.20342779313297507,0.20342779313297507,1.0398027576718534,1.0398027576718534,1.0398027576718534,0.20342779313297507,0.20342779313297507,0.20342779313297507,0.8363749645388782,0.8363749645388782,0.8363749645388782,0.0,0.0,0.0,158.96712929801646
222,2021-11-18,158.36644560122568,154.45840525489788,164.62546504998758,158.36644560122568,158.36644560122568,0.22588153336929087,0.22588153336929087,0.22588153336929087,0.9371743975976262,0.9371743975976262,0.9371743975976262,0.22588153336929087,0.22588153336929087,0.22588153336929087,0.7112928642283354,0.7112928642283354,0.7112928642283354,0.0,0.0,0.0,159.3036199988233
223,2021-11-19,158.80556466210672,154.47580105931323,165.0903260911956,158.80556466210672,158.80556466210672,0.1550484051301247,0.1550484051301247,0.1550484051301247,0.854976941934537,0.854976941934537,0.854976941934537,0.1550484051301247,0.1550484051301247,0.1550484051301247,0.6999285368044122,0.6999285368044122,0.6999285368044122,0.0,0.0,0.0,159.66054160404124
224,2021-11-22,160.12292184474992,155.47741247269153,165.9013793726585,160.12292184474992,160.12292184474992,0.1342553435601561,0.1342553435601561,0.1342553435601561,0.6691280845241118,0.6691280845241118,0.6691280845241118,0.1342553435601561,0.1342553435601561,0.1342553435601561,0.5348727409639558,0.5348727409639558,0.5348727409639558,0.0,0.0,0.0,160.79204992927404
225,2021-11-23,160.56204090563097,156.415778495368,166.9374064917031,160.56204090563097,160.56204090563097,0.10315119695083247,0.10315119695083247,0.10315119695083247,0.9319035212966966,0.9319035212966966,0.9319035212966966,0.10315119695083247,0.10315119695083247,0.10315119695083247,0.8287523243458642,0.8287523243458642,0.8287523243458642,0.0,0.0,0.0,161.49394442692767
226,2021-11-24,161.00115996651203,156.2787806576128,167.55848573122572,161.00115996651203,161.00115996651203,0.07521248023420406,0.07521248023420406,0.07521248023420406,0.9115874447727358,0.9115874447727358,0.9115874447727358,0.07521248023420406,0.07521248023420406,0.07521248023420406,0.8363749645385319,0.8363749645385319,0.8363749645385319,0.0,0.0,0.0,161.91274741128478
227,2021-11-26,161.87939808827414,157.3917398267856,167.81058706422337,161.87939808827414,161.87939808827414,0.08655991186699609,0.08655991186699609,0.08655991186699609,0.7864884486768906,0.7864884486768906,0.7864884486768906,0.08655991186699609,0.08655991186699609,0.08655991186699609,0.6999285368098945,0.6999285368098945,0.6999285368098945,0.0,0.0,0.0,162.66588653695104
228,2021-11-29,163.19675527091732,158.39751770826598,169.4757250118578,163.19675527091732,163.19675527091732,0.09772167599426547,0.09772167599426547,0.09772167599426547,0.6325944169619566,0.6325944169619566,0.6325944169619566,0.09772167599426547,0.09772167599426547,0.09772167599426547,0.5348727409676911,0.5348727409676911,0.5348727409676911,0.0,0.0,0.0,163.82934968787927
229,2021-11-30,163.6358743317984,159.31491557746432,170.01432054532734,163.6358743317984,163.6358743317984,0.16204625032672593,0.16204625032672593,0.16204625032672593,0.9907985746732348,0.9907985746732348,0.9907985746732348,0.16204625032672593,0.16204625032672593,0.16204625032672593,0.8287523243465089,0.8287523243465089,0.8287523243465089,0.0,0.0,0.0,164.6266729064716
230,2021-12-01,164.07499339267946,159.86996283128653,170.07052696507208,164.07499339267946,164.07499339267946,0.14074410237582893,0.14074410237582893,0.14074410237582893,0.977119066915078,0.977119066915078,0.977119066915078,0.14074410237582893,0.14074410237582893,0.14074410237582893,0.836374964539249,0.836374964539249,0.836374964539249,0.0,0.0,0.0,165.05211245959453
231,2021-12-02,164.5141124535605,160.45965496051454,170.85655097581483,164.5141124535605,164.5141124535605,0.12923762558249605,0.12923762558249605,0.12923762558249605,0.8405304898106788,0.8405304898106788,0.8405304898106788,0.12923762558249605,0.12923762558249605,0.12923762558249605,0.7112928642281827,0.7112928642281827,0.7112928642281827,0.0,0.0,0.0,165.35464294337118
232,2021-12-03,164.95323151444157,160.3492649233377,171.17535060621935,164.95323151444157,164.95323151444157,0.11963961712379387,0.11963961712379387,0.11963961712379387,0.8195681539320749,0.8195681539320749,0.8195681539320749,0.11963961712379387,0.11963961712379387,0.11963961712379387,0.6999285368082812,0.6999285368082812,0.6999285368082812,0.0,0.0,0.0,165.77279966837364
233,2021-12-06,166.27058869708475,161.50047408609947,172.3389648526887,166.27058869708475,166.27058869708475,0.11062514762283535,0.11062514762283535,0.11062514762283535,0.6454978885904722,0.6454978885904722,0.6454978885904722,0.11062514762283535,0.11062514762283535,0.11062514762283535,0.5348727409676368,0.5348727409676368,0.5348727409676368,0.0,0.0,0.0,166.91608658567523
234,2021-12-07,166.70970775796582,162.50665186216008,172.6056877111236,166.70970775796582,166.70970775796582,0.11450584870058192,0.11450584870058192,0.11450584870058192,0.9432581730470231,0.9432581730470231,0.9432581730470231,0.11450584870058192,0.11450584870058192,0.11450584870058192,0.8287523243464412,0.8287523243464412,0.8287523243464412,0.0,0.0,0.0,167.65296593101283
235,2021-12-08,167.14882681884689,162.9040265074579,173.35415344215215,167.14882681884689,167.14882681884689,0.10441216240974352,0.10441216240974352,0.10441216240974352,0.9407871269486464,0.9407871269486464,0.9407871269486464,0.10441216240974352,0.10441216240974352,0.10441216240974352,0.8363749645389028,0.8363749645389028,0.8363749645389028,0.0,0.0,0.0,168.08961394579552
236,2021-12-09,167.58794587972793,162.94323791705543,173.39998474785108,167.58794587972793,167.58794587972793,0.09501181916825578,0.09501181916825578,0.09501181916825578,0.8063046833969469,0.8063046833969469,0.8063046833969469,0.09501181916825578,0.09501181916825578,0.09501181916825578,0.7112928642286911,0.7112928642286911,0.7112928642286911,0.0,0.0,0.0,168.39425056312487
237,2021-12-10,168.027064940609,163.37315084137737,173.99878366938364,168.027064940609,168.027064940609,0.09406960076082603,0.09406960076082603,0.09406960076082603,0.7939981375674936,0.7939981375674936,0.7939981375674936,0.09406960076082603,0.09406960076082603,0.09406960076082603,0.6999285368066674,0.6999285368066674,0.6999285368066674,0.0,0.0,0.0,168.82106307817648
238,2021-12-13,169.34442212325217,164.4618512457251,175.38109219432408,169.34442212325217,169.34442212325217,0.11928707909669355,0.11928707909669355,0.11928707909669355,0.654159820064276,0.654159820064276,0.654159820064276,0.11928707909669355,0.11928707909669355,0.11928707909669355,0.5348727409675824,0.5348727409675824,0.5348727409675824,0.0,0.0,0.0,169.99858194331645
239,2021-12-14,169.78354118413324,165.26072151177283,176.45024235722855,169.78354118413324,169.78354118413324,0.1136052519463301,0.1136052519463301,0.1136052519463301,0.942357576293416,0.942357576293416,0.942357576293416,0.1136052519463301,0.1136052519463301,0.1136052519463301,0.8287523243470859,0.8287523243470859,0.8287523243470859,0.0,0.0,0.0,170.72589876042665
240,2021-12-15,170.2226602450143,166.1556164656567,176.77050217127132,170.2226602450143,170.2226602450143,0.10747038127457802,0.10747038127457802,0.10747038127457802,0.9438453458135088,0.9438453458135088,0.9438453458135088,0.10747038127457802,0.10747038127457802,0.10747038127457802,0.8363749645389307,0.8363749645389307,0.8363749645389307,0.0,0.0,0.0,171.16650559082782
241,2021-12-16,170.66177930589535,166.8985844966437,176.83386563293797,170.66177930589535,170.66177930589535,0.1318061479824804,0.1318061479824804,0.1318061479824804,0.8430990122116802,0.8430990122116802,0.8430990122116802,0.1318061479824804,0.1318061479824804,0.1318061479824804,0.7112928642291997,0.7112928642291997,0.7112928642291997,0.0,0.0,0.0,171.50487831810702
242,2021-12-17,171.10089836677642,166.66116313532706,177.26489362741066,171.10089836677642,171.10089836677642,0.18205612074152036,0.18205612074152036,0.18205612074152036,0.8819846575480024,0.8819846575480024,0.8819846575480024,0.18205612074152036,0.18205612074152036,0.18205612074152036,0.699928536806482,0.699928536806482,0.699928536806482,0.0,0.0,0.0,171.98288302432442
243,2021-12-20,172.4182555494196,167.62226560704306,178.114889212662,172.4182555494196,172.4182555494196,0.1210306188394325,0.1210306188394325,0.1210306188394325,0.6559033598107503,0.6559033598107503,0.6559033598107503,0.1210306188394325,0.1210306188394325,0.1210306188394325,0.5348727409713178,0.5348727409713178,0.5348727409713178,0.0,0.0,0.0,173.07415890923033
244,2021-12-21,172.85737461030067,168.80923792429783,179.14366335704437,172.85737461030067,172.85737461030067,0.11168694832545605,0.11168694832545605,0.11168694832545605,0.9404392726719271,0.9404392726719271,0.9404392726719271,0.11168694832545605,0.11168694832545605,0.11168694832545605,0.8287523243464711,0.8287523243464711,0.8287523243464711,0.0,0.0,0.0,173.7978138829726
245,2021-12-22,173.29649367118174,168.8649748185227,179.77870855794725,173.29649367118174,173.29649367118174,0.11477783805862816,0.11477783805862816,0.11477783805862816,0.951152802597587,0.951152802597587,0.951152802597587,0.11477783805862816,0.11477783805862816,0.11477783805862816,0.8363749645389589,0.8363749645389589,0.8363749645389589,0.0,0.0,0.0,174.24764647377933
246,2021-12-23,173.73561273206278,169.51676499075617,180.10862784120155,173.73561273206278,173.73561273206278,0.09143236203165749,0.09143236203165749,0.09143236203165749,0.8027252262592984,0.8027252262592984,0.8027252262592984,0.09143236203165749,0.09143236203165749,0.09143236203165749,0.7112928642276409,0.7112928642276409,0.7112928642276409,0.0,0.0,0.0,174.53833795832207
247,2021-12-27,175.49208897558702,171.01020168720737,181.76833004549283,175.49208897558702,175.49208897558702,0.09538062183583461,0.09538062183583461,0.09538062183583461,0.6302533628070979,0.6302533628070979,0.6302533628070979,0.09538062183583461,0.09538062183583461,0.09538062183583461,0.5348727409712634,0.5348727409712634,0.5348727409712634,0.0,0.0,0.0,176.12234233839413
248,2021-12-28,175.9312080364681,171.50865555051817,182.1513515966552,175.9312080364681,175.9312080364681,0.09892265373416832,0.09892265373416832,0.09892265373416832,0.9276749780830901,0.9276749780830901,0.9276749780830901,0.09892265373416832,0.09892265373416832,0.09892265373416832,0.8287523243489217,0.8287523243489217,0.8287523243489217,0.0,0.0,0.0,176.8588830145512
249,2021-12-29,176.37032709734916,171.5549306739977,182.1491661064247,176.37032709734916,176.37032709734916,0.08200597258830374,0.08200597258830374,0.08200597258830374,0.9183809371272905,0.9183809371272905,0.9183809371272905,0.08200597258830374,0.08200597258830374,0.08200597258830374,0.8363749645389866,0.8363749645389866,0.8363749645389866,0.0,0.0,0.0,177.28870803447646
250,2021-12-30,176.80944615823023,172.22888657996677,182.79271753267915,176.80944615823023,176.80944615823023,0.08051580150434937,0.08051580150434937,0.08051580150434937,0.7918086657319137,0.7918086657319137,0.7918086657319137,0.08051580150434937,0.08051580150434937,0.08051580150434937,0.7112928642275643,0.7112928642275643,0.7112928642275643,0.0,0.0,0.0,177.60125482396214
251,2021-12-31,177.24856521911127,172.75026669605748,183.34397037560427,177.24856521911127,177.24856521911127,0.08652735908141455,0.08652735908141455,0.08652735908141455,0.7864558958846697,0.7864558958846697,0.7864558958846697,0.08652735908141455,0.08652735908141455,0.08652735908141455,0.6999285368032552,0.6999285368032552,0.6999285368032552,0.0,0.0,0.0,178.03502111499594
252,2022-01-03,178.56592240175445,174.0284093720438,184.84332580003053,178.56592240175445,178.5671226534722,0.08652735908141455,0.08652735908141455,0.08652735908141455,0.6214001000467577,0.6214001000467577,0.6214001000467577,0.08652735908141455,0.08652735908141455,0.08652735908141455,0.5348727409653432,0.5348727409653432,0.5348727409653432,0.0,0.0,0.0,179.18732250180122
253,2022-01-04,179.0050414626355,174.82147189876596,185.40241746944793,179.00344801920502,179.0322879837681,0.08652735908141455,0.08652735908141455,0.08652735908141455,0.9152796834284623,0.9152796834284623,0.9152796834284623,0.08652735908141455,0.08652735908141455,0.08652735908141455,0.8287523243470477,0.8287523243470477,0.8287523243470477,0.0,0.0,0.0,179.92032114606394
254,2022-01-05,179.4441605235166,175.1804766558976,185.8164630907526,179.4227454617318,179.49729018969583,0.08652735908141455,0.08652735908141455,0.08652735908141455,0.9229023236200551,0.9229023236200551,0.9229023236200551,0.08652735908141455,0.08652735908141455,0.08652735908141455,0.8363749645386406,0.8363749645386406,0.8363749645386406,0.0,0.0,0.0,180.36706284713665
255,2022-01-06,179.88327958439766,175.2810898572155,185.81509077776627,179.83333261635343,179.97485802007924,0.08652735908141455,0.08652735908141455,0.08652735908141455,0.7978202233100725,0.7978202233100725,0.7978202233100725,0.08652735908141455,0.08652735908141455,0.08652735908141455,0.7112928642286579,0.7112928642286579,0.7112928642286579,0.0,0.0,0.0,180.68109980770774
256,2022-01-07,180.3223986452787,175.63285749965743,186.15152686657774,180.22210123903162,180.46138086197368,0.08652735908141455,0.08652735908141455,0.08652735908141455,0.7864558958844846,0.7864558958844846,0.7864558958844846,0.08652735908141455,0.08652735908141455,0.08652735908141455,0.6999285368030701,0.6999285368030701,0.6999285368030701,0.0,0.0,0.0,181.10885454116317
257,2022-01-10,181.6397558279219,176.93495628202646,187.4784605274988,181.39113336344388,181.95422744210313,0.08652735908141455,0.08652735908141455,0.08652735908141455,0.6214001000485982,0.6214001000485982,0.6214001000485982,0.08652735908141455,0.08652735908141455,0.08652735908141455,0.5348727409671836,0.5348727409671836,0.5348727409671836,0.0,0.0,0.0,182.2611559279705
258,2022-01-11,182.07887488880291,177.94637386491615,188.32946553492675,181.7688281787164,182.44824139929472,0.08652735908141455,0.08652735908141455,0.08652735908141455,0.915279683429107,0.915279683429107,0.915279683429107,0.08652735908141455,0.08652735908141455,0.08652735908141455,0.8287523243476924,0.8287523243476924,0.8287523243476924,0.0,0.0,0.0,182.99415457223202
259,2022-01-12,182.51799394968398,178.12658053733378,188.923909143543,182.13433756947333,182.95306741813533,0.08652735908141455,0.08652735908141455,0.08652735908141455,0.9229023236200831,0.9229023236200831,0.9229023236200831,0.08652735908141455,0.08652735908141455,0.08652735908141455,0.8363749645386686,0.8363749645386686,0.8363749645386686,0.0,0.0,0.0,183.44089627330408
260,2022-01-13,182.95711301056505,178.48047602437094,189.2426678019393,182.49462686511626,183.47647114424984,0.08652735908141455,0.08652735908141455,0.08652735908141455,0.7978202233099961,0.7978202233099961,0.7978202233099961,0.08652735908141455,0.08652735908141455,0.08652735908141455,0.7112928642285816,0.7112928642285816,0.7112928642285816,0.0,0.0,0.0,183.75493323387505
261,2022-01-14,183.39623207144615,178.41632661151348,189.86604468328142,182.86428438498513,183.9775396944253,0.08652735908141455,0.08652735908141455,0.08652735908141455,0.7864558958899667,0.7864558958899667,0.7864558958899667,0.08652735908141455,0.08652735908141455,0.08652735908141455,0.6999285368085523,0.6999285368085523,0.6999285368085523,0.0,0.0,0.0,184.1826879673361
