Date,Open,High,Low,Close,Adj Close,Volume,RSI_14_Day,Moving Average Convergence Divergence_MACD,SIGNAL,True Strength Index TSI,signal,SMA_20,SMA_50,Vol_Avg,Vol_Avg_Ind
2021-01-04,222.52999877929688,223.0,214.80999755859375,217.69000244140625,214.93435668945312,37130100,,0.0,0.0,,,,,,inf
2021-01-05,217.25999450683594,218.52000427246094,215.6999969482422,217.89999389648438,215.14169311523438,23823000,100.0,0.004711346748536016,0.0026174148602977868,,,,,,9101728717.659082
2021-01-06,212.1699981689453,216.49000549316406,211.94000244140625,212.25,209.563232421875,35930700,3.3360570358980652,-0.1692027817547057,-0.06780069850650691,,,,,,-529945867.68972135
2021-01-07,214.0399932861328,219.33999633789062,213.7100067138672,218.2899932861328,215.52676391601562,27694500,54.24955797480179,-0.02608394906926037,-0.05366900831773776,,,,,,-516024068.0438824
2021-01-08,218.67999267578125,220.5800018310547,217.02999877929688,219.6199951171875,216.8399200439453,22956200,59.329392660993065,0.1051576504275431,-0.006421668138870304,,,,,,-3574803229.249159
2021-01-11,218.47000122070312,218.91000366210938,216.72999572753906,217.49000549316406,214.73690795898438,23031300,49.79395116067028,0.09099543249450903,0.01998378241879388,,,,,,1152499537.7421675
2021-01-12,216.5,217.10000610351562,213.32000732421875,214.92999267578125,212.20928955078125,23249300,41.21922824819869,-0.035627195063028694,0.005910127584024804,,,,,,3933806786.6492996
2021-01-13,214.02000427246094,216.75999450683594,213.92999267578125,216.33999633789062,213.60147094726562,20087100,46.666811076202194,-0.05289921185934077,-0.008222862594089296,,,,,,-2442835420.166072
2021-01-14,215.91000366210938,217.4600067138672,212.74000549316406,213.02000427246094,210.323486328125,29480800,37.78685538957011,-0.22877176589614123,-0.05917075340561469,,,,,,-498232628.50668013
2021-01-15,213.52000427246094,214.50999450683594,212.02999877929688,212.64999389648438,209.95816040039062,31746500,36.94313610806302,-0.3692616593355922,-0.12864911708631527,,,,,27512950.0,-246768114.0687514
2021-01-19,213.75,216.97999572753906,212.6300048828125,216.44000244140625,213.70018005371094,30480900,49.40483397352494,-0.2636884230761325,-0.15819494563092518,,,,,26848030.0,-192679354.44102684
2021-01-20,217.6999969482422,225.7899932861328,217.2899932861328,224.33999633789062,221.50018310546875,37777300,64.95269693561869,0.25125426736326517,-0.07026242631673796,,,,,28243460.0,-537660055.0300192
2021-01-21,224.6999969482422,226.3000030517578,222.4199981689453,224.97000122070312,222.12220764160156,30709400,65.85386354854792,0.665404545777676,0.08543026428601788,,,,,27721330.0,359467458.7121243
2021-01-22,227.0800018310547,230.07000732421875,225.8000030517578,225.9499969482422,223.0897979736328,30172700,67.26393747138519,1.0235561305142653,0.2816868954514488,,,,,27969150.0,107114319.07985413
2021-01-25,229.1199951171875,229.77999877929688,224.22000122070312,229.52999877929688,226.62448120117188,33152100,71.83895557649488,1.4930397160421762,0.5327924508648315,,,,,28988740.0,62223291.53911122
2021-01-26,231.86000061035156,234.17999267578125,230.0800018310547,232.3300018310547,229.38905334472656,49169600,74.80477408818841,2.0003343376151577,0.8348016309067674,,,,,31602570.0,58899741.18353319
2021-01-27,238.0,240.44000244140625,230.13999938964844,232.89999389648438,229.95181274414062,69870600,75.37335983335048,2.3976669206576275,1.1545753529337575,,,,,36264700.0,60516275.37558283
2021-01-28,235.61000061035156,242.63999938964844,235.08999633789062,238.92999267578125,235.90548706054688,49111200,80.41003984926368,3.052715759198719,1.541167662104859,,,,,39167110.0,31866227.930662706
2021-01-29,235.99000549316406,238.02000427246094,231.35000610351562,231.9600067138672,229.0237274169922,42503100,64.0927668766664,3.0718798671355216,1.8517865936854574,,,,,40469340.0,22952482.83194966
2021-02-01,235.05999755859375,242.5,232.42999267578125,239.64999389648438,236.61636352539062,33314200,71.06845847459994,3.5508482249779263,2.195562384969295,,,220.03792877197264,,40626110.0,15173424.462027255
2021-02-02,241.3000030517578,242.30999755859375,238.69000244140625,239.50999450683594,236.4781494140625,25916300,70.7987985380911,3.86909153063246,2.533384069177497,,,221.11511840820313,,40169650.0,10229913.543434469
2021-02-03,239.57000732421875,245.08999633789062,239.25999450683594,243.0,239.92398071289062,27158100,73.49838095575006,4.303473830744565,2.890033630765557,,,222.35423278808594,,39107730.0,9397157.081803903
2021-02-04,242.66000366210938,243.24000549316406,240.3699951171875,242.00999450683594,238.9464874267578,25296100,71.47966798196528,4.5220805309652405,3.2183812329445693,,,223.8233955383301,,38566400.0,7859883.01853725
2021-02-05,242.22999572753906,243.27999877929688,240.4199981689453,242.1999969482422,239.13409423828125,18054800,71.6406580969899,4.651554497391686,3.5063759022073646,,,225.00376205444337,,37354610.0,5149134.178293315
2021-02-08,243.14999389648438,243.67999267578125,240.80999755859375,242.47000122070312,239.40069580078125,22211900,71.88354346820843,4.716310734097107,3.749280536347551,,,226.13180084228514,,36260590.0,5924309.953513972
2021-02-09,241.8699951171875,244.75999450683594,241.3800048828125,243.77000427246094,240.6842498779297,23565000,73.07905542124975,4.802730430000253,3.9606092168237232,,,227.4291679382324,,33700130.0,5949842.2363664415
2021-02-10,245.0,245.9199981689453,240.88999938964844,242.82000732421875,239.74624633789062,22186700,70.71284075153858,4.746605023468959,4.118189383617362,,,228.8060157775879,,28931740.0,5387488.998990985
2021-02-11,244.77999877929688,245.14999389648438,242.14999389648438,244.49000549316406,241.39512634277344,15751100,72.40437178763581,4.766931291980228,4.248189221546925,,,230.1956985473633,,25595730.0,3707720.9085014425
2021-02-12,243.92999267578125,245.3000030517578,242.72999572753906,244.99000549316406,241.8887939453125,16561100,72.90888015348679,4.7633975786150415,4.351390589342177,,,231.77396392822266,,23001530.0,3805932.761026546
2021-02-16,245.02999877929688,246.1300048828125,242.9199981689453,243.6999969482422,240.6151123046875,26728500,69.38438362094243,4.611659856130075,4.403508962120201,,,233.3068115234375,,22342960.0,6069818.462940238
2021-02-17,241.32000732421875,244.30999755859375,240.94000244140625,244.1999969482422,241.6641082763672,21653500,69.9899277550765,4.476285705850557,4.418078740075467,,,234.70500793457032,,21916680.0,4901112.287471392
2021-02-18,241.8000030517578,243.92999267578125,240.86000061035156,243.7899932861328,241.2583465576172,16925600,68.7884364098368,4.288549026674474,4.392152256318583,,,235.69291610717772,,20893430.0,3853600.470168289
2021-02-19,243.75,243.86000061035156,240.17999267578125,240.97000122070312,238.46763610839844,25262600,61.02842915919243,3.883445109989566,4.290346299861875,,,236.51018753051758,,20890080.0,5888242.6345895
2021-02-22,237.4199981689453,237.92999267578125,232.39999389648438,234.50999450683594,232.07473754882812,36446900,47.741789684832334,3.040883449638301,4.0403269549481005,,,236.95943450927734,,22729290.0,9020779.85430468
2021-02-23,230.3300018310547,234.8300018310547,228.72999572753906,233.27000427246094,230.8476104736328,30228700,45.68574001495788,2.2541064550242425,3.6829378807315067,,,237.17059097290038,,23530970.0,8207768.085948808
2021-02-24,230.00999450683594,235.1999969482422,229.0,234.5500030517578,232.11431884765625,26339700,48.16724511879987,1.7089758315131007,3.288017311835998,17.413755824826556,,237.30685424804688,,23808440.0,8010815.486032876
2021-02-25,232.0800018310547,234.58999633789062,227.8800048828125,228.99000549316406,226.61204528808594,39542200,39.68553743356061,0.8428683405636548,2.7988605252192054,9.9880274933445,,237.13986587524414,,25543990.0,14127963.735135775
2021-02-26,231.52999877929688,235.3699951171875,229.5399932861328,232.3800048828125,229.9668426513672,37819200,45.93648006839321,0.41254575404909133,2.3214984267562135,6.403322011040674,,236.84293365478516,,27750800.0,16290857.47555042
2021-03-01,235.89999389648438,237.47000122070312,233.14999389648438,236.94000244140625,234.4794921875,25324000,52.99364546998504,0.4181620102486363,1.94076788374262,6.174512188616875,,237.11572189331054,,28627090.0,13048443.460000293
2021-03-02,237.00999450683594,237.3000030517578,233.4499969482422,233.8699951171875,231.4413604736328,22812500,48.41183608729362,0.18323732201096732,1.5892150420083664,4.289884854819059,,236.85697174072266,,28235490.0,14354570.902607845
2021-03-03,232.16000366210938,233.5800018310547,227.25999450683594,227.55999755859375,225.1968994140625,34029500,40.63522540723572,-0.48634619943638313,1.174058646719157,-0.34981518165799563,,236.29290924072265,,29473090.0,28984497.576073892
2021-03-04,226.74000549316406,232.49000549316406,224.25999450683594,226.72999572753906,224.37551879882812,44727800,39.73115035435338,-1.0687654306591128,0.7254556683226789,-4.114002104527122,,235.51548614501954,,32253310.0,61654766.72532567
2021-03-05,229.52000427246094,233.27000427246094,226.4600067138672,231.60000610351562,229.1949462890625,41872800,47.15967864832492,-1.1371343782058432,0.35291230502948606,-4.5383923270442255,,235.02790908813478,,33914330.0,118649305.79992528
2021-03-08,231.3699951171875,233.3699951171875,227.1300048828125,227.38999938964844,225.02867126464844,35267400,42.305213814839355,-1.5029770510768685,-0.018285776137649798,-6.642653977246817,,234.32263793945313,,33796380.0,-1928679413.6884139
2021-03-09,232.8800048828125,235.3800048828125,231.6699981689453,233.77999877929688,231.35231018066406,33080500,50.6146469373457,-1.2772668130212992,-0.2700929512636993,-5.274785379884765,,233.92021865844725,,34081560.0,-122478205.54081243
2021-03-10,237.0,237.0,232.0399932861328,232.4199981689453,230.00643920898438,29746800,48.99720353629586,-1.191473320818318,-0.4543754464823893,-4.8018631913154195,,233.386328125,,34422270.0,-65467445.98610904
2021-03-11,234.9600067138672,239.1699981689453,234.30999755859375,237.1300048828125,234.6675262451172,29907600,54.42860952611332,-0.7442732190054926,-0.512356617266155,-2.4726276860688583,-1.5170777428981082,233.13239212036132,,33458810.0,-58372623.66119463
2021-03-12,234.00999450683594,235.82000732421875,233.22999572753906,235.75,233.30184936523438,22653700,52.65916864654382,-0.4930797823900548,-0.508501164311461,-1.2454455417368064,-1.4722272738540103,232.72772827148438,,31942260.0,-44549947.158281095
2021-03-15,234.9600067138672,235.19000244140625,231.80999755859375,234.80999755859375,232.37158203125,26034900,51.432631780469656,-0.36409426397321454,-0.47961926897358065,-0.6600027901692287,-1.3410370467785313,232.25186767578126,,32013350.0,-54282431.26202276
2021-03-16,236.27999877929688,240.05999755859375,235.94000244140625,237.7100067138672,235.2415008544922,28092200,54.921101624111714,-0.03214311017589466,-0.39012275987718226,0.9289240592020036,-0.9811108192379855,231.9831871032715,228.772705078125,32541320.0,-72008615.97729889
2021-03-17,236.14999389648438,238.5500030517578,233.22999572753906,237.0399932861328,234.5784454345703,29562100,53.95681633758278,0.175752496522108,-0.2769464163519229,1.9217183305166128,-0.5279528154993345,231.62890396118163,229.16558685302735,32094580.0,-106743031.33944395
2021-03-18,232.55999755859375,234.19000244140625,230.3300018310547,230.72000122070312,228.3240966796875,34833000,45.78997023971094,-0.15902530419816685,-0.2533619784918308,0.22472458639777354,-0.41198977027879025,230.98219146728516,229.4292349243164,31105100.0,-137483138.58041304
2021-03-19,231.02000427246094,232.47000122070312,229.35000610351562,230.35000610351562,227.9579315185547,46430700,45.357139738424685,-0.4484852905864045,-0.2923869260858695,-1.2496765807696744,-0.539619235226248,230.45670623779296,229.79712890625,31560890.0,-158798823.94729245
2021-03-22,230.27000427246094,236.89999389648438,230.13999938964844,235.99000549316406,233.53936767578125,30127000,52.697236098032505,-0.22672825655777729,-0.2792551154115999,-0.22997738842466692,-0.4928864545271017,230.52993774414062,230.1573809814453,31046850.0,-107883431.0898663
2021-03-23,237.49000549316406,241.0500030517578,237.07000732421875,237.5800018310547,235.1128387451172,31638400,54.55075393934828,0.0746947639607356,-0.2084648084646544,1.1736422934126822,-0.24337821125415401,230.74319915771486,230.52283935546876,30902640.0,-151768541.81296673
2021-03-24,237.85000610351562,238.0,235.32000732421875,235.4600067138672,233.01486206054688,25620100,51.644980237260825,0.14294913379066543,-0.13818175705347596,1.4669059293690727,0.010936326157477591,230.78822631835936,230.8883984375,30489970.0,-185408700.4414417
2021-03-25,235.3000030517578,236.94000244140625,231.57000732421875,232.33999633789062,229.92726135253906,34061900,47.624334466422866,-0.0512299207824185,-0.12079133774703785,0.49500460596083595,0.08249801757390286,230.95398712158203,231.24275787353517,30905400.0,-281989591.5991318
2021-03-26,231.5500030517578,236.7100067138672,231.5500030517578,236.47999572753906,234.02426147460938,25479900,52.86775559742724,0.12396632008028519,-0.07183968896566156,1.2886208710408795,0.2599208507395855,231.15685806274413,231.65121368408202,31188020.0,-354677203.7415009
2021-03-29,236.58999633789062,236.8000030517578,231.8800048828125,235.24000549316406,232.79713439941406,25227500,51.21398072031177,0.16185724816921265,-0.025100212003636702,1.4389188277334852,0.432620516472135,231.07274017333984,232.1006866455078,31107280.0,-1005071192.0817584
2021-03-30,233.52999877929688,233.85000610351562,231.10000610351562,231.85000610351562,229.4423370361328,24792000,46.89502886755005,-0.07825305273209437,-0.03573079644065148,0.25360065131990717,0.40649233982141025,230.97278900146483,232.49037017822266,30777260.0,-693855230.4922528
2021-03-31,232.91000366210938,239.10000610351562,232.38999938964844,235.77000427246094,233.32164001464844,43623500,51.941954030700074,0.044591402218003395,-0.019666337013950562,0.7963682310477288,0.4632196995810188,231.37902603149413,232.88279937744142,32183400.0,-2218181248.956281
2021-04-01,238.47000122070312,242.83999633789062,238.0500030517578,242.35000610351562,239.83331298828125,30338000,58.98775075865201,0.6610880394668754,0.11648467181873552,3.6430425784989793,0.9246672999596853,232.15191574096679,233.24946197509766,31733900.0,260446284.70267454
2021-04-05,242.75999450683594,249.9600067138672,242.6999969482422,249.07000732421875,246.48353576660156,36910600,64.6825832257068,1.6686692722762757,0.42692183549095086,8.14318873328072,1.969837952889141,233.01634521484374,233.73668853759764,30781890.0,86457512.66752052
2021-04-06,247.61000061035156,249.39999389648438,246.8800048828125,247.86000061035156,245.28610229492188,22931900,62.98661106908034,2.3431002583701286,0.8101577606278754,11.095845832546432,3.2886445797925226,234.02921676635742,234.18061462402343,30062380.0,28305474.70436831
2021-04-07,247.80999755859375,250.92999267578125,247.19000244140625,249.89999389648438,247.30490112304688,22719800,64.66858046801289,3.0064441561558226,1.2494152603145858,14.025218955446379,4.837633961640251,234.82684631347655,234.59422302246094,29170520.0,18184346.487235527
2021-04-08,252.77000427246094,254.13999938964844,252.0,253.25,250.62010192871094,23625200,67.29674059542387,3.757514699884723,1.7510353497467146,17.32431236521677,6.63656910499968,235.8575294494629,235.01884399414064,28971030.0,13492131.95691187
2021-04-09,252.8699951171875,255.99000549316406,252.44000244140625,255.85000610351562,253.19314575195312,24326800,69.21099577664786,4.509356772412275,2.3026998115779493,20.66265766821233,8.654839986353862,236.7838104248047,235.48367065429687,27997520.0,10564468.663125396
2021-04-12,254.7100067138672,257.6700134277344,254.6199951171875,255.91000366210938,253.2525177001953,27148700,69.25571734758975,5.051699778709434,2.852499946363407,23.33420464503272,10.76492542820945,237.78134384155274,235.83061126708984,28164400.0,9517511.134263583
2021-04-13,257.260009765625,259.19000244140625,256.8299865722656,258.489990234375,255.80572509765625,23837500,71.1933971112654,5.623840133593973,3.4067680978158665,26.188428272742836,12.980010317715479,238.95305099487305,236.36625122070313,28025400.0,6997100.863801855
2021-04-14,257.4800109863281,258.8299865722656,255.16000366210938,255.58999633789062,252.93582153320312,23070900,66.1468845863546,5.7775841941236195,3.8809313951012037,27.16994073290828,15.016384253800151,239.8377670288086,236.6926403808594,27853290.0,5944681.225007425
2021-04-15,257.92999267578125,259.92999267578125,257.7300109863281,259.5,256.8052062988281,25627500,69.30602901225818,6.142830795724848,4.333311334777393,28.979377400811195,17.018886684651317,240.9491050720215,237.0991815185547,26053690.0,5914068.4848384
2021-04-16,259.4700012207031,261.0,257.6000061035156,260.739990234375,258.0323181152344,24878600,70.25406378173142,6.457489877457988,4.758147088053938,30.747753405912132,18.986714144029552,242.43451614379882,237.46134826660156,25507750.0,5228631.973665035
2021-04-19,260.19000244140625,261.4800109863281,257.82000732421875,258.739990234375,256.0531005859375,23209300,66.67686735072151,6.471371068605862,5.100791913032092,31.215350258677145,20.738668782961085,243.83927459716796,237.80348052978516,24137620.0,4550136.6053969385
2021-04-20,257.82000732421875,260.20001220703125,256.8399963378906,258.260009765625,255.57810974121094,19722900,65.81080965490406,6.370291791435875,5.354691905825674,31.360900854787577,22.259856637945127,244.94121170043945,238.13236083984376,23816720.0,3683293.146808752
2021-04-21,258.94000244140625,260.67999267578125,257.25,260.5799865722656,257.8739929199219,24030400,67.97598082633469,6.403005836678034,5.564354703301142,32.08512616465969,23.666419734795884,246.0792694091797,238.50182678222657,23947780.0,4318631.949495165
2021-04-22,260.2099914550781,261.7799987792969,255.63999938964844,257.1700134277344,254.49942016601562,25606200,61.782680176014345,6.084343280604031,5.668352423247757,30.943802747128114,24.707920187973823,247.15349731445312,238.77813018798827,24145880.0,4517397.31195623
2021-04-23,257.8800048828125,261.510009765625,257.2699890136719,261.1499938964844,258.4381103515625,21462600,65.7096151123335,6.082025968669882,5.751087135187253,31.087056390159002,25.62063325093863,248.57903976440429,239.15196746826172,23859460.0,3731920.50398332
2021-04-26,261.6600036621094,262.44000244140625,260.1700134277344,261.54998779296875,258.8339538574219,19763300,66.08677000083682,6.042708976503292,5.809411505060621,31.310390518867496,26.43453183192357,249.81952438354492,239.50074401855468,23120920.0,3401945.271527769
2021-04-27,261.5799865722656,263.19000244140625,260.1199951171875,261.9700012207031,259.24957275390625,31014200,66.50339248089406,5.976453581304213,5.842819921047184,31.608384378307026,27.174492214351325,251.14214630126952,239.84795959472658,23838590.0,5308087.604801871
2021-04-28,256.0799865722656,256.5400085449219,252.9499969482422,254.55999755859375,251.91650390625,46903100,53.91845846564497,5.266468297958653,5.727549594392827,27.963229461094013,27.28727852359041,252.2658546447754,240.0739874267578,26221810.0,8189034.285432871
2021-04-29,255.4600067138672,256.1000061035156,249.0,252.50999450683594,249.88780212402344,40589000,51.04076151678417,4.486956023704977,5.479430876748154,24.03717368804518,26.822590923862098,253.09416275024415,240.23846130371095,27717960.0,7407521.130020737
2021-04-30,249.74000549316406,253.0800018310547,249.60000610351562,252.17999267578125,249.56121826171875,30945100,50.5728416640393,3.798812724358214,5.14330724246934,20.73010060996342,25.951613569392528,253.580558013916,240.40451873779296,28324610.0,6016576.210824036
2021-05-03,253.39999389648438,254.35000610351562,251.1199951171875,251.86000061035156,249.2445526123047,19626600,50.09328341195993,3.1908913792444196,4.752824066291946,17.878751353483256,24.797641628528048,253.71860885620117,240.6200570678711,27966340.0,4129460.658810429
2021-05-04,250.97000122070312,251.2100067138672,245.75999450683594,247.7899932861328,245.21682739257812,32756100,44.334784632883036,2.354033634107168,4.273065976382979,13.574715426354853,23.193525365471245,253.71514511108398,240.8828988647461,29269660.0,7665713.607288378
2021-05-05,249.05999755859375,249.5,245.82000732421875,246.47000122070312,243.9105224609375,21901300,42.62343388697028,1.5663975204045357,3.731732282053182,9.466617414717863,21.231656795899504,253.54542617797853,241.1441571044922,29056750.0,5868936.5540311495
2021-05-06,246.4499969482422,249.86000061035156,244.69000244140625,249.72999572753906,247.13665771484375,26491100,47.965575674048054,1.191193431968827,3.2236245096829164,7.396626784513896,19.25446227365934,253.37125396728516,241.44460388183595,29145240.0,8217799.536027765
2021-05-07,252.14999389648438,254.3000030517578,251.1699981689453,252.4600067138672,249.83831787109375,27032900,51.99634010578226,1.1011856938313827,2.799136744939735,6.811065663888296,17.476247033572147,253.2035125732422,241.90912933349608,29702270.0,9657584.628142921
2021-05-10,250.8699951171875,251.72999572753906,247.1199951171875,247.17999267578125,244.6131591796875,29299900,44.772568036047396,0.5973667049250366,2.3587827356314643,3.9710748916960346,15.54639053580204,252.77154464721679,242.2020556640625,30655930.0,12421618.8110077
2021-05-11,244.5500030517578,246.60000610351562,242.57000732421875,246.22999572753906,243.6730194091797,33641600,43.5989175529573,0.12012451611664687,1.9110510906667402,1.3199517796738711,13.513548994511414,252.16490936279297,242.3859262084961,30918670.0,17603715.6538096
2021-05-12,242.1699981689453,244.3800048828125,238.07000732421875,239.0,236.51809692382812,36684400,35.88843131492946,-0.831373858193416,1.3625660998541576,-3.7787494610681462,11.042706870371505,251.34402313232422,242.4874609375,29896800.0,26923024.14094004
2021-05-13,241.8000030517578,245.60000610351562,241.4199981689453,243.02999877929688,240.50624084472656,29624300,42.04128214587843,-1.246155898127256,0.8408216994660181,-5.962717312333631,8.612927500002797,250.52907485961913,242.79364776611328,28800330.0,35232558.83954178
2021-05-14,245.5800018310547,249.17999267578125,245.49000549316406,248.14999389648438,245.5730743408203,23901100,48.768375102773206,-1.1488078113668507,0.4428957968162956,-5.465005858284598,6.601486878920638,249.90611267089844,243.21759887695313,28095930.0,53965515.527151644
2021-05-17,246.5500030517578,246.58999633789062,243.52000427246094,245.17999267578125,242.63392639160156,24970200,45.47137818515223,-1.296197019860756,0.09507723314303719,-6.178999885408415,4.775463948369168,249.23515396118165,243.48637847900392,28630290.0,262630696.90336952
2021-05-18,246.27000427246094,246.41000366210938,242.89999389648438,243.0800018310547,240.55572509765625,20168000,43.24518196435546,-1.5643071902460974,-0.2367996517926804,-7.480965452416457,3.0243489211238863,248.4840347290039,243.79691955566406,27371480.0,-85169044.15745178
2021-05-19,239.30999755859375,243.22999572753906,238.60000610351562,243.1199951171875,241.15087890625,25739800,43.30211267076611,-1.7533462850004753,-0.5401089786227927,-8.482199417971934,1.380398146797569,247.64787902832032,243.99289093017578,27755330.0,-47656678.594073966
2021-05-20,243.9600067138672,247.9499969482422,243.86000061035156,246.47999572753906,244.483642578125,21800700,48.01969621324405,-1.6135894396406059,-0.7548050709331287,-7.8773255170011005,0.057757129219672,247.14709014892577,244.2824349975586,27286290.0,-28882556.357297465
2021-05-21,247.57000732421875,248.3300018310547,244.74000549316406,245.1699981689453,243.18426513671875,21863100,46.39872759348041,-1.5901496700615212,-0.921873990825277,-7.8616799328417715,-1.0736709923037426,246.3843978881836,244.45276977539064,26769310.0,-23715931.046528157
2021-05-24,247.7899932861328,251.16000366210938,247.50999450683594,250.77999877929688,248.74884033203125,21411500,53.61927088739218,-1.1063614590289887,-0.9587714844777633,-5.53490355403732,-1.711028542858146,245.88014221191406,244.76170959472657,25980470.0,-22332224.46291538
2021-05-25,251.77000427246094,252.75,250.82000732421875,251.72000122070312,249.6812286376953,17704300,54.71992947922159,-0.6397665683422531,-0.8949705012344156,-3.322000875073864,-1.9411793988404709,245.4017250061035,245.10790252685547,24386740.0,-19781992.787003372
2021-05-26,251.42999267578125,252.94000244140625,250.75,251.49000549316406,249.45309448242188,17771600,54.37989038185149,-0.28525098906368385,-0.7730265987754288,-1.632658001638866,-1.8971029516784153,245.2785545349121,245.39213439941406,22495460.0,-22989635.839377902
2021-05-27,251.1699981689453,251.47999572753906,249.25,249.30999755859375,247.29074096679688,24426200,51.136232492388466,-0.1780828877025442,-0.6540378565414612,-1.1054881783228385,-1.7840108122759275,245.1487014770508,245.6463803100586,21975650.0,-37346767.860143825
2021-05-28,251.0,252.0800018310547,249.55999755859375,249.67999267578125,247.65773010253906,18270200,51.663216053857965,-0.06258552161631314,-0.5357473895410101,-0.5253696577292809,-1.6041990529756525,245.05352706909179,246.03305297851563,21412560.0,-34102266.02438996
2021-06-01,251.22999572753906,251.2899932861328,246.9600067138672,247.39999389648438,245.3961944580078,23213300,48.21261973452688,-0.15320255088019508,-0.4592384218008675,-0.9728709156618528,-1.5140067910124766,244.86110916137696,246.38181823730469,21236870.0,-50547382.13969742
2021-06-02,248.1300048828125,249.27000427246094,245.83999633789062,247.3000030517578,245.29701232910156,19406700,48.06101388733407,-0.23042652754463688,-0.4134760429458031,-1.3835673339740253,-1.4953721351581497,244.86511840820313,246.6169711303711,21160740.0,-46935488.358012944
2021-06-03,245.22000122070312,246.33999633789062,243.0,245.7100067138672,243.71990966796875,25307700,45.605228411414174,-0.41510422036185446,-0.41380167842903515,-2.395844368623291,-1.6240136747995435,244.8555877685547,246.78911254882811,21117530.0,-61159007.60982568
2021-06-04,247.75999450683594,251.64999389648438,247.50999450683594,250.7899932861328,248.75872802734375,25281100,53.738548698985326,-0.1499301997217799,-0.3610273826847659,-0.9784378220643569,-1.5317869250535554,244.9366912841797,247.10398986816406,21465570.0,-70025436.33116716
2021-06-07,249.97999572753906,254.08999633789062,249.80999755859375,253.80999755859375,251.75428771972656,23079200,57.780180671347146,0.30038790705759766,-0.22874432473064216,1.4820624090536747,-1.1012305059791923,245.03248977661133,247.5405303955078,21587180.0,-100895180.797062
2021-06-08,255.16000366210938,256.010009765625,252.50999450683594,252.57000732421875,250.5243377685547,22455000,55.631110332261166,0.5508827993550938,-0.0728188999081661,2.906467225819297,-0.5286948337426824,245.3280487060547,247.8705319213867,21691530.0,-308367745.57592344
2021-06-09,253.80999755859375,255.52999877929688,253.2100067138672,253.58999633789062,251.53607177734375,17937600,57.046361762056044,0.8222103191110364,0.10618694390056851,4.500992884235858,0.18983997014251047,245.7212013244629,248.2453106689453,21714860.0,168924722.20310283
2021-06-10,254.2899932861328,257.4599914550781,253.6699981689453,257.239990234375,255.15652465820312,24563600,61.7483982490899,1.3165287689964487,0.3482553089250392,7.3475468100630135,1.2123792612108373,246.65312271118165,248.7595944213867,22394060.0,70533310.96608561
2021-06-11,257.989990234375,258.489990234375,256.6099853515625,257.8900146484375,255.80123901367188,18999700,62.53496289204443,1.7406551805172796,0.62673528324836,9.91651001864415,2.455836667155209,247.4178726196289,249.2091864013672,21851410.0,30315350.847210687
2021-06-14,257.8999938964844,259.95001220703125,256.79998779296875,259.8900146484375,257.7850646972656,19150500,64.92480855818542,2.212627570857393,0.9439137407746065,12.828148105754314,3.937605816461883,248.02847213745116,249.5682214355469,21939440.0,20288400.489100277
2021-06-15,259.7699890136719,259.989990234375,257.67999267578125,258.3599853515625,256.2674255371094,18038900,61.683168453143345,2.4351553207604013,1.2421620567751055,14.390404069226372,5.430871669291707,248.71014709472655,249.76389923095704,21422000.0,14522179.212938203
2021-06-16,259.3999938964844,260.5799865722656,254.4199981689453,257.3800048828125,255.29537963867188,27220000,59.62955800118875,2.5035845453774925,1.4944465544978431,15.135452107335365,6.817247433216627,249.44712982177734,249.96408477783203,22203330.0,18214100.676986963
2021-06-17,256.07000732421875,261.75,256.010009765625,260.8999938964844,258.786865234375,27565500,64.23544039944832,2.809425071646558,1.757442257929471,17.167132373468046,8.295808942409014,250.32892913818358,250.1937240600586,22429110.0,15685010.347068965
2021-06-18,259.6300048828125,262.29998779296875,258.75,259.42999267578125,257.3287658691406,37202200,61.10032225044598,2.899775844603653,1.9859089752656176,17.974487704543737,9.67848256131904,250.97118530273437,250.3278973388672,23621220.0,18733084.176239327
2021-06-21,259.82000732421875,263.5199890136719,257.9200134277344,262.6300048828125,260.50286865234375,26696100,65.09420542909905,3.1927593928793954,2.2272790587894806,19.89515606480848,11.138012074428735,251.8371154785156,250.474091796875,23982910.0,11985970.008854324
2021-06-22,262.7200012207031,265.7900085449219,262.3999938964844,265.510009765625,263.3595275878906,24694100,68.25337665928927,3.615638951287309,2.5049510372900654,22.540126524104604,12.766890088973694,252.5676498413086,250.6762319946289,24206820.0,9858116.838369364
2021-06-23,265.989990234375,266.8299865722656,264.42999267578125,265.2699890136719,263.1214294433594,19518700,67.70342247353841,3.88660482072936,2.7812817939787355,24.510705858391347,14.444582047953952,253.2396598815918,250.82254608154298,24364930.0,7017879.325373109
2021-06-24,266.1600036621094,267.8500061035156,265.4700012207031,266.69000244140625,264.52996826171875,21446900,69.28047171921514,4.16787448499565,3.0586003321827695,26.636398205431096,16.18627362262388,253.99350357055664,251.0544290161133,24053260.0,7011998.192223573
2021-06-25,266.2300109863281,267.25,264.760009765625,265.0199890136719,262.87347412109375,25611100,65.24540360840123,4.2075351479441565,3.2883872953354785,27.298549120414613,17.773744325999974,254.77264022827148,251.17579437255858,24714400.0,7788346.596621666
2021-06-28,266.19000244140625,268.8999938964844,265.9100036621094,268.7200012207031,266.54351806640625,19590000,69.48582951658722,4.4857933102549055,3.5278684983197235,29.183742983992992,19.403746576688714,255.71692962646483,251.34601837158203,24758350.0,5552928.0667152
2021-06-29,268.8699951171875,271.6499938964844,267.9800109863281,271.3999938964844,269.2017822265625,19937800,72.13757186778997,4.866454105477089,3.795585619751519,31.632176202569795,21.150667338324872,256.9072090148926,251.60899200439454,24948240.0,5252891.647667599
2021-06-30,270.69000244140625,271.3599853515625,269.6000061035156,270.8999938964844,268.70587158203125,21656500,70.89964525544245,5.069350208456001,4.05033853749266,33.2500981516538,22.87915935735835,258.07765197753906,251.87154724121095,24391890.0,5346837.011161624
2021-07-01,269.6099853515625,271.8399963378906,269.6000061035156,271.6000061035156,269.40020751953125,16725300,71.63358124030194,5.226381298261288,4.285547089646566,34.798696494611264,24.58195198372474,259.3616668701172,252.10207153320312,23307870.0,3902722.2546233544
2021-07-02,272.82000732421875,278.0,272.5,277.6499938964844,275.40118408203125,26458000,77.02646735033413,5.7724433716331305,4.5829263460440615,38.03922392624248,26.50442095898091,260.69378967285155,252.52010681152345,22233450.0,5773167.186690289
2021-07-06,278.0299987792969,279.3699951171875,274.29998779296875,277.6600036621094,275.4111328125,31565600,77.03424684746685,6.1352845479775056,4.893397986430903,40.59318960550279,28.517103589508146,261.8766319274902,252.85956726074218,22720400.0,6450650.465694697
2021-07-07,279.3999938964844,280.69000244140625,277.1499938964844,279.92999267578125,277.6627197265625,23260000,78.78845295059384,6.530716195195907,5.220861628184032,43.31791277774417,30.631506158537345,263.2335510253906,253.236142578125,22576990.0,4455203.308671199
2021-07-08,276.8999938964844,278.7300109863281,274.8699951171875,277.4200134277344,275.1730651855469,24618600,72.21964820826348,6.565885272668538,5.489866357081018,43.63516653284064,32.48917287246583,264.41540069580077,253.5546124267578,23086980.0,4484371.458013014
2021-07-09,275.7200012207031,278.04998779296875,275.32000732421875,277.94000244140625,275.6888427734375,23916700,72.72694978514347,6.560092827946789,5.703911651254227,44.039823447236756,34.13926653210203,265.4420166015625,254.03005920410158,23333960.0,4193034.791263112
2021-07-12,279.1600036621094,279.7699890136719,276.5799865722656,277.32000732421875,275.0738525390625,18931700,71.0607126307203,6.431338845220864,5.849397090047584,43.89901561528132,35.53351692286144,266.40564727783203,254.53378021240235,22666020.0,3236521.5950565585
2021-07-13,277.5199890136719,282.8500061035156,277.3900146484375,280.9800109863281,278.7041931152344,26120100,74.73991874497946,6.549126827834925,5.989343037605075,44.86625842279991,36.86676613620144,267.4516036987305,255.11663970947265,23319030.0,4361096.006022807
2021-07-14,282.3500061035156,283.6600036621094,280.54998779296875,282.510009765625,280.22186279296875,23113700,76.10740763675531,6.688823610707402,6.129239152225559,46.08500124245569,38.183657227712935,268.6493255615234,255.73618591308593,23636620.0,3771055.3342672708
2021-07-15,282.0,282.510009765625,279.8299865722656,281.0299987792969,278.7538146972656,22604200,72.04439829551377,6.603986405804108,6.224188602941278,45.90903211708781,39.28728247197886,269.82224731445314,256.4069256591797,23731390.0,3631670.156864824
2021-07-16,282.07000732421875,284.1000061035156,279.4599914550781,280.75,278.4761047363281,26186800,71.26922498795585,6.4399236330738745,6.267335608967801,45.54515459111246,40.18126438385539,270.8067092895508,257.0982373046875,24677540.0,4178298.663714426
2021-07-19,278.92999267578125,280.3699951171875,274.45001220703125,277.010009765625,274.7663879394531,32935600,61.7170405878336,5.939655796284853,6.2017996464312075,42.292804397046794,40.48291300939311,271.67859039306643,257.6508319091797,25325300.0,5310652.049031061
2021-07-20,278.0299987792969,280.9700012207031,276.260009765625,279.32000732421875,277.0576477050781,26259700,64.85064226810019,5.6642883297352,6.094297383092,40.43384177872061,40.47590283254245,272.50632934570314,258.1952185058594,24794710.0,4308897.047402845
2021-07-21,278.8999938964844,281.5199890136719,277.2900085449219,281.3999938964844,279.12078857421875,24364300,67.43538834961308,5.5499152132143195,5.985420949116459,39.63530612763332,40.35581757370939,273.29439239501954,258.88537109375,24905140.0,4070607.5992193245
2021-07-22,283.8399963378906,286.4200134277344,283.4200134277344,286.1400146484375,283.82244873046875,23384100,72.41385790694733,5.775172935718047,5.943371346436774,40.54769947508979,40.3832292768952,274.329443359375,259.6883596801758,24781690.0,3934484.0894081867
2021-07-23,287.3699951171875,289.989990234375,286.5,289.6700134277344,287.3238525390625,22768100,75.426799249155,6.167432589035627,5.988183594956546,42.350908115182435,40.66432628006236,275.46913757324216,260.7044747924805,24666830.0,3802171.332752068
2021-07-26,289.0,289.69000244140625,286.6400146484375,289.04998779296875,286.7088317871094,23176100,73.90006205945622,6.355014273346114,6.061549730634461,43.279326071913296,41.03789770882182,276.660905456543,261.62852661132814,25091270.0,3823461.1658583498
2021-07-27,289.42999267578125,289.5799865722656,282.95001220703125,286.5400085449219,284.2192077636719,33604100,67.90763977065212,6.229335007444547,6.095106785996479,42.137519958408504,41.19498661240539,277.54468994140626,262.40144927978514,25839670.0,5513291.428659706
2021-07-28,288.989990234375,290.1499938964844,283.8299865722656,286.2200012207031,283.9017639160156,33566900,67.15991423692464,6.034351358625486,6.082955700522279,41.00148790549209,41.16734393836243,278.2796890258789,263.22680603027345,26884990.0,5518189.125907651
2021-07-29,286.239990234375,288.6199951171875,286.0799865722656,286.5,284.17950439453125,18168300,67.49714408030854,5.835154489013689,6.033395458220561,40.175734069870536,41.025685378575055,279.0533706665039,264.09928161621093,26441400.0,3011289.4349143836
2021-07-30,285.1700134277344,286.6600036621094,283.9100036621094,284.9100036621094,282.6023864746094,20944800,63.5089064885747,5.485755324647698,5.923867431505988,38.31748809653587,40.63880003584179,279.71347961425784,264.9283117675781,25917200.0,3535663.1866211994
2021-08-02,286.3599853515625,286.7699890136719,283.739990234375,284.82000732421875,282.5131530761719,16267400,63.28098657921708,5.1423146221744105,5.767556869639671,36.73022625045301,40.08043233152166,280.06907806396487,265.68890197753905,24250380.0,2820501.014152342
2021-08-03,285.4200134277344,287.2300109863281,284.0,287.1199951171875,284.79449462890625,17879000,66.58176598649061,4.998107933652761,5.613667082442289,36.23308709191648,39.53081156554751,280.53824615478516,266.5211065673828,23412310.0,3184905.64855897
2021-08-04,286.2200012207031,287.5899963378906,284.6499938964844,286.510009765625,284.189453125,16191300,64.91509545961583,4.77950761908329,5.446835189770488,35.35738224862991,38.93460736118309,280.86458282470704,267.2299188232422,22595010.0,2972606.9241838483
2021-08-05,286.8800048828125,289.6300048828125,286.1000061035156,289.5199890136719,287.1750183105469,13900200,69.0342227249048,4.793882149177534,5.316244581651897,35.75134128755293,38.47985505433714,281.46468048095704,267.9797946166992,21646620.0,2614665.2559918235
2021-08-06,288.510009765625,289.5,287.6199951171875,289.4599914550781,287.11553955078125,16589300,68.86067817993057,4.7457269413485506,5.202141053591227,36.024834407542194,38.12913781206494,282.03601531982423,268.7330435180664,21028740.0,3188936.9836574895
2021-08-09,289.75,291.54998779296875,287.80999755859375,288.3299865722656,285.9946594238281,16117600,65.51987410388847,4.563773986026035,5.074467640078188,35.34051079431002,37.730762516983546,282.5820556640625,269.507121887207,20322890.0,3176214.9536047997
2021-08-10,288.79998779296875,289.25,285.20001220703125,286.44000244140625,284.1199951171875,18616600,60.25447228161667,4.218442578865734,4.903262627835697,33.2430972299555,37.08966746655743,282.8528457641602,270.2363671875,18824140.0,3796778.066570213
2021-08-11,287.2099914550781,288.6600036621094,285.8599853515625,286.95001220703125,284.62591552734375,13955900,61.161510963938575,3.940494582619351,4.710709018792428,31.73142160765679,36.324203762785956,283.0730484008789,271.0209616088867,16863040.0,2962590.1205796706
2021-08-12,286.6300048828125,289.9700012207031,286.3399963378906,289.80999755859375,287.46270751953125,14561300,65.86583115517877,3.9059685779937467,4.549760930632691,31.70757890012532,35.66468591814172,283.5084930419922,271.8642755126953,16502340.0,3200453.8748314194
2021-08-13,289.4800109863281,292.8999938964844,289.29998779296875,292.8500061035156,290.47808837890625,18249000,70.02233367321922,4.0769121034353475,4.455191165193222,32.974319279489364,35.28034782334855,284.1085922241211,272.79943908691405,16232760.0,4096120.5307131954
2021-08-16,293.19000244140625,294.82000732421875,290.0199890136719,294.6000061035156,292.21392822265625,22507600,72.12649136101349,4.303981974118642,4.4249493269783065,34.70338416175812,35.197924442467475,284.98096923828126,273.6685430908203,16856780.0,5086521.52529166
2021-08-17,292.3900146484375,293.42999267578125,291.0799865722656,293.0799865722656,290.7062072753906,20075300,67.68269731240913,4.311582954614607,4.402276052505567,34.803532059893705,35.14158267314526,285.66339721679685,274.4475814819336,17076410.0,4560209.2555222865
2021-08-18,292.0400085449219,294.82000732421875,290.2699890136719,290.7300109863281,288.9273376464844,21813000,61.385809320392994,4.080941722580576,4.338009186520568,32.92140835823328,34.82441491202356,286.15372467041016,275.2156414794922,17638580.0,5028343.431770318
2021-08-19,288.69000244140625,297.4700012207031,288.6400146484375,296.7699890136719,294.92987060546875,29850500,69.29329217011968,4.335552860389612,4.337517921294377,33.91599267758506,34.69464030645546,286.70909576416017,276.08351745605466,19233610.0,6881931.22003106
2021-08-20,299.7200012207031,305.8399963378906,298.05999755859375,304.3599853515625,302.4727783203125,40817600,75.95645845060137,5.091093736049288,4.488233084245359,37.49963057070702,35.09535320306441,287.46654205322267,277.0298425292969,21656440.0,9094358.344106136
2021-08-23,303.25,305.3999938964844,301.8500061035156,304.6499938964844,302.760986328125,22830200,76.16924254064665,5.648157982471048,4.720218063890497,40.198218377393836,35.824333944929926,288.26914978027344,277.96903747558594,22327700.0,4836683.325003612
2021-08-24,305.0199890136719,305.6499938964844,302.0,302.6199951171875,300.74359130859375,18175800,71.4055641378843,5.858301153005129,4.947834681713424,40.68241415206615,36.518345405275596,289.09536895751955,278.8282080078125,22283620.0,3673485.7102593738
2021-08-25,304.29998779296875,304.5899963378906,300.4200134277344,302.010009765625,300.13739013671875,20006100,69.98911299356203,5.907522289251972,5.139772203221134,40.5952112821375,37.10075481782637,289.9071502685547,279.7056072998047,22888640.0,3892409.859616352
2021-08-26,300.989990234375,302.42999267578125,298.95001220703125,299.0899963378906,297.2355041503906,17666100,63.49582261150997,5.645828800698155,5.2409835227165384,38.37428388873235,37.282687542662025,290.55995025634763,280.5444097900391,23199120.0,3370760.4542979365
2021-08-27,298.989990234375,300.8699951171875,296.8299865722656,299.7200012207031,297.861572265625,22605700,64.26611971347391,5.426714995368457,5.278129817246922,36.84950552032984,37.22080439649197,291.3229095458984,281.3259039306641,23634790.0,4282899.584268117
2021-08-30,301.1199951171875,304.2200012207031,301.05999755859375,303.5899963378906,301.70758056640625,16348100,68.64332475610198,5.501918456708097,5.3228875451391575,36.92404902576471,37.17841077203037,292.28263092041016,282.2134802246094,23018840.0,3071284.1218915153
2021-08-31,304.4200134277344,304.5,301.5,301.8800048828125,300.0082092285156,26285300,64.86256535654041,5.361729352376926,5.330655906586712,35.7800848671612,36.97864992818687,293.04331665039064,283.0035870361328,23639840.0,4930969.182895698
2021-09-01,302.8699951171875,305.19000244140625,301.489990234375,301.8299865722656,299.95849609375,18983800,64.75022345688157,5.186802180337168,5.301885161336803,34.84150721782998,36.67334382632641,293.83176879882814,283.73556640625,23356920.0,3580575.4787818673
2021-09-02,302.20001220703125,303.3599853515625,300.17999267578125,301.1499938964844,299.28271484375,16285600,63.148920618471884,4.936397787190572,5.228787686507557,33.60750832889032,36.23536732622432,294.4371536254883,284.4587921142578,22000430.0,3114603.417924887
2021-09-03,300.989990234375,302.6000061035156,300.260009765625,301.1400146484375,299.2727966308594,14747900,63.124248485966845,4.683160687040015,5.119662286614049,32.59214050815319,35.714906351737106,295.0450164794922,285.1536486816406,19393460.0,2880639.224692632
2021-09-07,301.010009765625,301.0899963378906,298.20001220703125,300.17999267578125,298.3187255859375,17180400,60.66856429964954,4.354803375642973,4.966690504419834,31.059810337897765,35.04989263495187,295.66121978759764,285.8625537109375,18828480.0,3459124.3373653432
2021-09-08,299.7799987792969,300.6099853515625,297.4700012207031,300.2099914550781,298.3485107421875,15046800,60.71998701535178,4.050309038151738,4.783414211166215,29.794676253277387,34.29914743706422,296.37264556884764,286.49865356445315,18515580.0,3145619.286925924
2021-09-09,300.82000732421875,302.1400146484375,297.0,297.25,295.40692138671875,19927000,53.313324868823656,3.5294634112683525,4.532624051186643,26.55018398426634,33.19215265745411,296.9116958618164,287.02275634765624,18507670.0,4396349.614476211
2021-09-10,298.4200134277344,299.9200134277344,295.3800048828125,295.7099914550781,293.8764343261719,19633400,49.902712416275925,2.958322158534429,4.2177636726562,22.76015363428495,31.701867081978325,297.2323822021484,287.5261676025391,18704400.0,4654931.267790917
2021-09-13,297.54998779296875,298.5400085449219,294.0799865722656,296.989990234375,295.1484680175781,23652900,52.616021307614,2.579241776029164,3.8900592933307925,20.242809259558424,30.064858820938397,297.46590118408204,288.0411328125,18809120.0,6080344.338337228
2021-09-14,299.55999755859375,301.3900146484375,298.1000061035156,299.7900085449219,297.93115234375,21853400,57.977700646626,2.4762114187890347,3.6072897184224413,19.53087137067421,28.560003470353646,297.7517623901367,288.4917321777344,19359650.0,6058121.666356492
2021-09-15,303.260009765625,305.32000732421875,301.82000732421875,304.82000732421875,302.9299621582031,28356300,65.52462508911043,2.7685237031632255,3.439536515370598,21.351448538428063,27.530209908329137,298.36295013427736,289.04210876464845,19566750.0,8244221.241228691
2021-09-16,303.760009765625,305.30999755859375,300.760009765625,305.2200012207031,303.3274841308594,19550800,66.04682968525921,2.9979014747572705,3.3512095072479324,22.957202167993838,26.87692308810677,299.0829574584961,289.5554040527344,19623450.0,5833953.370481881
2021-09-17,304.1700134277344,304.5,299.5299987792969,299.8699951171875,298.0106506347656,41372500,54.2175751076045,2.716668575638721,3.2243013209260907,20.41489224152302,25.953775824097775,299.23699645996095,290.01215576171876,22132140.0,12831462.038453931
2021-09-20,296.3299865722656,298.7200012207031,289.5199890136719,294.29998779296875,292.47515869140625,38278700,45.15072731481397,2.0210395504891494,2.983648966838703,14.797978495444362,24.360090491120314,298.73711547851565,290.34788208007814,24485220.0,12829491.815371912
2021-09-21,295.69000244140625,297.5400085449219,294.07000732421875,294.79998779296875,292.9720764160156,22364100,46.02333929284493,1.4928852748842587,2.6854962284478145,10.832382028833951,22.427560710468683,298.24766998291017,290.7058465576172,25003590.0,8327734.6522010155
2021-09-22,296.7300109863281,300.2200012207031,294.510009765625,298.5799865722656,296.7286376953125,26626300,52.212994438659,1.363614387350765,2.421119860228405,9.619934149882388,20.59789977297832,298.0469223022461,291.06633544921874,26161540.0,10997514.18233714
2021-09-23,298.8500061035156,300.8999938964844,297.5299987792969,299.55999755859375,297.70257568359375,18604600,53.69553729757281,1.3249714705722795,2.20189018229718,9.160108872709802,18.963929644166637,297.92518157958983,291.41594970703125,26029300.0,8449376.880635463
2021-09-24,298.2300109863281,299.79998779296875,296.92999267578125,299.3500061035156,297.493896484375,14999000,53.31386296658076,1.2628448456430874,2.0140811149663618,8.681871110311441,17.495064139174616,297.93810119628904,291.79075134277343,25565860.0,7447068.486241432
2021-09-27,296.1400146484375,296.4700012207031,292.94000244140625,294.1700134277344,292.34600830078125,23571700,44.84572350642481,0.7865602067927853,1.7685769333316463,5.41875030699191,15.76987644870619,297.6623229980469,292.0681494140625,25557740.0,13328060.29285682
2021-09-28,289.79998779296875,290.7799987792969,282.75,283.5199890136719,281.76202392578125,43186200,33.17764093011911,-0.4451350392324116,1.3258345388188346,-2.4404563298418704,13.16840033728262,296.6650451660156,292.20806213378904,27691020.0,32572842.79113283
2021-09-29,285.1000061035156,286.7699890136719,283.010009765625,284.0,282.23907470703125,26353700,34.011005869031166,-1.3667742114243424,0.7873127887701992,-7.901016664326639,10.15848362256627,295.7765884399414,292.31169067382814,27490760.0,33472973.35429428
2021-09-30,285.7099914550781,287.8299865722656,281.6199951171875,281.9200134277344,280.1719665527344,32343600,32.140495881343924,-2.239205178259283,0.18200919536430263,-12.858211600364665,6.870384304816739,294.7872619628906,292.33271423339846,28770040.0,177703109.64378634
2021-10-01,282.1199951171875,289.9800109863281,281.2900085449219,289.1000061035156,287.30743408203125,30086300,43.65937826238786,-2.3244530077237755,-0.31928324525331314,-12.964083419005442,4.036888915560444,294.18849792480466,292.4024139404297,27641420.0,-94230751.05657396
2021-10-04,287.3999938964844,287.75,280.25,283.1099853515625,281.35455322265625,31350700,37.8821065620652,-2.8425893378865226,-0.8239444637799552,-15.23625383353795,1.2835828084307501,293.2925857543945,292.28302795410156,26948620.0,-38049530.49405111
2021-10-05,284.04998779296875,290.3999938964844,284.04998779296875,288.760009765625,286.96954345703125,24993000,45.242417965390814,-2.765428395182255,-1.2122412500604154,-14.2593164627355,-0.9368313732443623,292.7251266479492,292.2882421875,27211510.0,-20617183.253543306
2021-10-06,285.7799987792969,293.6300048828125,285.510009765625,293.1099853515625,291.29254150390625,28002600,50.14073119573381,-2.326453333895188,-1.43508366682737,-11.636861609398483,-2.4654071213135462,292.37232818603513,292.42970886230466,27349140.0,-19512869.282323528
2021-10-07,295.17999267578125,296.6400146484375,293.9200134277344,294.8500061035156,293.0217590332031,20430500,51.9907637872074,-1.8172096865949356,-1.5115088707808835,-8.97346976868809,-3.395130356677357,292.25307006835936,292.61210876464844,27531730.0,-13516625.93249955
2021-10-08,296.2200012207031,296.6400146484375,293.760009765625,294.8500061035156,293.0217590332031,17685700,51.9907637872074,-1.3975206793056145,-1.4887112324858298,-6.945493598837194,-3.902325105568832,292.21033630371096,292.78895385742186,27800400.0,-11879872.747697791
2021-10-11,292.9200134277344,297.9700012207031,292.75,294.2300109863281,292.4056396484375,19298600,51.20561089650321,-1.1022366303946,-1.411416312067584,-5.571352601983622,-4.140757605061292,292.0731948852539,292.9850189208984,27373090.0,-13673215.928565739
2021-10-12,295.3399963378906,295.44000244140625,292.3500061035156,292.8800048828125,291.0639953613281,17974100,49.45429613763321,-0.9660203943451506,-1.3223371285230974,-4.952760618030292,-4.256758035487367,291.72983703613284,293.1560357666016,24851880.0,-13592675.885970969
2021-10-13,294.9100036621094,297.2799987792969,293.489990234375,296.30999755859375,294.47271728515625,23416300,53.779653518464706,-0.5746719093563115,-1.1728040846897403,-3.1106912922729495,-4.093034215025828,291.30697479248045,293.34960021972654,24558140.0,-19966079.847167883
2021-10-14,299.2099914550781,303.2699890136719,297.8299865722656,302.75,300.872802734375,27262900,60.597390669227785,0.25222139200531046,-0.8877989893507301,0.7964218657341041,-3.394540489194433,291.1842407226562,293.6832672119141,24050070.0,-30708415.22351591
2021-10-15,302.3399963378906,304.45001220703125,300.5199890136719,304.2099914550781,302.32373046875,25384800,61.96706057580648,1.013664480117768,-0.5075062954570304,4.382138455861408,-2.2835863541748034,291.39989471435547,293.98624145507813,23579920.0,-50018689.87091074
2021-10-18,303.57000732421875,308.2099914550781,302.69000244140625,307.2900085449219,305.3846740722656,22729300,64.75079472182995,1.8443842881686123,-0.0371281787319017,8.289729754010345,-0.7731126244204887,292.0453704833984,294.3516241455078,22717780.0,-612184620.3156276
2021-10-19,308.3500061035156,309.29998779296875,307.2200012207031,308.2300109863281,306.3188171386719,17682100,65.57883966613258,2.549200450564001,0.4801375471272791,11.710187920197459,1.0102160248243885,292.71270751953125,294.7581072998047,21986690.0,36827155.27205514
2021-10-20,309.2099914550781,309.70001220703125,306.1099853515625,307.4100036621094,305.50390625,16537100,64.16284497358674,3.0069424473337563,0.9854985271685747,14.12174034424556,2.883290927611213,293.15147094726564,295.18578552246095,20840140.0,16780441.11086859
2021-10-21,307.1700134277344,311.0199890136719,306.3599853515625,310.760009765625,308.8331298828125,16918100,67.27191851830888,3.5985419783394264,1.5081072174027452,17.15837397203106,4.922588505397022,293.70799865722654,295.6699298095703,20488900.0,11218101.607613992
2021-10-22,310.3999938964844,311.0899963378906,307.79998779296875,309.1600036621094,307.2430725097656,17449300,64.39827793445927,3.8934010606850507,1.9851659860592066,18.891828552605322,6.918194226436464,294.1954574584961,296.065537109375,20465260.0,8789844.336714111
2021-10-25,309.3599853515625,309.3999938964844,306.4599914550781,308.1300048828125,306.21942138671875,17554500,62.54603406469409,3.9978816329889355,2.387709115445153,19.82582714934222,8.76214178685924,294.88912811279295,296.38036376953124,20290850.0,7352026.210582701
2021-10-26,311.0,312.3999938964844,308.6000061035156,310.1099853515625,308.1871337890625,28107300,64.65083922246417,4.192126866355977,2.748592665627318,21.217626483042288,10.541496743463162,296.210383605957,296.6998278808594,21304170.0,10226069.636107758
2021-10-27,316.0,326.1000061035156,316.0,323.1700134277344,321.1661682128906,52588700,74.73602095160233,5.338365260983267,3.266547184698508,26.26901115918445,12.788284517144497,298.15673828125,297.30902709960935,24221410.0,16099170.477726856
2021-10-28,324.3299865722656,324.8699951171875,321.3599853515625,324.3500061035156,322.3388671875,26297900,75.41841371133235,6.269709671774308,3.867179682113669,30.43244525851283,15.308878908775148,300.2650833129883,297.97725769042967,24124910.0,6800278.797913642
2021-10-29,324.1300048828125,332.0,323.8999938964844,331.6199951171875,329.56378173828125,34766000,79.15426074302461,7.5078878666720925,4.595321319025354,35.45684181462534,18.187159323903064,302.3779006958008,298.66993591308596,25063030.0,7565521.012875266
2021-11-01,331.3599853515625,331.489990234375,326.3699951171875,329.3699951171875,327.3277282714844,27073200,75.3380947255813,8.21292335641499,5.3188417265032815,38.147746846156465,21.038671827087608,304.6765594482422,299.1670349121094,25497420.0,5090055.578284427
2021-11-02,330.30999755859375,333.45001220703125,330.0,333.1300048828125,331.064453125,26487100,77.30704668765091,8.971650793387766,6.0494035398801795,41.029773590545304,23.894543507586274,306.8813049316406,299.73310424804686,26377920.0,4378464.72389981
2021-11-03,333.8999938964844,334.8999938964844,330.6499938964844,334.0,331.92901611328125,21500100,77.74969317775748,9.533255644571454,6.746173960818435,43.44043168682784,26.686813247481872,308.9131286621094,300.3568127441406,26874220.0,3187006.4609765327
2021-11-04,332.8900146484375,336.5400085449219,329.510009765625,336.44000244140625,334.3539123535156,23992200,78.98763186480798,10.059262409400617,7.408791650534871,45.82097031549509,29.420264257201357,310.979736328125,301.04114318847655,27581630.0,3238341.8419207274
2021-11-05,338.510009765625,338.7900085449219,334.4200134277344,336.05999755859375,333.97625732421875,22570100,78.25738106606609,10.326426723118061,7.992318665051511,47.51844838766265,32.00571913298423,313.02746124267577,301.7759582519531,28093710.0,2823973.986259285
2021-11-08,337.29998779296875,337.6499938964844,334.44000244140625,336.989990234375,334.9004821777344,20897000,78.77456448399184,10.492250860613751,8.49230510416396,49.06807028130245,34.44319786846043,315.15220336914064,302.5167364501953,28427960.0,2460698.2136986284
2021-11-09,337.1099853515625,338.7200012207031,334.5299987792969,335.95001220703125,333.8669738769531,21307400,76.58083951065815,10.419639039581227,8.877771891247413,49.764416250987594,36.63194335168026,317.2923522949219,303.15992431640626,27747970.0,2400084.194662283
2021-11-10,334.57000732421875,334.6300048828125,329.9200134277344,330.79998779296875,328.7488708496094,25500900,66.67822235639255,9.833178972925168,9.068853307582964,47.470341469393176,38.18028593992597,319.0061599731445,303.73473754882815,25039190.0,2811921.1034847484
2021-11-11,331.25,333.7699890136719,330.510009765625,332.42999267578125,330.3687744140625,16849800,68.0848869436445,9.391671565796855,9.133416959225743,45.9439137617082,39.28937562875263,320.48095855712893,304.3429431152344,24094380.0,1844851.7214556676
2021-11-12,333.9200134277344,337.2300109863281,333.7900085449219,336.7200012207031,334.6321716308594,23831000,71.49548109448799,9.280956495971452,9.162924866574885,45.591047043960806,40.18961440235423,322.09638061523435,305.04993225097655,23000880.0,2600807.0945700184
2021-11-15,337.5400085449219,337.8800048828125,334.0299987792969,336.07000732421875,333.9862060546875,16723000,70.27018636405973,9.036596670413019,9.137659227342512,44.94801263320508,40.86938557819035,323.52645721435545,305.74420043945315,21965860.0,1830118.587696941
2021-11-16,335.67999267578125,340.6700134277344,335.510009765625,339.510009765625,337.4048767089844,20886800,72.91572075342046,9.016581644162386,9.113443710706488,45.15483376130456,41.481592461492596,325.0807601928711,306.5259234619141,21405830.0,2291866.901582127
2021-11-17,338.94000244140625,342.19000244140625,338.0,339.1199951171875,337.6338806152344,19053400,72.13200945670181,8.867035009485903,9.06416197046237,45.10211463669865,41.99880991509362,326.6872589111328,307.311630859375,21161160.0,2102058.64172439
2021-11-18,338.17999267578125,342.45001220703125,337.1199951171875,341.2699890136719,339.7744445800781,22463500,73.80355525547249,8.820329489225458,9.015395474214989,45.524606759602364,42.502495178595,328.2343246459961,308.1989813232422,21008290.0,2491682.1524078506
2021-11-19,342.6400146484375,345.1000061035156,342.20001220703125,343.1099853515625,341.6063537597656,21963400,75.17586205969634,8.830000599494156,8.978316499270823,46.270702638498264,43.04081053000987,329.9524887084961,309.15357971191406,20947620.0,2446271.525601015
2021-11-22,344.6199951171875,349.6700134277344,339.54998779296875,339.8299865722656,338.3407287597656,31031100,68.30655900746828,8.47529857532487,8.877712914481632,44.934746464025224,43.31137280629783,331.5585540771484,310.0174249267578,21961030.0,3495393.4981813836
2021-11-23,337.04998779296875,339.45001220703125,333.55999755859375,337.67999267578125,336.2001647949219,30427600,64.16753590790216,7.929304049404777,8.688031141466261,42.58075034284184,43.206998168661244,332.9592056274414,310.7828051757813,22873050.0,3502243.431745434
2021-11-24,336.2799987792969,338.1600036621094,333.9100036621094,337.9100036621094,336.4291687011719,21661300,64.41595603577,7.4295165752157,8.43632822821615,40.71807251497251,42.85143736099137,333.7223556518555,311.4527893066406,22489090.0,2567621.7679098356
2021-11-26,334.3500061035156,337.92999267578125,328.1199951171875,329.67999267578125,328.2351989746094,24217200,50.835515541390244,6.29675325822933,8.008413234218786,34.443174559723545,41.65025696081011,334.0171722412109,311.9509436035156,23225830.0,3023969.8291945555
2021-11-29,334.94000244140625,339.0299987792969,334.739990234375,336.6300048828125,335.15478515625,28563500,58.74528502434225,5.891919675847248,7.585114522544478,31.47503326520508,40.19665357572353,334.2967224121094,312.69382629394534,23699080.0,3765730.8818612513
2021-11-30,335.32000732421875,337.7799987792969,328.989990234375,330.5899963378906,329.1412353515625,42885600,51.057387350292124,5.025773949531754,7.073246407941934,26.15007372047891,38.189999310688414,334.3873977661133,313.4271478271484,26315340.0,6063071.682593651
2021-12-01,335.1300048828125,339.2799987792969,329.3900146484375,330.0799865722656,328.6334533691406,33337600,50.456931559493164,4.249211431801768,6.5084394127139005,21.883674075656685,35.86052427711228,334.26584777832034,314.14037536621095,27560420.0,5122211.007277216
2021-12-02,330.29998779296875,333.489990234375,327.79998779296875,329.489990234375,328.0460510253906,30766000,49.72834366495535,3.5453042087431186,5.915812371919745,18.295941242445817,33.35129812930263,334.07169952392576,314.7667236328125,28731680.0,5200638.232888394
2021-12-03,331.989990234375,332.70001220703125,318.0299987792969,323.010009765625,321.5944519042969,41779300,42.474068251946115,2.4364861074577107,5.2199471190273385,12.621798045422347,30.389940974462423,333.43372650146483,315.24456115722654,30663260.0,8003778.399920834
2021-12-06,323.95001220703125,327.45001220703125,319.2300109863281,326.19000244140625,324.7605285644531,30032600,46.59159791442446,1.7936623793208355,4.534690171086038,9.300169991594133,27.37711654833824,332.9729400634766,315.78989379882813,31470180.0,6622855.998297967
2021-12-07,331.6400146484375,335.79998779296875,330.1000061035156,334.9200134277344,333.4522705078125,31021900,55.91965887224975,1.9659960821825848,4.020951353305348,9.642909550165673,24.843658405742058,332.9005294799805,316.61201904296877,31469260.0,7715064.73822396
2021-12-08,335.30999755859375,335.5,330.79998779296875,334.9700012207031,333.5020751953125,24761000,55.967082318388385,2.082598481389766,3.6332807789222312,9.918013620081625,22.711423436361923,332.8822845458984,317.6468200683594,30902600.0,6815052.704884826
2021-12-09,334.4100036621094,336.489990234375,332.1199951171875,333.1000061035156,331.6402587890625,22214200,53.64212322549511,2.0010469233783965,3.3068340078134644,9.40553840456587,20.81058271753386,333.02685394287107,318.63484375,30957890.0,6717664.0700778365
2021-12-10,334.9800109863281,343.0,334.7900085449219,342.5400085449219,341.03887939453125,38095700,62.18273664604342,2.667397919045129,3.178946790059798,11.95219470819207,19.545098716199288,333.5603591918945,319.85218200683596,32345740.0,11983748.869003057
2021-12-13,340.67999267578125,343.7900085449219,339.0799865722656,339.3999938964844,337.9126281738281,28899400,58.33305762827709,2.9085845936185137,3.1248743507715413,12.689764506704499,18.56576525770001,333.724382019043,320.8642858886719,32379330.0,9248179.848532038
2021-12-14,333.2200012207031,334.6400146484375,324.1099853515625,328.3399963378906,326.9010925292969,44438700,47.23955838566198,2.1821232494693277,2.9363241305110988,9.214335482184058,17.229846718340564,333.37012634277346,321.7752166748047,32534640.0,15134126.215236656
2021-12-15,328.6099853515625,335.19000244140625,324.5,334.6499938964844,333.1834411621094,35381100,52.75941648788484,2.0914525017951178,2.767349804767903,8.45755795085091,15.976662608699165,333.1590545654297,322.6994946289062,32738990.0,12785192.511276111
2021-12-16,335.7099914550781,336.760009765625,323.0199890136719,324.8999938964844,323.4761657714844,35034800,44.936344298675124,1.2188021782679925,2.457640279467921,4.791704707360843,14.378811479936525,332.4511688232422,323.3431671142578,33165870.0,14255462.971002834
2021-12-17,320.8800048828125,324.9200134277344,317.25,323.79998779296875,322.3809814453125,47750300,44.14110880621208,0.43346252485167724,2.052804728544672,1.783522258453741,12.579484448296107,331.5814956665039,323.9303515625,33762970.0,23261004.48621452
2021-12-20,320.04998779296875,322.79998779296875,317.57000732421875,319.9100036621094,318.5080261230469,28326500,41.35400580440514,-0.49708394161365277,1.542826994513007,-1.579821225545558,10.556726494890134,330.426579284668,324.44007690429686,33592360.0,18360127.286300983
2021-12-21,323.2900085449219,327.7300109863281,319.79998779296875,327.2900085449219,325.855712890625,24740600,48.05510649839271,-0.6317614544711887,1.1079093047161679,-2.0698936785307414,8.75292361297285,329.8023284912109,325.1090783691406,32964230.0,22330889.265649974
2021-12-22,328.29998779296875,333.6099853515625,325.75,333.20001220703125,331.73980712890625,24831500,52.71471653382841,-0.25862518266205825,0.8346024072405226,-0.8389363096729403,7.382657909737728,329.57931060791014,325.9225946044922,32971280.0,29752490.269110683
2021-12-23,332.75,336.3900146484375,332.7300109863281,334.69000244140625,333.2232666015625,19617800,53.838965761091586,0.15552496497213042,0.6987869187868442,0.4901049711328016,6.398007489937018,329.4190155029297,326.69760559082033,32711640.0,28074080.198951397
2021-12-27,335.4599914550781,342.4800109863281,335.42999267578125,342.45001220703125,340.94927978515625,19947000,59.270353094487035,1.0972613271730438,0.7784818004640842,3.4874854347983515,5.982218624917206,330.05471954345705,327.49913513183594,30896770.0,25622949.679888204
2021-12-28,343.1499938964844,343.80999755859375,340.32000732421875,341.25,339.7545166015625,15661500,58.13127584273023,1.726857089651844,0.9681568583016364,5.479818053797242,5.91044711475721,330.28470611572266,328.2477508544922,29572980.0,16176614.218767991
2021-12-29,341.29998779296875,344.29998779296875,339.67999267578125,341.95001220703125,340.45147705078125,15042000,58.63073286604705,2.256292269212736,1.2257839404838564,7.218787210944491,6.097352842783965,330.85021820068357,328.9490869140625,26633310.0,12271330.618071597
2021-12-30,341.9100036621094,343.1300048828125,338.82000732421875,339.32000732421875,337.8329772949219,15994500,55.93114342947561,2.4355782203519425,1.4677427964574739,7.883854444046638,6.352567357250062,331.31019439697263,329.5793701171875,24694650.0,10897345.255997257
2021-12-31,338.510009765625,339.3599853515625,335.8500061035156,336.32000732421875,334.84613037109375,18000800,52.936944498371716,2.3089723057328797,1.6359886983125553,7.578782918846705,6.527741008906727,331.6501983642578,330.16621459960936,22991250.0,11003009.995464498
2022-01-03,335.3500061035156,338.0,329.7799987792969,334.75,333.2829895019531,28865100,51.38655241721094,2.058223813761572,1.7204357214023587,6.887432949619578,6.579125571865705,332.2346252441406,330.6552117919922,21102730.0,16777784.627996173
2022-01-04,334.8299865722656,335.20001220703125,326.1199951171875,329.010009765625,327.56817626953125,32674300,46.073676223646586,1.3804219430275566,1.6524329657273984,4.7029885056511285,6.311105990977908,332.37500762939453,331.0617138671875,21537510.0,19773449.62106637
2022-01-05,325.8599853515625,326.07000732421875,315.9800109863281,316.3800048828125,314.9935302734375,40054300,37.007116782040896,-0.1738724670970555,1.2871718791625077,-0.4549540769640045,5.344525981271919,331.45207061767576,331.23719604492186,23068880.0,31118066.396898866
2022-01-06,313.1499938964844,318.70001220703125,311.489990234375,313.8800048828125,312.50445556640625,39646100,35.51724105873326,-1.5890732440792021,0.7119228545141657,-5.077032123548517,3.855731966297569,330.40218963623045,331.32354248046875,24550340.0,55688758.61845383
2022-01-07,314.1499938964844,316.5,310.0899963378906,314.0400085449219,312.66375732421875,32720000,35.69567586286139,-2.666975859893455,0.0361431116326414,-8.673036080729839,2.0659079595793663,329.45336456298827,331.1534942626953,25860560.0,905290068.341821
2022-01-10,309.489990234375,314.7200012207031,304.69000244140625,314.2699890136719,312.89276123046875,44289500,35.96993783626195,-3.462747548743039,-0.6636350204424949,-11.502242328186647,0.12760077561279165,328.04605865478516,330.9645721435547,28294810.0,-66737737.81629079
2022-01-11,313.3800048828125,316.6099853515625,309.8900146484375,314.9800109863281,313.59967041015625,29386800,36.86521933946616,-3.990113956248763,-1.3289308076037487,-13.604863633859884,-1.8341798543118775,326.8304107666016,330.64528991699217,29667340.0,-22113115.16886916
2022-01-12,319.6700134277344,323.4100036621094,317.0799865722656,318.2699890136719,316.8752136230469,34372200,40.982960118073976,-4.095372992258717,-1.8822192445347425,-14.312652465384183,-3.616818798750779,326.32911682128906,330.4362396240234,31600360.0,-18261528.299534686
2022-01-13,320.4700012207031,320.8800048828125,304.0,304.79998779296875,303.4642639160156,45366000,31.829595413805023,-5.205699990681012,-2.546915393763997,-17.99523039435599,-5.670877598122953,324.84315795898436,329.88423583984377,34537510.0,-17812134.675174735
2022-01-14,304.25,310.82000732421875,303.75,310.20001220703125,308.8406066894531,39846400,37.82484277960882,-5.5855189116022075,-3.154636097331639,-19.14120433163746,-7.595209988625026,324.1113800048828,329.4224676513672,36722070.0,-12631060.689917365
2022-01-18,304.07000732421875,309.79998779296875,301.739990234375,302.6499938964844,301.32366943359375,42333200,33.401827594162626,-6.421725863102779,-3.8080540504858673,-21.619690155950895,-9.598707155385863,323.0585144042969,328.76186279296877,38068880.0,-11116753.974276897
2022-01-19,306.2900085449219,313.9100036621094,302.70001220703125,303.3299865722656,302.0007019042969,45933900,34.1487002569673,-6.949447268529752,-4.436332694094645,-23.31874002663243,-11.55871185127823,322.2331481933594,328.12235168457033,39394840.0,-10354025.084986119
2022-01-20,309.07000732421875,311.6499938964844,301.1400146484375,301.6000061035156,300.2782897949219,35380700,33.1307258682057,-7.4217123695910345,-5.033408629193923,-25.00530935829349,-13.47965435228041,320.9542770385742,327.4299078369141,38927480.0,-7029172.99318614
2022-01-21,302.69000244140625,304.1099853515625,295.6099853515625,296.0299987792969,294.7326965332031,57984400,30.027061461552194,-8.151473788957333,-5.657021661146605,-27.429361285507696,-15.472469628455737,319.1039215087891,326.64722229003905,40761310.0,-10249987.267725488
2022-01-24,292.20001220703125,297.1099853515625,276.04998779296875,296.3699951171875,295.0711975097656,85731500,30.455324747126653,-8.603207685569089,-6.246258866031103,-29.24675676400045,-17.440224933533553,317.1963180541992,325.9736688232422,46062460.0,-13725255.683242941
2022-01-25,291.5199890136719,294.989990234375,285.1700134277344,288.489990234375,287.2257385253906,72848600,26.419419726631432,-9.487692378763882,-6.89454556857766,-32.15543999140862,-19.54239851322999,314.51014099121096,325.1108081054688,48918370.0,-10566120.605832562
2022-01-26,307.989990234375,308.5,293.0299987792969,296.7099914550781,295.40972900390625,90428900,35.95396584604586,-9.416816273758627,-7.398999709613855,-31.608486543321625,-21.266125374671653,312.29290161132815,324.3263592529297,55022580.0,-12221773.692260273
2022-01-27,302.6600036621094,307.29998779296875,297.92999267578125,299.8399963378906,298.5259704589844,53481300,39.1854506966946,-9.004285417295705,-7.720056851150225,-30.1250148464013,-22.531681013490175,310.1966262817383,323.6171545410156,56933490.0,-6927578.518030178
2022-01-28,300.2300109863281,308.4800109863281,294.45001220703125,308.260009765625,306.9090881347656,49743700,46.941137601222366,-7.906782559788667,-7.757401992877914,-26.205974471041955,-23.056580078854715,308.65043182373046,323.0072387695312,57371260.0,-6412417.462143871
2022-01-31,308.95001220703125,312.3800048828125,306.3699951171875,310.9800109863281,309.6171875,46444500,49.19516315384036,-6.739829710281867,-7.5538875363587055,-22.319327132886624,-22.9512582294307,307.3889846801758,322.44690490722655,58031070.0,-6148423.54700825
2022-02-01,310.4100036621094,310.6300048828125,305.1300048828125,308.760009765625,307.40692138671875,40950400,47.424356500199046,-5.925837350397899,-7.228277499166545,-19.706157297196164,-22.487672381968626,306.0951812744141,321.7995544433594,57892790.0,-5665305.462431648
2022-02-02,309.6300048828125,315.1199951171875,308.8800048828125,313.4599914550781,312.0863037109375,36636000,51.41190728776305,-4.845635824500221,-6.75174916423328,-16.23776729469571,-21.594828798072495,305.3210876464844,321.2091534423828,56963000.0,-5426149.447920187
2022-02-03,309.489990234375,311.2300109863281,299.9599914550781,301.25,299.9298095703125,43730000,42.41240643353967,-4.918119578399114,-6.385023247066447,-16.060134776634218,-20.80415822358131,304.5679016113281,320.44093505859377,57797930.0,-6848839.590379164
2022-02-04,300.2099914550781,308.79998779296875,299.9700012207031,305.94000244140625,304.5992736816406,35096500,46.30075574141419,-4.5447306488263735,-6.016964727418433,-14.613267532928178,-19.91974526777372,304.17264251708986,319.8089172363281,55509140.0,-5832924.338091988
2022-02-07,306.1700134277344,307.8399963378906,299.8999938964844,300.95001220703125,299.6311340332031,28533300,42.97590123972696,-4.598459561254458,-5.733263694185639,-14.515311795731698,-19.147683343196288,303.52101135253906,319.07295654296877,49789320.0,-4976798.822097945
2022-02-08,301.25,305.55999755859375,299.95001220703125,304.55999755859375,303.2253112792969,32421200,45.99718417657114,-4.30017472614162,-5.4466459005768355,-13.465656066451196,-18.335965160804133,303.03763885498046,318.5727587890625,45746580.0,-5952507.394792524
2022-02-09,309.8699951171875,311.92999267578125,307.3900146484375,311.2099914550781,309.8461608886719,31284700,51.13342479408647,-3.4869870977053097,-5.054714140002531,-10.893969801473641,-17.27282296661406,302.84996337890624,318.06658630371095,39832160.0,-6189212.512022358
2022-02-10,304.0400085449219,309.1199951171875,300.70001220703125,302.3800048828125,301.05487060546875,45386200,45.011649756008104,-3.5145229316436826,-4.7466758983307615,-10.71806324047064,-16.336428720022145,302.05894622802737,317.5048590087891,39022650.0,-9561680.84194683
2022-02-11,303.19000244140625,304.2900085449219,294.2200012207031,295.0400085449219,293.7470397949219,39175600,40.65450810905674,-4.081571820501608,-4.613655082764931,-12.053195530633358,-15.724538264395177,301.57308502197264,316.8071307373047,37965840.0,-8491228.602317262
2022-02-14,293.7699890136719,296.760009765625,291.3500061035156,295.0,293.70721435546875,36359500,40.63142042611595,-4.4825188188198695,-4.587427829975919,-13.091653022376192,-15.348411801249608,300.81641540527346,316.12035400390624,36957340.0,-7925901.256127415
2022-02-15,300.010009765625,300.79998779296875,297.0199890136719,300.4700012207031,299.1532287597656,27058300,45.21254513747427,-4.309214873322901,-4.531785238645315,-12.531951960758406,-14.94606039546515,300.70789337158203,315.6715295410156,35568130.0,-5970781.618082265
2022-02-16,298.3699951171875,300.8699951171875,293.67999267578125,299.5,298.8040466308594,29982100,44.555960365163045,-4.201706581772953,-4.465769507270843,-12.27840914713928,-14.564967359990025,300.54806060791014,315.15239990234375,34902740.0,-6713758.950430674
2022-02-17,296.3599853515625,296.79998779296875,290.0,290.7300109863281,290.054443359375,32461600,39.03630451943452,-4.769194005735585,-4.526454406963792,-13.786310485673628,-14.453730663659112,300.0368682861328,314.284443359375,33775900.0,-7171529.210602224
2022-02-18,293.04998779296875,293.8599853515625,286.30999755859375,287.92999267578125,287.26092529296875,34264000,37.441505360212155,-5.382820154569515,-4.697727556484937,-15.511888035194266,-14.604896002449847,299.6632797241211,313.3596203613281,33692650.0,-7293739.278835054
2022-02-22,285.0,291.5400085449219,284.5,287.7200012207031,287.0514221191406,41736100,37.318369260511496,-5.8189901575622685,-4.921980076700404,-16.93435722872085,-14.937676177631419,299.26229095458984,312.4678436279297,35012930.0,-8479534.526677532
2022-02-23,290.17999267578125,291.70001220703125,280.1000061035156,280.2699890136719,279.6187438964844,37811200,33.152646701578945,-6.688708482185234,-5.27532575779737,-19.473096768489924,-15.58559340489692,298.8819412231445,311.23944091796875,35551930.0,-7167557.367260572
2022-02-24,272.510009765625,295.1600036621094,271.5199890136719,294.5899963378906,293.90545654296875,56989700,45.69967910808177,-6.151550363508477,-5.4505706789395925,-17.661672449997372,-15.882176125625557,298.80672760009764,310.3592974853516,38122430.0,-10455730.850386355
2022-02-25,295.1400146484375,297.6300048828125,291.6499938964844,297.30999755859375,296.619140625,32546700,47.70741888765799,-5.443616693263834,-5.449179881804441,-15.565720763303567,-15.836968216722417,298.7113861083984,309.75365844726565,36838480.0,-5972770.34452063
2022-02-28,294.30999755859375,299.1400146484375,293.0,298.7900085449219,298.095703125,34627500,48.816380581582955,-4.708868734003261,-5.301117652244206,-13.547174950308937,-15.509854892949063,298.27071685791014,309.0519036865234,36383670.0,-6532113.088518342
2022-03-01,296.3999938964844,299.9700012207031,292.1499938964844,294.95001220703125,294.2646484375,31217800,46.085567585138605,-4.385873673350375,-5.11806885646544,-12.675896189653407,-15.105003649621112,297.50308990478516,308.46767333984377,35869500.0,-6099527.160632838
2022-03-02,295.3599853515625,301.4700012207031,293.70001220703125,300.19000244140625,299.4924621582031,31873000,50.1810520927778,-3.664828479863843,-4.827420781145121,-10.68177118548046,-14.473113297601019,297.10736694335935,308.00990295410156,36350970.0,-6602490.5316912
2022-03-03,302.8900146484375,303.1300048828125,294.04998779296875,295.9200134277344,295.2323913574219,27314500,47.04492270177336,-3.3987685090320383,-4.541690326722505,-9.94007977960511,-13.825537080744462,296.2646713256836,307.54439025878906,36084210.0,-6014170.503718913
2022-03-04,294.2900085449219,295.6600036621094,287.1700134277344,289.8599853515625,289.1864318847656,32356500,42.943071721449854,-3.6350056033227247,-4.3603533820425495,-10.558204295218141,-13.358775254240703,295.7275024414063,306.8110046386719,36073700.0,-7420614.148673204
2022-03-07,288.5299987792969,289.69000244140625,278.5299987792969,278.9100036621094,278.26190185546875,43157200,36.71401310310025,-4.652169893307189,-4.418716684295478,-13.177586669129873,-13.332891170653442,294.41063385009767,305.74144653320315,36963020.0,-9766908.150817776
2022-03-08,277.79998779296875,283.9599914550781,270.0,275.8500061035156,275.2090148925781,48159500,35.178345942216595,-5.640179670523651,-4.663009281541113,-15.786616316098742,-13.683423334288486,293.1895278930664,304.58116149902344,37605360.0,-10327987.162848495
2022-03-09,283.44000244140625,289.6000061035156,280.7799987792969,288.5,287.8296203613281,35204500,45.35430027793785,-5.34086953088314,-4.798581331409519,-14.685471964167785,-13.826573138556958,292.419743347168,303.5187683105469,37344690.0,-7336439.161625953
2022-03-10,283.0199890136719,286.6000061035156,280.5799865722656,285.5899963378906,284.9263610839844,30628000,43.656480213884116,-5.277639718935802,-4.894393008914776,-14.363289110927512,-13.903246848895607,291.1737533569336,302.4222052001953,34708520.0,-6257772.913661277
2022-03-11,287.9599914550781,289.510009765625,279.42999267578125,280.07000732421875,279.4192199707031,27209300,40.55514632766131,-5.608297654000694,-5.03717393793196,-15.096463293574313,-14.073706340992567,290.0919708251953,301.20156005859377,34174780.0,-5401699.511526285
2022-03-14,280.3399963378906,285.3999938964844,275.82000732421875,276.44000244140625,275.7976379394531,30660700,38.61255252981381,-6.093020953821224,-5.248343341109813,-16.306678857132354,-14.392702414726823,289.1945007324219,299.9608532714844,33778100.0,-5841976.792912428
2022-03-15,280.3500061035156,287.82000732421875,278.7300109863281,287.1499938964844,286.4827575683594,34245100,46.721339987812534,-5.548995492041058,-5.308473771296062,-14.704537458460404,-14.437250278117334,288.8332778930664,298.9935858154297,34080830.0,-6451025.563160892
2022-03-16,289.1099853515625,294.57000732421875,283.20001220703125,294.3900146484375,293.7059326171875,37826300,51.39534895397178,-4.48197678834174,-5.143174374705198,-11.803857797454542,-14.061051352308365,288.5609130859375,298.20204467773436,34676160.0,-7354660.224244909
2022-03-17,293.2900085449219,295.6099853515625,289.3699951171875,295.2200012207031,294.53399658203125,30816600,51.91612576615641,-3.528707059872886,-4.8202809117387355,-9.362219139635744,-13.389789607640846,288.34741058349607,297.5413610839844,35026370.0,-6393112.883722801
2022-03-18,295.3699951171875,301.0,292.7300109863281,300.42999267578125,299.73187255859375,43390600,55.16366595027094,-2.326018272687975,-4.321428383928583,-6.296466232929514,-12.3764576969678,288.831282043457,297.2361279296875,36129780.0,-10040800.435654538
2022-03-21,298.8900146484375,300.1400146484375,294.8999938964844,299.1600036621094,298.46484375,28351200,54.202665999133536,-1.4585430670310302,-3.7488513205490723,-4.09629429821968,-11.193577211432354,289.39147796630857,296.95533569335936,34649180.0,-7562636.545385205
2022-03-22,299.79998779296875,305.0,298.7699890136719,304.05999755859375,303.35345458984375,27599700,57.29395665171295,-0.37139297324688414,-3.0733596510886345,-1.2938512094883745,-9.779330639726071,290.2065795898437,296.76912963867187,32593200.0,-8980302.708869016
2022-03-23,300.510009765625,303.2300109863281,297.7200012207031,299.489990234375,298.7940673828125,25715400,53.65626312696334,0.12003620798213888,-2.43468047927448,0.03207009869726071,-8.377701962808453,291.1653457641602,296.4871557617187,31644290.0,-10562125.18188959
2022-03-24,299.1400146484375,304.20001220703125,298.32000732421875,304.1000061035156,303.39337158203125,24484500,56.64653910701359,0.8714416904216478,-1.7734560453352541,2.046867609335136,-6.888477738216513,291.6397415161133,296.28302978515626,31029940.0,-13806093.51125556
2022-03-25,305.2300109863281,305.5,299.2900085449219,303.67999267578125,302.9743347167969,22566500,56.29017149058008,1.416713385387311,-1.135422159190741,3.58902809577973,-5.391691190502764,291.95750122070314,296.00501220703126,30565660.0,-19874986.424506646
2022-03-28,304.3299865722656,310.79998779296875,304.3299865722656,310.70001220703125,309.9780578613281,29578200,60.736243824787664,2.3877772299501316,-0.43078228136256624,6.271632547812691,-3.725502085029128,292.5516189575195,296.1352880859375,30457410.0,-68661598.39825357
2022-03-29,313.9100036621094,315.82000732421875,309.04998779296875,315.4100036621094,314.6770935058594,30393400,63.42440499489576,3.497096913917119,0.354793557693371,9.372984425144946,-1.8542897264328317,293.5722412109375,296.2520178222656,30072240.0,85665027.84773612
2022-03-30,313.760009765625,315.95001220703125,311.5799865722656,313.8599853515625,313.13067626953125,28163600,61.92192296350078,4.202720881840605,1.1243790225228183,11.5165494135586,0.05583015070880139,294.25415191650393,296.4881579589844,29105970.0,25048137.181364432
2022-03-31,313.8999938964844,315.1400146484375,307.8900146484375,308.30999755859375,307.59356689453125,33422100,56.739003374130675,4.264931848942979,1.7524895878068505,11.902295126240938,1.748182290070535,294.87221069335936,296.6000152587891,29366520.0,19071211.739309687
2022-04-01,309.3699951171875,310.1300048828125,305.5400085449219,309.4200134277344,308.7010192871094,27110500,57.50510890885938,4.3536176976392085,2.2727152097733225,12.433520976970284,3.2746592453419274,295.8479400634766,296.76846984863283,27738510.0,11928683.313869301
2022-04-04,310.0899963378906,315.1099853515625,309.7099914550781,314.9700012207031,314.23809814453125,24289600,61.204427758766634,4.816221104476824,2.7814163887140233,13.960628759113082,4.801226318737806,297.64674987792966,297.15857788085935,27332350.0,8732816.883713769
2022-04-05,313.2699890136719,314.8699951171875,309.8699951171875,310.8800048828125,310.1576232910156,23156700,57.249212397587534,4.7975064463688,3.184634400244979,14.136503033467546,6.134837277984912,299.39418029785156,297.4603063964844,26888050.0,7271384.118132575
2022-04-06,305.19000244140625,307.0,296.7099914550781,299.5,298.8040466308594,40110400,47.961938846412025,3.8203648695111383,3.311780494098211,11.334230269859523,6.877607705395571,299.9429016113281,297.69187255859373,28327550.0,12111430.715737082
2022-04-07,296.6600036621094,303.6499938964844,296.3500061035156,301.3699951171875,300.6697082519531,31411200,49.414152316819155,3.1604345850846585,3.281511312295501,9.500814525947868,7.252351536903042,300.7300689697266,297.7970721435547,29020220.0,9572174.833682673
2022-04-08,300.44000244140625,301.1199951171875,296.2799987792969,296.9700012207031,296.2799377441406,24361900,46.15065326069024,2.256382175805811,3.0764854849975634,6.945641708349477,7.208535847109675,301.57310485839844,297.7521514892578,29199760.0,7918743.682946158
2022-04-11,291.7900085449219,292.6099853515625,285.0,285.260009765625,284.59716796875,34569300,38.805304445520775,0.5882348766850782,2.5788353633350667,2.1313138017989006,6.483218412065279,302.0130813598633,297.3059130859375,29698870.0,13405004.635617148
2022-04-12,289.239990234375,290.739990234375,280.489990234375,282.05999755859375,281.4045715332031,30966700,37.069002654622345,-0.9806932958513244,1.8669296314977883,-2.3318598577300746,5.223921516380229,301.7591720581055,296.74166076660157,29756200.0,16586966.89877713
2022-04-13,282.7300109863281,288.5799865722656,281.29998779296875,287.6199951171875,286.95166015625,21907200,41.93070453441622,-1.7552019643006815,1.1425033123380943,-4.555022805379196,3.826929470414597,301.4214584350586,296.3325555419922,29130560.0,19174736.531106994
2022-04-14,288.0899963378906,288.30999755859375,279.32000732421875,279.8299865722656,279.17974853515625,28221600,37.553271569038074,-2.963433631597354,0.32131592355100436,-7.912119196932949,2.1499225179363757,300.6537460327148,295.67442443847654,28610510.0,87831314.7014646
2022-04-18,278.9100036621094,282.4599914550781,278.3399963378906,280.5199890136719,279.8681335449219,20778000,38.16900250476639,-3.821239630517539,-0.5071951872627045,-10.37595103003779,0.36051201108292347,299.6605590820312,295.27319091796875,27977260.0,-40966477.05223181
2022-04-19,279.3800048828125,286.1700134277344,278.4100036621094,285.29998779296875,284.6370544433594,22297700,42.40565614019242,-4.068452523287249,-1.2194466544676137,-11.170003093268562,-1.28670443239586,298.9691696166992,294.87394653320314,27778070.0,-18285096.702106036
2022-04-20,289.3999938964844,289.70001220703125,285.3699951171875,286.3599853515625,285.694580078125,22906700,43.33293254314899,-4.131215497014296,-1.8018004229769502,-11.543675686197634,-2.7519860400818277,298.08622589111326,294.59521545410155,27753070.0,-12713228.228769839
2022-04-21,288.5799865722656,293.29998779296875,280.05999755859375,280.80999755859375,280.157470703125,29454600,39.72647175182777,-4.576043457095182,-2.3566490298005967,-12.938373394473457,-4.207184233566346,297.1543960571289,294.1338586425781,26687490.0,-12498509.378162367
2022-04-22,281.67999267578125,283.20001220703125,273.3800048828125,274.0299987792969,273.39324951171875,29405800,35.80597653709431,-5.413261351717267,-2.967971494183931,-15.366480183310177,-5.8013693692440365,295.6543899536133,293.40480041503906,26486950.0,-9907709.71271925
2022-04-25,273.2900085449219,281.1099853515625,270.7699890136719,280.7200012207031,280.06768798828125,35678900,41.89891153679442,-5.473836301165704,-3.469144455580286,-15.566583607205867,-7.1963999746671545,294.5090576171875,292.9850567626953,27618650.0,-10284639.47144339
2022-04-26,277.5,278.3599853515625,270.0,270.2200012207031,269.59210205078125,46518400,36.10643521393048,-6.296522243875813,-4.034620013239392,-17.66430803869265,-8.691815412385083,292.48975982666013,292.5019580078125,28813560.0,-11529809.46095353
2022-04-27,282.1000061035156,290.9700012207031,279.1600036621094,283.2200012207031,282.5618896484375,63477700,46.05095902264202,-5.832284481119245,-4.394152906815363,-15.997062120392583,-9.735422084957582,290.8839996337891,292.2790515136719,32064660.0,-14445946.99960159
2022-04-28,285.19000244140625,290.9800109863281,281.4599914550781,289.6300048828125,288.9570007324219,33646600,50.169310232519315,-4.890761332343288,-4.493474591920949,-13.20259648499512,-10.230732713534374,289.6753158569336,292.075126953125,33238600.0,-7487880.32773012
2022-04-29,288.6099853515625,289.8800048828125,276.5,277.5199890136719,276.8751220703125,37025000,43.42482448753669,-5.063406725764992,-4.607461018689757,-13.22763118150426,-10.658861066101503,288.13939361572267,291.63654846191406,34118940.0,-8035879.16421026
2022-05-02,277.7099914550781,284.94000244140625,276.2200012207031,284.4700012207031,283.8089904785156,35151100,47.76491286401438,-4.586550641697045,-4.6032789432912145,-11.709096578724854,-10.808894710761981,286.894792175293,291.5116394042969,35556250.0,-7636100.360858853
2022-05-03,283.9599914550781,284.1300048828125,280.1499938964844,281.7799987792969,281.125244140625,25978600,46.28490563756773,-4.375264153587295,-4.557675985350431,-11.01627815540615,-10.83852091713972,285.23914947509763,291.38892578125,35924340.0,-5699966.40469881
2022-05-04,282.5899963378906,290.8800048828125,276.7300109863281,289.9800109863281,289.3061828613281,33599300,51.24428037203825,-3.5057337187148505,-4.347287532023315,-8.766456893682886,-10.5425117709316,284.19657745361326,291.43402099609375,36993600.0,-7728796.347722188
2022-05-05,285.5400085449219,286.3500061035156,274.3399963378906,277.3500061035156,276.7055358886719,43260400,44.43869370062841,-3.7920480556159646,-4.2362396367418444,-9.182659803566574,-10.348247204165167,283.0916519165039,291.3757568359375,38374180.0,-10211981.311159305
2022-05-06,274.80999755859375,279.25,271.2699890136719,274.7300109863281,274.09161376953125,37748300,43.15823523651994,-4.182156641673714,-4.225423037728218,-9.930755310628001,-10.288605505088428,281.7627471923828,290.97947998046874,39208430.0,-8933614.377294451
2022-05-09,270.05999755859375,272.3599853515625,263.32000732421875,264.5799865722656,263.9651794433594,47726000,38.52677294114562,-5.249825924271363,-4.4303036150368476,-12.132517414428426,-10.552021492137,280.1470092773437,290.32640075683594,40413140.0,-10772625.117162101
2022-05-10,271.69000244140625,273.75,265.07000732421875,269.5,268.873779296875,39336400,41.78778542268285,-5.634012172251914,-4.671045326479861,-12.851243374280491,-10.88048176101464,279.36083984375,289.7419622802734,39694940.0,-8421326.973002044
2022-05-11,265.67999267578125,271.3599853515625,259.29998779296875,260.54998779296875,259.9445495605469,48975900,37.85392136864877,-6.584768614706775,-5.0537899841252445,-14.758783567367608,-11.43452487620792,278.2878387451172,289.05556030273436,38244760.0,-9690925.058983667
2022-05-12,257.69000244140625,259.8800048828125,250.02000427246094,255.35000610351562,254.75665283203125,51033800,35.748263479197135,-7.669436519323426,-5.576919291164882,-16.99554036906589,-12.228955660901917,276.67808837890624,288.1608441162109,39983480.0,-9150894.487723578
2022-05-13,257.3500061035156,263.0400085449219,255.35000610351562,261.1199951171875,260.51324462890625,34893400,39.75296774204744,-7.971562545847405,-6.055847942101387,-17.584704624289657,-12.994062655671595,275.74476318359376,287.4664611816406,39770320.0,-5761934.634688325
2022-05-16,259.9599914550781,265.82000732421875,255.77999877929688,261.5,260.8923645019531,32550900,40.018125591259235,-8.087113173744797,-6.46210098843007,-17.973797396706342,-13.705453332962273,274.7959747314453,286.90057983398435,39510300.0,-5037200.758434457
2022-05-17,266.1099853515625,268.3299865722656,262.4599914550781,266.82000732421875,266.20001220703125,28828800,43.75058082729592,-7.661095409924371,-6.701899872728931,-17.199831695157652,-14.204650241847329,273.8741226196289,286.65934204101563,39795320.0,-4301586.199058099
2022-05-18,263.0,263.6000061035156,252.77000427246094,254.0800018310547,254.0800018310547,31356000,37.70046907142959,-8.256311612538184,-7.012782220690782,-18.400730793845995,-14.80409032070428,272.2933937072754,286.2367617797852,39570990.0,-4471263.902575793
2022-05-19,253.89999389648438,257.6700134277344,251.8800048828125,253.13999938964844,253.13999938964844,32692300,37.29071401407126,-8.70354602173461,-7.350934980899548,-19.481980759421,-15.472360383378097,270.94252014160156,285.54296936035155,38514180.0,-4447366.230955206
2022-05-20,257.239990234375,258.5400085449219,246.44000244140625,252.55999755859375,252.55999755859375,39169300,37.023328365221296,-9.00102559356236,-7.680953103432111,-20.435075903809196,-16.181319743439683,269.90085754394534,284.89564208984376,38656280.0,-5099536.408118132
2022-05-23,255.49000549316406,261.5,253.44000244140625,260.6499938964844,260.6499938964844,33175379,43.146777629273714,-8.48616201070729,-7.841994884887147,-19.48632098450726,-16.65346277787791,268.92997283935546,284.5202575683594,37201217.9,-4230477.000684427
